{
  "attributes": {
    "controlGroupInput": {
      "chainingSystem": "HIERARCHICAL",
      "controlStyle": "oneLine",
      "ignoreParentSettingsJSON": "{\"ignoreFilters\":false,\"ignoreQuery\":false,\"ignoreTimerange\":false,\"ignoreValidations\":false}",
      "panelsJSON": "{\"8503caed-d26d-4b1a-82bc-f9efc5fa82ae\":{\"order\":0,\"width\":\"medium\",\"grow\":false,\"type\":\"optionsListControl\",\"explicitInput\":{\"fieldName\":\"host.hostname\",\"title\":\"Hostname\",\"singleSelect\":true,\"id\":\"8503caed-d26d-4b1a-82bc-f9efc5fa82ae\",\"enhancements\":{},\"selectedOptions\":[],\"existsSelected\":true}}}",
      "showApplySelections": false
    },
    "description": "Overview dashboard for Nginx Ingress Controller logs",
    "kibanaSavedObjectMeta": {
      "searchSourceJSON": "{\"filter\":[{\"$state\":{\"store\":\"appState\"},\"meta\":{\"alias\":null,\"disabled\":false,\"field\":\"data_stream.dataset\",\"indexRefName\":\"kibanaSavedObjectMeta.searchSourceJSON.filter[0].meta.index\",\"key\":\"data_stream.dataset\",\"negate\":false,\"params\":{\"query\":\"nginx_ingress_controller.access\"},\"type\":\"phrase\"},\"query\":{\"match_phrase\":{\"data_stream.dataset\":\"nginx_ingress_controller.access\"}}}],\"query\":{\"language\":\"kuery\",\"query\":\"\"}}"
    },
    "optionsJSON": "{\"hidePanelTitles\":false,\"syncColors\":false,\"syncCursor\":true,\"syncTooltips\":false,\"useMargins\":true}",
    "panelsJSON": "[{\"embeddableConfig\":{\"attributes\":{\"references\":[{\"id\":\"logs-*\",\"name\":\"indexpattern-datasource-layer-c05b5169-4825-4810-a75c-60318e276fbc\",\"type\":\"index-pattern\"},{\"id\":\"logs-*\",\"name\":\"a3242c13-26ee-4b4a-b1be-8fb80a17d15e\",\"type\":\"index-pattern\"}],\"state\":{\"adHocDataViews\":{},\"datasourceStates\":{\"formBased\":{\"layers\":{\"c05b5169-4825-4810-a75c-60318e276fbc\":{\"columnOrder\":[\"99984d79-d2e7-47bd-987b-47d2e446628f\",\"0085b21a-046a-45b9-9df5-7cda29b758c0\",\"04179554-166e-4ed0-ac92-6873f4430c09\"],\"columns\":{\"0085b21a-046a-45b9-9df5-7cda29b758c0\":{\"customLabel\":true,\"dataType\":\"string\",\"isBucketed\":true,\"label\":\"user_agent.version: Descending\",\"operationType\":\"terms\",\"params\":{\"exclude\":[],\"excludeIsRegex\":false,\"include\":[],\"includeIsRegex\":false,\"missingBucket\":false,\"orderBy\":{\"columnId\":\"04179554-166e-4ed0-ac92-6873f4430c09\",\"type\":\"column\"},\"orderDirection\":\"desc\",\"otherBucket\":false,\"parentFormat\":{\"id\":\"terms\"},\"size\":5},\"scale\":\"ordinal\",\"sourceField\":\"user_agent.version\"},\"04179554-166e-4ed0-ac92-6873f4430c09\":{\"customLabel\":true,\"dataType\":\"number\",\"isBucketed\":false,\"label\":\"Count\",\"operationType\":\"count\",\"params\":{\"emptyAsNull\":true},\"scale\":\"ratio\",\"sourceField\":\"___records___\"},\"99984d79-d2e7-47bd-987b-47d2e446628f\":{\"customLabel\":true,\"dataType\":\"string\",\"isBucketed\":true,\"label\":\"user_agent.name: Descending\",\"operationType\":\"terms\",\"params\":{\"exclude\":[],\"excludeIsRegex\":false,\"include\":[],\"includeIsRegex\":false,\"missingBucket\":false,\"orderBy\":{\"columnId\":\"04179554-166e-4ed0-ac92-6873f4430c09\",\"type\":\"column\"},\"orderDirection\":\"desc\",\"otherBucket\":false,\"parentFormat\":{\"id\":\"terms\"},\"size\":5},\"scale\":\"ordinal\",\"sourceField\":\"user_agent.name\"}},\"incompleteColumns\":{}}}},\"textBased\":{\"layers\":{}}},\"filters\":[{\"$state\":{\"store\":\"appState\"},\"meta\":{\"alias\":null,\"disabled\":false,\"index\":\"a3242c13-26ee-4b4a-b1be-8fb80a17d15e\",\"key\":\"data_stream.dataset\",\"negate\":false,\"params\":{\"query\":\"nginx_ingress_controller.access\"},\"type\":\"phrase\"},\"query\":{\"match_phrase\":{\"data_stream.dataset\":\"nginx_ingress_controller.access\"}}}],\"internalReferences\":[],\"query\":{\"language\":\"kuery\",\"query\":\"\"},\"visualization\":{\"layers\":[{\"categoryDisplay\":\"default\",\"emptySizeRatio\":0.3,\"layerId\":\"c05b5169-4825-4810-a75c-60318e276fbc\",\"layerType\":\"data\",\"legendDisplay\":\"show\",\"legendMaxLines\":1,\"legendPosition\":\"bottom\",\"legendSize\":\"auto\",\"metrics\":[\"04179554-166e-4ed0-ac92-6873f4430c09\"],\"nestedLegend\":false,\"numberDisplay\":\"percent\",\"percentDecimals\":2,\"primaryGroups\":[\"99984d79-d2e7-47bd-987b-47d2e446628f\",\"0085b21a-046a-45b9-9df5-7cda29b758c0\"],\"secondaryGroups\":[],\"showValuesInLegend\":true,\"truncateLegend\":true}],\"palette\":{\"name\":\"default\",\"type\":\"palette\"},\"shape\":\"donut\"}},\"title\":\"\",\"type\":\"lens\",\"visualizationType\":\"lnsPie\"},\"enhancements\":{}},\"gridData\":{\"h\":12,\"i\":\"0f14dc87-120d-4a37-9954-d41a5d625604\",\"w\":12,\"x\":36,\"y\":32},\"panelIndex\":\"0f14dc87-120d-4a37-9954-d41a5d625604\",\"title\":\"Browsers breakdown\",\"type\":\"lens\"},{\"embeddableConfig\":{\"attributes\":{\"references\":[{\"id\":\"logs-*\",\"name\":\"indexpattern-datasource-layer-dba8bc52-eda4-46e2-8bd0-5ca360683dc5\",\"type\":\"index-pattern\"},{\"id\":\"logs-*\",\"name\":\"d541cbbd-85b5-4ed6-abe2-e7448479e2b4\",\"type\":\"index-pattern\"}],\"state\":{\"adHocDataViews\":{},\"datasourceStates\":{\"formBased\":{\"layers\":{\"dba8bc52-eda4-46e2-8bd0-5ca360683dc5\":{\"columnOrder\":[\"adc58059-4e16-45ad-81f9-8b4e6695d0db\",\"9d6800c6-d70a-4ca5-be40-d8f675280b5d\",\"3650c887-8af7-427f-baf6-28c231f4f2b7\"],\"columns\":{\"3650c887-8af7-427f-baf6-28c231f4f2b7\":{\"customLabel\":true,\"dataType\":\"number\",\"isBucketed\":false,\"label\":\"Count\",\"operationType\":\"count\",\"params\":{\"emptyAsNull\":true},\"scale\":\"ratio\",\"sourceField\":\"___records___\"},\"9d6800c6-d70a-4ca5-be40-d8f675280b5d\":{\"customLabel\":true,\"dataType\":\"string\",\"isBucketed\":true,\"label\":\"user_agent.os.version: Descending\",\"operationType\":\"terms\",\"params\":{\"exclude\":[],\"excludeIsRegex\":false,\"include\":[],\"includeIsRegex\":false,\"missingBucket\":false,\"orderBy\":{\"columnId\":\"3650c887-8af7-427f-baf6-28c231f4f2b7\",\"type\":\"column\"},\"orderDirection\":\"desc\",\"otherBucket\":false,\"parentFormat\":{\"id\":\"terms\"},\"size\":5},\"scale\":\"ordinal\",\"sourceField\":\"user_agent.os.version\"},\"adc58059-4e16-45ad-81f9-8b4e6695d0db\":{\"customLabel\":true,\"dataType\":\"string\",\"isBucketed\":true,\"label\":\"user_agent.os.name: Descending\",\"operationType\":\"terms\",\"params\":{\"exclude\":[],\"excludeIsRegex\":false,\"include\":[],\"includeIsRegex\":false,\"missingBucket\":false,\"orderBy\":{\"columnId\":\"3650c887-8af7-427f-baf6-28c231f4f2b7\",\"type\":\"column\"},\"orderDirection\":\"desc\",\"otherBucket\":false,\"parentFormat\":{\"id\":\"terms\"},\"size\":5},\"scale\":\"ordinal\",\"sourceField\":\"user_agent.os.name\"}},\"incompleteColumns\":{}}}},\"textBased\":{\"layers\":{}}},\"filters\":[{\"$state\":{\"store\":\"appState\"},\"meta\":{\"alias\":null,\"disabled\":false,\"index\":\"ca550a5e-17a2-4a02-8fba-437a0af721f9\",\"key\":\"data_stream.dataset\",\"negate\":false,\"params\":{\"query\":\"nginx_ingress_controller.access\"},\"type\":\"phrase\"},\"query\":{\"match_phrase\":{\"data_stream.dataset\":\"nginx_ingress_controller.access\"}}}],\"internalReferences\":[],\"query\":{\"language\":\"kuery\",\"query\":\"\"},\"visualization\":{\"layers\":[{\"categoryDisplay\":\"default\",\"emptySizeRatio\":0.3,\"layerId\":\"dba8bc52-eda4-46e2-8bd0-5ca360683dc5\",\"layerType\":\"data\",\"legendDisplay\":\"show\",\"legendMaxLines\":1,\"legendPosition\":\"bottom\",\"legendSize\":\"auto\",\"metrics\":[\"3650c887-8af7-427f-baf6-28c231f4f2b7\"],\"nestedLegend\":false,\"numberDisplay\":\"percent\",\"percentDecimals\":2,\"primaryGroups\":[\"adc58059-4e16-45ad-81f9-8b4e6695d0db\",\"9d6800c6-d70a-4ca5-be40-d8f675280b5d\"],\"secondaryGroups\":[],\"showValuesInLegend\":true,\"truncateLegend\":true}],\"palette\":{\"name\":\"default\",\"type\":\"palette\"},\"shape\":\"donut\"}},\"title\":\"\",\"type\":\"lens\",\"visualizationType\":\"lnsPie\"},\"enhancements\":{}},\"gridData\":{\"h\":12,\"i\":\"ca6df572-992d-4141-a072-824e265c6851\",\"w\":11,\"x\":25,\"y\":32},\"panelIndex\":\"ca6df572-992d-4141-a072-824e265c6851\",\"title\":\"Operating systems breakdown\",\"type\":\"lens\"},{\"embeddableConfig\":{\"attributes\":{\"references\":[],\"state\":{\"adHocDataViews\":{\"tsvb_ad_hoc_logs-*/@timestamp\":{\"allowHidden\":false,\"allowNoIndex\":false,\"fieldAttrs\":{},\"fieldFormats\":{},\"id\":\"tsvb_ad_hoc_logs-*/@timestamp\",\"name\":\"logs-*\",\"runtimeFieldMap\":{},\"sourceFilters\":[],\"timeFieldName\":\"@timestamp\",\"title\":\"logs-*\"}},\"datasourceStates\":{\"formBased\":{\"layers\":{\"4913bcea-6c32-446f-b406-ddbf446bb526\":{\"columnOrder\":[\"86f153b3-6b36-4cbb-b536-1a887dba3fd6\",\"32f2afc8-6744-408a-8f48-111a78a5d2db\",\"cf405807-3edc-4e72-8c65-5cca849d664d\"],\"columns\":{\"32f2afc8-6744-408a-8f48-111a78a5d2db\":{\"dataType\":\"string\",\"isBucketed\":true,\"label\":\"Filters\",\"operationType\":\"filters\",\"params\":{\"filters\":[{\"input\":{\"language\":\"lucene\",\"query\":\"http.response.status_code:[200 TO 299]\"},\"label\":\"200s\"},{\"input\":{\"language\":\"lucene\",\"query\":\"http.response.status_code:[300 TO 399]\"},\"label\":\"300s\"},{\"input\":{\"language\":\"lucene\",\"query\":\"http.response.status_code:[400 TO 499]\"},\"label\":\"400s\"},{\"input\":{\"language\":\"lucene\",\"query\":\"http.response.status_code:[500 TO 599]\"},\"label\":\"500s\"}]},\"scale\":\"ordinal\"},\"86f153b3-6b36-4cbb-b536-1a887dba3fd6\":{\"dataType\":\"date\",\"isBucketed\":true,\"label\":\"@timestamp\",\"operationType\":\"date_histogram\",\"params\":{\"dropPartials\":true,\"includeEmptyRows\":true,\"interval\":\"auto\"},\"scale\":\"interval\",\"sourceField\":\"@timestamp\"},\"cf405807-3edc-4e72-8c65-5cca849d664d\":{\"dataType\":\"number\",\"isBucketed\":false,\"label\":\"Count of records\",\"operationType\":\"count\",\"params\":{\"emptyAsNull\":true},\"scale\":\"ratio\",\"sourceField\":\"___records___\"}},\"incompleteColumns\":{}}}},\"textBased\":{\"layers\":{}}},\"filters\":[],\"internalReferences\":[{\"id\":\"tsvb_ad_hoc_logs-*/@timestamp\",\"name\":\"indexpattern-datasource-layer-4913bcea-6c32-446f-b406-ddbf446bb526\",\"type\":\"index-pattern\"}],\"query\":{\"language\":\"kuery\",\"query\":\"\"},\"visualization\":{\"axisTitlesVisibilitySettings\":{\"x\":true,\"yLeft\":false,\"yRight\":true},\"fillOpacity\":0.5,\"fittingFunction\":\"None\",\"gridlinesVisibilitySettings\":{\"x\":true,\"yLeft\":true,\"yRight\":true},\"labelsOrientation\":{\"x\":0,\"yLeft\":0,\"yRight\":0},\"layers\":[{\"accessors\":[\"cf405807-3edc-4e72-8c65-5cca849d664d\"],\"layerId\":\"4913bcea-6c32-446f-b406-ddbf446bb526\",\"layerType\":\"data\",\"palette\":{\"name\":\"default\",\"type\":\"palette\"},\"seriesType\":\"bar_stacked\",\"splitAccessor\":\"32f2afc8-6744-408a-8f48-111a78a5d2db\",\"xAccessor\":\"86f153b3-6b36-4cbb-b536-1a887dba3fd6\",\"yConfig\":[{\"axisMode\":\"left\",\"color\":\"#68BC00\",\"forAccessor\":\"cf405807-3edc-4e72-8c65-5cca849d664d\"}]}],\"legend\":{\"isVisible\":true,\"maxLines\":1,\"position\":\"bottom\",\"shouldTruncate\":true,\"showSingleSeries\":true},\"preferredSeriesType\":\"bar_stacked\",\"tickLabelsVisibilitySettings\":{\"x\":true,\"yLeft\":true,\"yRight\":true},\"valueLabels\":\"hide\",\"valuesInLegend\":true,\"yLeftExtent\":{\"mode\":\"full\"},\"yLeftScale\":\"linear\",\"yRightExtent\":{\"mode\":\"full\"},\"yRightScale\":\"linear\",\"yTitle\":\"\"}},\"title\":\"\",\"type\":\"lens\",\"visualizationType\":\"lnsXY\"},\"enhancements\":{}},\"gridData\":{\"h\":12,\"i\":\"e7398fe2-169b-4a2e-9bca-198bf5f873a0\",\"w\":48,\"x\":0,\"y\":20},\"panelIndex\":\"e7398fe2-169b-4a2e-9bca-198bf5f873a0\",\"title\":\"Response codes over time\",\"type\":\"lens\"},{\"embeddableConfig\":{\"attributes\":{\"references\":[],\"state\":{\"adHocDataViews\":{\"tsvb_ad_hoc_logs-*/@timestamp\":{\"allowHidden\":false,\"allowNoIndex\":false,\"fieldAttrs\":{},\"fieldFormats\":{},\"id\":\"tsvb_ad_hoc_logs-*/@timestamp\",\"name\":\"logs-*\",\"runtimeFieldMap\":{},\"sourceFilters\":[],\"timeFieldName\":\"@timestamp\",\"title\":\"logs-*\"}},\"datasourceStates\":{\"formBased\":{\"layers\":{\"998e3f6a-4bf2-4e3e-bc2d-90bfd3e1d37b\":{\"columnOrder\":[\"2d010ef3-c832-4700-9954-208cc0ed52a8\",\"df52322a-2e5e-4c57-9b5a-9f0e9b26b702\"],\"columns\":{\"2d010ef3-c832-4700-9954-208cc0ed52a8\":{\"dataType\":\"string\",\"isBucketed\":true,\"label\":\"Top 10 values of nginx_ingress_controller.access.upstream.name\",\"operationType\":\"terms\",\"params\":{\"exclude\":[],\"excludeIsRegex\":false,\"include\":[],\"includeIsRegex\":false,\"missingBucket\":false,\"orderBy\":{\"columnId\":\"df52322a-2e5e-4c57-9b5a-9f0e9b26b702\",\"type\":\"column\"},\"orderDirection\":\"desc\",\"otherBucket\":false,\"parentFormat\":{\"id\":\"terms\"},\"secondaryFields\":[],\"size\":10},\"scale\":\"ordinal\",\"sourceField\":\"nginx_ingress_controller.access.upstream.name\"},\"df52322a-2e5e-4c57-9b5a-9f0e9b26b702\":{\"dataType\":\"number\",\"isBucketed\":false,\"label\":\"Count of records\",\"operationType\":\"count\",\"params\":{\"emptyAsNull\":true},\"scale\":\"ratio\",\"sourceField\":\"___records___\"}},\"incompleteColumns\":{}}}},\"textBased\":{\"layers\":{}}},\"filters\":[],\"internalReferences\":[{\"id\":\"tsvb_ad_hoc_logs-*/@timestamp\",\"name\":\"indexpattern-datasource-layer-998e3f6a-4bf2-4e3e-bc2d-90bfd3e1d37b\",\"type\":\"index-pattern\"}],\"query\":{\"language\":\"kuery\",\"query\":\"\"},\"visualization\":{\"axisTitlesVisibilitySettings\":{\"x\":false,\"yLeft\":false,\"yRight\":false},\"fillOpacity\":0.5,\"fittingFunction\":\"None\",\"gridlinesVisibilitySettings\":{\"x\":false,\"yLeft\":false,\"yRight\":false},\"labelsOrientation\":{\"x\":0,\"yLeft\":0,\"yRight\":0},\"layers\":[{\"accessors\":[\"df52322a-2e5e-4c57-9b5a-9f0e9b26b702\"],\"layerId\":\"998e3f6a-4bf2-4e3e-bc2d-90bfd3e1d37b\",\"layerType\":\"data\",\"palette\":{\"name\":\"default\",\"type\":\"palette\"},\"seriesType\":\"bar_horizontal\",\"xAccessor\":\"2d010ef3-c832-4700-9954-208cc0ed52a8\",\"yConfig\":[{\"axisMode\":\"left\",\"color\":\"#68BC00\",\"forAccessor\":\"df52322a-2e5e-4c57-9b5a-9f0e9b26b702\"}]}],\"legend\":{\"isVisible\":true,\"maxLines\":1,\"position\":\"right\",\"shouldTruncate\":true,\"showSingleSeries\":true},\"preferredSeriesType\":\"bar_stacked\",\"tickLabelsVisibilitySettings\":{\"x\":true,\"yLeft\":false,\"yRight\":false},\"valueLabels\":\"show\"}},\"title\":\"\",\"type\":\"lens\",\"visualizationType\":\"lnsXY\"},\"enhancements\":{}},\"gridData\":{\"h\":12,\"i\":\"09f0a3bd-3af7-47c1-8eca-bb175150659f\",\"w\":12,\"x\":0,\"y\":32},\"panelIndex\":\"09f0a3bd-3af7-47c1-8eca-bb175150659f\",\"title\":\"Top upstreams\",\"type\":\"lens\"},{\"embeddableConfig\":{\"attributes\":{\"references\":[],\"state\":{\"adHocDataViews\":{\"tsvb_ad_hoc_logs-*/@timestamp\":{\"allowHidden\":false,\"allowNoIndex\":false,\"fieldAttrs\":{},\"fieldFormats\":{},\"id\":\"tsvb_ad_hoc_logs-*/@timestamp\",\"name\":\"logs-*\",\"runtimeFieldMap\":{},\"sourceFilters\":[],\"timeFieldName\":\"@timestamp\",\"title\":\"logs-*\"}},\"datasourceStates\":{\"formBased\":{\"layers\":{\"aaff84a1-463c-4fa7-8835-6f12bb0c1677\":{\"columnOrder\":[\"60355f80-9ced-4e3f-a93f-cf801447546b\",\"9819277e-705f-498f-ad5f-f1ac03916c40\"],\"columns\":{\"60355f80-9ced-4e3f-a93f-cf801447546b\":{\"dataType\":\"string\",\"isBucketed\":true,\"label\":\"Top 10 values of url.original\",\"operationType\":\"terms\",\"params\":{\"exclude\":[],\"excludeIsRegex\":false,\"include\":[],\"includeIsRegex\":false,\"missingBucket\":false,\"orderBy\":{\"columnId\":\"9819277e-705f-498f-ad5f-f1ac03916c40\",\"type\":\"column\"},\"orderDirection\":\"desc\",\"otherBucket\":false,\"parentFormat\":{\"id\":\"terms\"},\"secondaryFields\":[],\"size\":10},\"scale\":\"ordinal\",\"sourceField\":\"url.original\"},\"9819277e-705f-498f-ad5f-f1ac03916c40\":{\"dataType\":\"number\",\"isBucketed\":false,\"label\":\"Count of records\",\"operationType\":\"count\",\"params\":{\"emptyAsNull\":true},\"scale\":\"ratio\",\"sourceField\":\"___records___\"}},\"incompleteColumns\":{}}}},\"textBased\":{\"layers\":{}}},\"filters\":[],\"internalReferences\":[{\"id\":\"tsvb_ad_hoc_logs-*/@timestamp\",\"name\":\"indexpattern-datasource-layer-aaff84a1-463c-4fa7-8835-6f12bb0c1677\",\"type\":\"index-pattern\"}],\"query\":{\"language\":\"kuery\",\"query\":\"\"},\"visualization\":{\"axisTitlesVisibilitySettings\":{\"x\":false,\"yLeft\":false,\"yRight\":false},\"fillOpacity\":0.5,\"fittingFunction\":\"None\",\"gridlinesVisibilitySettings\":{\"x\":false,\"yLeft\":false,\"yRight\":false},\"labelsOrientation\":{\"x\":0,\"yLeft\":0,\"yRight\":0},\"layers\":[{\"accessors\":[\"9819277e-705f-498f-ad5f-f1ac03916c40\"],\"layerId\":\"aaff84a1-463c-4fa7-8835-6f12bb0c1677\",\"layerType\":\"data\",\"palette\":{\"name\":\"default\",\"type\":\"palette\"},\"seriesType\":\"bar_horizontal\",\"xAccessor\":\"60355f80-9ced-4e3f-a93f-cf801447546b\",\"yConfig\":[{\"axisMode\":\"left\",\"color\":\"#68BC00\",\"forAccessor\":\"9819277e-705f-498f-ad5f-f1ac03916c40\"}]}],\"legend\":{\"isVisible\":true,\"maxLines\":1,\"position\":\"right\",\"shouldTruncate\":true,\"showSingleSeries\":true},\"preferredSeriesType\":\"bar_stacked\",\"tickLabelsVisibilitySettings\":{\"x\":true,\"yLeft\":false,\"yRight\":false},\"valueLabels\":\"show\"}},\"title\":\"\",\"type\":\"lens\",\"visualizationType\":\"lnsXY\"},\"enhancements\":{}},\"gridData\":{\"h\":12,\"i\":\"dba7803c-554b-4dab-aa63-bf897528070a\",\"w\":13,\"x\":12,\"y\":32},\"panelIndex\":\"dba7803c-554b-4dab-aa63-bf897528070a\",\"title\":\"Top pages\",\"type\":\"lens\"},{\"embeddableConfig\":{\"attributes\":{\"references\":[],\"state\":{\"adHocDataViews\":{\"tsvb_ad_hoc_logs-*/@timestamp\":{\"allowHidden\":false,\"allowNoIndex\":false,\"fieldAttrs\":{},\"fieldFormats\":{},\"id\":\"tsvb_ad_hoc_logs-*/@timestamp\",\"name\":\"logs-*\",\"runtimeFieldMap\":{},\"sourceFilters\":[],\"timeFieldName\":\"@timestamp\",\"title\":\"logs-*\"}},\"datasourceStates\":{\"formBased\":{\"layers\":{\"2b8af61f-0aab-4b9e-9d01-f429bdfda974\":{\"columnOrder\":[\"90d8f4d3-4b1f-4a56-87d5-61ff0b4c5a82\",\"b037c03f-bab3-4c50-a53b-deb80badd7cd\"],\"columns\":{\"90d8f4d3-4b1f-4a56-87d5-61ff0b4c5a82\":{\"dataType\":\"date\",\"isBucketed\":true,\"label\":\"@timestamp\",\"operationType\":\"date_histogram\",\"params\":{\"dropPartials\":true,\"includeEmptyRows\":true,\"interval\":\"auto\"},\"scale\":\"interval\",\"sourceField\":\"@timestamp\"},\"b037c03f-bab3-4c50-a53b-deb80badd7cd\":{\"dataType\":\"number\",\"isBucketed\":false,\"label\":\"Sum of http.response.body.bytes\",\"operationType\":\"sum\",\"params\":{\"emptyAsNull\":false,\"format\":{\"id\":\"bytes\",\"params\":{\"decimals\":0}}},\"scale\":\"ratio\",\"sourceField\":\"http.response.body.bytes\"}},\"incompleteColumns\":{}}}},\"textBased\":{\"layers\":{}}},\"filters\":[],\"internalReferences\":[{\"id\":\"tsvb_ad_hoc_logs-*/@timestamp\",\"name\":\"indexpattern-datasource-layer-2b8af61f-0aab-4b9e-9d01-f429bdfda974\",\"type\":\"index-pattern\"}],\"query\":{\"language\":\"kuery\",\"query\":\"\"},\"visualization\":{\"axisTitlesVisibilitySettings\":{\"x\":true,\"yLeft\":false,\"yRight\":true},\"fillOpacity\":0.5,\"fittingFunction\":\"None\",\"gridlinesVisibilitySettings\":{\"x\":true,\"yLeft\":true,\"yRight\":true},\"labelsOrientation\":{\"x\":0,\"yLeft\":0,\"yRight\":0},\"layers\":[{\"accessors\":[\"b037c03f-bab3-4c50-a53b-deb80badd7cd\"],\"layerId\":\"2b8af61f-0aab-4b9e-9d01-f429bdfda974\",\"layerType\":\"data\",\"palette\":{\"name\":\"default\",\"type\":\"palette\"},\"seriesType\":\"area\",\"xAccessor\":\"90d8f4d3-4b1f-4a56-87d5-61ff0b4c5a82\",\"yConfig\":[{\"axisMode\":\"left\",\"color\":\"#68BC00\",\"forAccessor\":\"b037c03f-bab3-4c50-a53b-deb80badd7cd\"}]}],\"legend\":{\"isVisible\":true,\"maxLines\":1,\"position\":\"bottom\",\"shouldTruncate\":true,\"showSingleSeries\":true},\"preferredSeriesType\":\"bar_stacked\",\"tickLabelsVisibilitySettings\":{\"x\":true,\"yLeft\":true,\"yRight\":true},\"valueLabels\":\"hide\",\"valuesInLegend\":true,\"yLeftExtent\":{\"mode\":\"full\"},\"yLeftScale\":\"linear\",\"yRightExtent\":{\"mode\":\"full\"},\"yRightScale\":\"linear\",\"yTitle\":\"\"}},\"title\":\"\",\"type\":\"lens\",\"visualizationType\":\"lnsXY\"},\"enhancements\":{}},\"gridData\":{\"h\":12,\"i\":\"d4e3e12f-38ba-4b86-ac0d-e6be1bc30baa\",\"w\":18,\"x\":0,\"y\":44},\"panelIndex\":\"d4e3e12f-38ba-4b86-ac0d-e6be1bc30baa\",\"title\":\"Data volume\",\"type\":\"lens\"},{\"embeddableConfig\":{\"attributes\":{\"references\":[],\"state\":{\"adHocDataViews\":{\"tsvb_ad_hoc_logs-*/@timestamp\":{\"allowHidden\":false,\"allowNoIndex\":false,\"fieldAttrs\":{},\"fieldFormats\":{},\"id\":\"tsvb_ad_hoc_logs-*/@timestamp\",\"name\":\"logs-*\",\"runtimeFieldMap\":{},\"sourceFilters\":[],\"timeFieldName\":\"@timestamp\",\"title\":\"logs-*\"}},\"datasourceStates\":{\"formBased\":{\"layers\":{\"f3044ec7-a578-48aa-b6d0-2d53b8796d34\":{\"columnOrder\":[\"6015ddaa-4481-4dc3-8cb8-7740639eab04\",\"0192365d-c570-44c2-8615-ad919a4c09e6\",\"b0401501-64ff-4ea4-90d8-e728ba420b36\"],\"columns\":{\"0192365d-c570-44c2-8615-ad919a4c09e6\":{\"dataType\":\"date\",\"isBucketed\":true,\"label\":\"@timestamp\",\"operationType\":\"date_histogram\",\"params\":{\"dropPartials\":true,\"includeEmptyRows\":true,\"interval\":\"auto\"},\"scale\":\"interval\",\"sourceField\":\"@timestamp\"},\"6015ddaa-4481-4dc3-8cb8-7740639eab04\":{\"dataType\":\"string\",\"isBucketed\":true,\"label\":\"Top 10 values of url.original\",\"operationType\":\"terms\",\"params\":{\"exclude\":[],\"excludeIsRegex\":false,\"include\":[],\"includeIsRegex\":false,\"missingBucket\":false,\"orderAgg\":{\"dataType\":\"number\",\"isBucketed\":false,\"label\":\"Count of records\",\"operationType\":\"count\",\"params\":{},\"scale\":\"ratio\",\"sourceField\":\"___records___\"},\"orderBy\":{\"type\":\"custom\"},\"orderDirection\":\"desc\",\"otherBucket\":false,\"parentFormat\":{\"id\":\"terms\"},\"secondaryFields\":[],\"size\":10},\"scale\":\"ordinal\",\"sourceField\":\"url.original\"},\"b0401501-64ff-4ea4-90d8-e728ba420b36\":{\"dataType\":\"number\",\"isBucketed\":false,\"label\":\"Sum of nginx_ingress_controller.access.upstream.response.time\",\"operationType\":\"sum\",\"params\":{\"emptyAsNull\":false,\"format\":{\"id\":\"number\"}},\"scale\":\"ratio\",\"sourceField\":\"nginx_ingress_controller.access.upstream.response.time\"}},\"incompleteColumns\":{}}}},\"textBased\":{\"layers\":{}}},\"filters\":[],\"internalReferences\":[{\"id\":\"tsvb_ad_hoc_logs-*/@timestamp\",\"name\":\"indexpattern-datasource-layer-f3044ec7-a578-48aa-b6d0-2d53b8796d34\",\"type\":\"index-pattern\"}],\"query\":{\"language\":\"kuery\",\"query\":\"\"},\"visualization\":{\"axisTitlesVisibilitySettings\":{\"x\":true,\"yLeft\":false,\"yRight\":true},\"fillOpacity\":0.5,\"fittingFunction\":\"None\",\"gridlinesVisibilitySettings\":{\"x\":true,\"yLeft\":true,\"yRight\":true},\"labelsOrientation\":{\"x\":0,\"yLeft\":0,\"yRight\":0},\"layers\":[{\"accessors\":[\"b0401501-64ff-4ea4-90d8-e728ba420b36\"],\"layerId\":\"f3044ec7-a578-48aa-b6d0-2d53b8796d34\",\"layerType\":\"data\",\"palette\":{\"name\":\"default\",\"type\":\"palette\"},\"seriesType\":\"area\",\"splitAccessor\":\"6015ddaa-4481-4dc3-8cb8-7740639eab04\",\"xAccessor\":\"0192365d-c570-44c2-8615-ad919a4c09e6\",\"yConfig\":[{\"axisMode\":\"left\",\"color\":\"#68BC00\",\"forAccessor\":\"b0401501-64ff-4ea4-90d8-e728ba420b36\"}]}],\"legend\":{\"isVisible\":true,\"maxLines\":1,\"position\":\"bottom\",\"shouldTruncate\":true,\"showSingleSeries\":true},\"preferredSeriesType\":\"bar_stacked\",\"tickLabelsVisibilitySettings\":{\"x\":true,\"yLeft\":true,\"yRight\":true},\"valueLabels\":\"hide\",\"valuesInLegend\":true,\"yLeftExtent\":{\"mode\":\"full\"},\"yLeftScale\":\"linear\",\"yRightExtent\":{\"mode\":\"full\"},\"yRightScale\":\"linear\",\"yTitle\":\"\"}},\"title\":\"\",\"type\":\"lens\",\"visualizationType\":\"lnsXY\"},\"enhancements\":{}},\"gridData\":{\"h\":12,\"i\":\"f04c89d7-cb9a-474c-968a-f14fb5aa7d71\",\"w\":15,\"x\":18,\"y\":44},\"panelIndex\":\"f04c89d7-cb9a-474c-968a-f14fb5aa7d71\",\"title\":\"Upstream time consumed by path\",\"type\":\"lens\"},{\"embeddableConfig\":{\"attributes\":{\"references\":[],\"state\":{\"adHocDataViews\":{\"tsvb_ad_hoc_logs-*/@timestamp\":{\"allowHidden\":false,\"allowNoIndex\":false,\"fieldAttrs\":{},\"fieldFormats\":{},\"id\":\"tsvb_ad_hoc_logs-*/@timestamp\",\"name\":\"logs-*\",\"runtimeFieldMap\":{},\"sourceFilters\":[],\"timeFieldName\":\"@timestamp\",\"title\":\"logs-*\"}},\"datasourceStates\":{\"formBased\":{\"layers\":{\"e439eb6e-2f5e-4125-9971-9b2a78499b11\":{\"columnOrder\":[\"4619e61b-a311-44e1-a1d9-830e5e59cdf3\",\"b2edd624-7979-4e67-b8b9-f6157daa86e9\",\"ce07d983-e71a-45f0-aea3-58d915e38947\"],\"columns\":{\"4619e61b-a311-44e1-a1d9-830e5e59cdf3\":{\"dataType\":\"string\",\"isBucketed\":true,\"label\":\"Top 10 values of url.original\",\"operationType\":\"terms\",\"params\":{\"exclude\":[],\"excludeIsRegex\":false,\"include\":[],\"includeIsRegex\":false,\"missingBucket\":false,\"orderAgg\":{\"dataType\":\"number\",\"isBucketed\":false,\"label\":\"Count of records\",\"operationType\":\"count\",\"params\":{},\"scale\":\"ratio\",\"sourceField\":\"___records___\"},\"orderBy\":{\"type\":\"custom\"},\"orderDirection\":\"desc\",\"otherBucket\":false,\"parentFormat\":{\"id\":\"terms\"},\"secondaryFields\":[],\"size\":10},\"scale\":\"ordinal\",\"sourceField\":\"url.original\"},\"b2edd624-7979-4e67-b8b9-f6157daa86e9\":{\"dataType\":\"date\",\"isBucketed\":true,\"label\":\"@timestamp\",\"operationType\":\"date_histogram\",\"params\":{\"dropPartials\":true,\"includeEmptyRows\":true,\"interval\":\"auto\"},\"scale\":\"interval\",\"sourceField\":\"@timestamp\"},\"ce07d983-e71a-45f0-aea3-58d915e38947\":{\"dataType\":\"number\",\"isBucketed\":false,\"label\":\"Sum of nginx_ingress_controller.access.upstream.response.length\",\"operationType\":\"sum\",\"params\":{\"emptyAsNull\":false,\"format\":{\"id\":\"bytes\",\"params\":{\"decimals\":0}}},\"scale\":\"ratio\",\"sourceField\":\"nginx_ingress_controller.access.upstream.response.length\"}},\"incompleteColumns\":{}}}},\"textBased\":{\"layers\":{}}},\"filters\":[],\"internalReferences\":[{\"id\":\"tsvb_ad_hoc_logs-*/@timestamp\",\"name\":\"indexpattern-datasource-layer-e439eb6e-2f5e-4125-9971-9b2a78499b11\",\"type\":\"index-pattern\"}],\"query\":{\"language\":\"kuery\",\"query\":\"\"},\"visualization\":{\"axisTitlesVisibilitySettings\":{\"x\":true,\"yLeft\":false,\"yRight\":true},\"fillOpacity\":0.5,\"fittingFunction\":\"None\",\"gridlinesVisibilitySettings\":{\"x\":true,\"yLeft\":true,\"yRight\":true},\"labelsOrientation\":{\"x\":0,\"yLeft\":0,\"yRight\":0},\"layers\":[{\"accessors\":[\"ce07d983-e71a-45f0-aea3-58d915e38947\"],\"layerId\":\"e439eb6e-2f5e-4125-9971-9b2a78499b11\",\"layerType\":\"data\",\"palette\":{\"name\":\"default\",\"type\":\"palette\"},\"seriesType\":\"area\",\"splitAccessor\":\"4619e61b-a311-44e1-a1d9-830e5e59cdf3\",\"xAccessor\":\"b2edd624-7979-4e67-b8b9-f6157daa86e9\",\"yConfig\":[{\"axisMode\":\"left\",\"color\":\"#68BC00\",\"forAccessor\":\"ce07d983-e71a-45f0-aea3-58d915e38947\"}]}],\"legend\":{\"isVisible\":true,\"maxLines\":1,\"position\":\"bottom\",\"shouldTruncate\":true,\"showSingleSeries\":true},\"preferredSeriesType\":\"bar_stacked\",\"tickLabelsVisibilitySettings\":{\"x\":true,\"yLeft\":true,\"yRight\":true},\"valueLabels\":\"hide\",\"valuesInLegend\":true,\"yLeftExtent\":{\"mode\":\"full\"},\"yLeftScale\":\"linear\",\"yRightExtent\":{\"mode\":\"full\"},\"yRightScale\":\"linear\",\"yTitle\":\"\"}},\"title\":\"\",\"type\":\"lens\",\"visualizationType\":\"lnsXY\"},\"enhancements\":{}},\"gridData\":{\"h\":12,\"i\":\"2f3621f4-c4c7-4a7e-bce9-edec932ab2c8\",\"w\":15,\"x\":33,\"y\":44},\"panelIndex\":\"2f3621f4-c4c7-4a7e-bce9-edec932ab2c8\",\"title\":\"Request volume by path\",\"type\":\"lens\"},{\"embeddableConfig\":{\"enhancements\":{},\"savedVis\":{\"data\":{\"aggs\":[],\"searchSource\":{\"filter\":[],\"query\":{\"language\":\"kuery\",\"query\":\"\"}}},\"description\":\"\",\"params\":{\"fontSize\":12,\"markdown\":\"[Logs overview](#/view/nginx_ingress_controller-ce99d3c1-0472-4c0b-9976-46b56c2c5421) | [Access and error logs](#/view/nginx_ingress_controller-ba23759b-1201-4c5c-aff5-f0addd7eee9e)\",\"openLinksInNewTab\":false},\"title\":\"\",\"type\":\"markdown\",\"uiState\":{}}},\"gridData\":{\"h\":5,\"i\":\"70c70162-6769-457a-ba95-36f6edb50050\",\"w\":48,\"x\":0,\"y\":0},\"panelIndex\":\"70c70162-6769-457a-ba95-36f6edb50050\",\"title\":\"Dashboard navigation\",\"type\":\"visualization\"},{\"embeddableConfig\":{\"attributes\":{\"description\":\"\",\"layerListJSON\":\"[{\\\"alpha\\\":1,\\\"id\\\":\\\"ff35b886-7d94-4ecd-af17-29fc03af6fb5\\\",\\\"includeInFitToBounds\\\":true,\\\"label\\\":null,\\\"maxZoom\\\":24,\\\"minZoom\\\":0,\\\"sourceDescriptor\\\":{\\\"isAutoSelect\\\":true,\\\"lightModeDefault\\\":\\\"road_map_desaturated\\\",\\\"type\\\":\\\"EMS_TMS\\\"},\\\"style\\\":{\\\"type\\\":\\\"TILE\\\"},\\\"type\\\":\\\"EMS_VECTOR_TILE\\\",\\\"visible\\\":true},{\\\"alpha\\\":0.75,\\\"id\\\":\\\"dc035d62-cd73-4193-9c31-113625d625c7\\\",\\\"includeInFitToBounds\\\":true,\\\"joins\\\":[],\\\"label\\\":\\\"Access map [Logs Nginx Ingress Controller]\\\",\\\"maxZoom\\\":24,\\\"minZoom\\\":0,\\\"sourceDescriptor\\\":{\\\"applyForceRefresh\\\":true,\\\"applyGlobalQuery\\\":true,\\\"applyGlobalTime\\\":true,\\\"geoField\\\":\\\"source.geo.location\\\",\\\"id\\\":\\\"70c1b063-be02-4038-b3d8-e0c6ce208061\\\",\\\"metrics\\\":[{\\\"type\\\":\\\"count\\\"}],\\\"requestType\\\":\\\"point\\\",\\\"resolution\\\":\\\"MOST_FINE\\\",\\\"type\\\":\\\"ES_GEO_GRID\\\",\\\"indexPatternRefName\\\":\\\"layer_1_source_index_pattern\\\"},\\\"style\\\":{\\\"isTimeAware\\\":true,\\\"properties\\\":{\\\"fillColor\\\":{\\\"options\\\":{\\\"color\\\":\\\"Yellow to Red\\\",\\\"colorCategory\\\":\\\"palette_0\\\",\\\"field\\\":{\\\"name\\\":\\\"doc_count\\\",\\\"origin\\\":\\\"source\\\"},\\\"fieldMetaOptions\\\":{\\\"isEnabled\\\":false,\\\"sigma\\\":3},\\\"type\\\":\\\"ORDINAL\\\"},\\\"type\\\":\\\"DYNAMIC\\\"},\\\"icon\\\":{\\\"options\\\":{\\\"value\\\":\\\"marker\\\"},\\\"type\\\":\\\"STATIC\\\"},\\\"iconOrientation\\\":{\\\"options\\\":{\\\"orientation\\\":0},\\\"type\\\":\\\"STATIC\\\"},\\\"iconSize\\\":{\\\"options\\\":{\\\"field\\\":{\\\"name\\\":\\\"doc_count\\\",\\\"origin\\\":\\\"source\\\"},\\\"fieldMetaOptions\\\":{\\\"isEnabled\\\":false,\\\"sigma\\\":3},\\\"maxSize\\\":18,\\\"minSize\\\":7},\\\"type\\\":\\\"DYNAMIC\\\"},\\\"labelBorderColor\\\":{\\\"options\\\":{\\\"color\\\":\\\"#FFFFFF\\\"},\\\"type\\\":\\\"STATIC\\\"},\\\"labelBorderSize\\\":{\\\"options\\\":{\\\"size\\\":\\\"SMALL\\\"}},\\\"labelColor\\\":{\\\"options\\\":{\\\"color\\\":\\\"#000000\\\"},\\\"type\\\":\\\"STATIC\\\"},\\\"labelSize\\\":{\\\"options\\\":{\\\"size\\\":14},\\\"type\\\":\\\"STATIC\\\"},\\\"labelText\\\":{\\\"options\\\":{\\\"value\\\":\\\"\\\"},\\\"type\\\":\\\"STATIC\\\"},\\\"lineColor\\\":{\\\"options\\\":{\\\"color\\\":\\\"#3d3d3d\\\"},\\\"type\\\":\\\"STATIC\\\"},\\\"lineWidth\\\":{\\\"options\\\":{\\\"size\\\":1},\\\"type\\\":\\\"STATIC\\\"},\\\"symbolizeAs\\\":{\\\"options\\\":{\\\"value\\\":\\\"circle\\\"}}},\\\"type\\\":\\\"VECTOR\\\"},\\\"type\\\":\\\"GEOJSON_VECTOR\\\",\\\"visible\\\":true}]\",\"mapStateJSON\":\"{\\\"center\\\":{\\\"lat\\\":19.94277,\\\"lon\\\":0},\\\"filters\\\":[],\\\"query\\\":{\\\"language\\\":\\\"kuery\\\",\\\"query\\\":\\\"\\\"},\\\"refreshConfig\\\":{\\\"interval\\\":0,\\\"isPaused\\\":true},\\\"settings\\\":{\\\"autoFitToDataBounds\\\":false,\\\"backgroundColor\\\":\\\"#ffffff\\\",\\\"browserLocation\\\":{\\\"zoom\\\":2},\\\"disableInteractive\\\":false,\\\"disableTooltipControl\\\":false,\\\"fixedLocation\\\":{\\\"lat\\\":0,\\\"lon\\\":0,\\\"zoom\\\":2},\\\"hideLayerControl\\\":false,\\\"hideToolbarOverlay\\\":false,\\\"hideViewControl\\\":false,\\\"initialLocation\\\":\\\"LAST_SAVED_LOCATION\\\",\\\"maxZoom\\\":24,\\\"minZoom\\\":0,\\\"showScaleControl\\\":false,\\\"showSpatialFilters\\\":true,\\\"showTimesliderToggleButton\\\":true,\\\"spatialFiltersAlpa\\\":0.3,\\\"spatialFiltersFillColor\\\":\\\"#DA8B45\\\",\\\"spatialFiltersLineColor\\\":\\\"#DA8B45\\\"},\\\"timeFilters\\\":{\\\"from\\\":\\\"now-15m\\\",\\\"to\\\":\\\"now\\\"},\\\"zoom\\\":1.58}\",\"references\":[{\"id\":\"logs-*\",\"name\":\"layer_1_source_index_pattern\",\"type\":\"index-pattern\"},{\"id\":\"fleet-managed-default\",\"name\":\"tag-ref-fleet-managed-default\",\"type\":\"tag\"},{\"id\":\"fleet-pkg-nginx_ingress_controller-default\",\"name\":\"tag-ref-fleet-pkg-nginx_ingress_controller-default\",\"type\":\"tag\"}],\"uiStateJSON\":\"{\\\"isLayerTOCOpen\\\":true,\\\"openTOCDetails\\\":[]}\"},\"enhancements\":{},\"hiddenLayers\":[],\"isLayerTOCOpen\":false,\"mapBuffer\":{\"maxLat\":85.05113,\"maxLon\":360,\"minLat\":-85.05113,\"minLon\":-360},\"mapCenter\":{\"lat\":21.34575,\"lon\":9.18318,\"zoom\":0.73},\"openTOCDetails\":[]},\"gridData\":{\"h\":15,\"i\":\"233d9cfb-bc56-4f39-b8e3-ad4086606fce\",\"w\":48,\"x\":0,\"y\":5},\"panelIndex\":\"233d9cfb-bc56-4f39-b8e3-ad4086606fce\",\"title\":\"All access logs [Logs Nginx Ingress Controller]\",\"type\":\"map\"}]",
    "timeRestore": false,
    "title": "[Logs Nginx Ingress Controller] Overview",
    "version": 2
  },
  "coreMigrationVersion": "8.8.0",
  "created_at": "2024-06-27T16:29:31.515Z",
  "created_by": "u_mGBROF_q5bmFCATbLXAcCwKa0k8JvONAwSruelyKA5E_0",
  "id": "nginx_ingress_controller-ce99d3c1-0472-4c0b-9976-46b56c2c5421",
  "managed": false,
  "references": [
    {
      "id": "logs-*",
      "name": "kibanaSavedObjectMeta.searchSourceJSON.filter[0].meta.index",
      "type": "index-pattern"
    },
    {
      "id": "logs-*",
      "name": "0f14dc87-120d-4a37-9954-d41a5d625604:indexpattern-datasource-layer-c05b5169-4825-4810-a75c-60318e276fbc",
      "type": "index-pattern"
    },
    {
      "id": "logs-*",
      "name": "0f14dc87-120d-4a37-9954-d41a5d625604:a3242c13-26ee-4b4a-b1be-8fb80a17d15e",
      "type": "index-pattern"
    },
    {
      "id": "logs-*",
      "name": "ca6df572-992d-4141-a072-824e265c6851:indexpattern-datasource-layer-dba8bc52-eda4-46e2-8bd0-5ca360683dc5",
      "type": "index-pattern"
    },
    {
      "id": "logs-*",
      "name": "ca6df572-992d-4141-a072-824e265c6851:d541cbbd-85b5-4ed6-abe2-e7448479e2b4",
      "type": "index-pattern"
    },
    {
      "id": "logs-*",
      "name": "233d9cfb-bc56-4f39-b8e3-ad4086606fce:layer_1_source_index_pattern",
      "type": "index-pattern"
    },
    {
      "id": "logs-*",
      "name": "controlGroup_8503caed-d26d-4b1a-82bc-f9efc5fa82ae:optionsListDataView",
      "type": "index-pattern"
    }
  ],
  "type": "dashboard",
  "typeMigrationVersion": "10.2.0"
}