{
  "attributes": {
    "controlGroupInput": {
      "chainingSystem": "HIERARCHICAL",
      "controlStyle": "oneLine",
      "ignoreParentSettingsJSON": "{\"ignoreFilters\":false,\"ignoreQuery\":false,\"ignoreTimerange\":false,\"ignoreValidations\":false}",
      "panelsJSON": "{\"6fba25b4-7fe4-4134-b908-737e07430d40\":{\"order\":0,\"width\":\"medium\",\"grow\":false,\"type\":\"optionsListControl\",\"explicitInput\":{\"fieldName\":\"host.hostname\",\"title\":\"Hostname\",\"singleSelect\":true,\"id\":\"6fba25b4-7fe4-4134-b908-737e07430d40\",\"enhancements\":{}}}}",
      "showApplySelections": false
    },
    "description": "Dashboard for access and error logs of Nginx Ingress Controller",
    "kibanaSavedObjectMeta": {
      "searchSourceJSON": "{\"filter\":[{\"$state\":{\"store\":\"appState\"},\"meta\":{\"alias\":null,\"disabled\":false,\"field\":\"data_stream.dataset\",\"indexRefName\":\"kibanaSavedObjectMeta.searchSourceJSON.filter[0].meta.index\",\"key\":\"data_stream.dataset\",\"negate\":false,\"params\":[\"nginx_ingress_controller.error\",\"nginx_ingress_controller.access\"],\"type\":\"phrases\"},\"query\":{\"bool\":{\"minimum_should_match\":1,\"should\":[{\"match_phrase\":{\"data_stream.dataset\":\"nginx_ingress_controller.error\"}},{\"match_phrase\":{\"data_stream.dataset\":\"nginx_ingress_controller.access\"}}]}}}],\"query\":{\"language\":\"kuery\",\"query\":\"\"}}"
    },
    "optionsJSON": "{\"hidePanelTitles\":false,\"syncColors\":false,\"syncCursor\":true,\"syncTooltips\":false,\"useMargins\":true}",
    "panelsJSON": "[{\"embeddableConfig\":{\"attributes\":{\"references\":[],\"state\":{\"adHocDataViews\":{\"tsvb_ad_hoc_logs-*/@timestamp\":{\"allowHidden\":false,\"allowNoIndex\":false,\"fieldAttrs\":{},\"fieldFormats\":{},\"id\":\"tsvb_ad_hoc_logs-*/@timestamp\",\"name\":\"logs-*\",\"runtimeFieldMap\":{},\"sourceFilters\":[],\"timeFieldName\":\"@timestamp\",\"title\":\"logs-*\"}},\"datasourceStates\":{\"formBased\":{\"layers\":{\"6621d0cb-4f5f-41a5-99ea-93a499a911e0\":{\"columnOrder\":[\"119ff169-0d10-4cb6-9abf-43856c0f45f4\",\"cdc6f938-84b0-4636-b94e-97c8cc058faf\",\"117aed04-2be3-4331-9e45-8b025a1774af\"],\"columns\":{\"117aed04-2be3-4331-9e45-8b025a1774af\":{\"customLabel\":true,\"dataType\":\"number\",\"isBucketed\":false,\"label\":\"Errors\",\"operationType\":\"count\",\"params\":{\"emptyAsNull\":false},\"scale\":\"ratio\",\"sourceField\":\"___records___\"},\"119ff169-0d10-4cb6-9abf-43856c0f45f4\":{\"dataType\":\"string\",\"isBucketed\":true,\"label\":\"Top 10 values of log.level\",\"operationType\":\"terms\",\"params\":{\"exclude\":[],\"excludeIsRegex\":false,\"include\":[],\"includeIsRegex\":false,\"missingBucket\":false,\"orderBy\":{\"columnId\":\"117aed04-2be3-4331-9e45-8b025a1774af\",\"type\":\"column\"},\"orderDirection\":\"desc\",\"otherBucket\":false,\"parentFormat\":{\"id\":\"terms\"},\"secondaryFields\":[],\"size\":10},\"scale\":\"ordinal\",\"sourceField\":\"log.level\"},\"cdc6f938-84b0-4636-b94e-97c8cc058faf\":{\"dataType\":\"date\",\"isBucketed\":true,\"label\":\"@timestamp\",\"operationType\":\"date_histogram\",\"params\":{\"dropPartials\":true,\"includeEmptyRows\":true,\"interval\":\"auto\"},\"scale\":\"interval\",\"sourceField\":\"@timestamp\"}},\"incompleteColumns\":{}}}},\"textBased\":{\"layers\":{}}},\"filters\":[{\"$state\":{\"store\":\"appState\"},\"meta\":{\"alias\":null,\"disabled\":false,\"index\":\"tsvb_ad_hoc_logs-*/@timestamp\",\"key\":\"data_stream.dataset\",\"negate\":false,\"params\":{\"query\":\"nginx_ingress_controller.error\"},\"type\":\"phrase\"},\"query\":{\"match_phrase\":{\"data_stream.dataset\":\"nginx_ingress_controller.error\"}}}],\"internalReferences\":[{\"id\":\"tsvb_ad_hoc_logs-*/@timestamp\",\"name\":\"indexpattern-datasource-layer-6621d0cb-4f5f-41a5-99ea-93a499a911e0\",\"type\":\"index-pattern\"}],\"query\":{\"language\":\"kuery\",\"query\":\"\"},\"visualization\":{\"axisTitlesVisibilitySettings\":{\"x\":true,\"yLeft\":false,\"yRight\":true},\"fillOpacity\":0.5,\"fittingFunction\":\"None\",\"gridlinesVisibilitySettings\":{\"x\":true,\"yLeft\":true,\"yRight\":true},\"labelsOrientation\":{\"x\":0,\"yLeft\":0,\"yRight\":0},\"layers\":[{\"accessors\":[\"117aed04-2be3-4331-9e45-8b025a1774af\"],\"layerId\":\"6621d0cb-4f5f-41a5-99ea-93a499a911e0\",\"layerType\":\"data\",\"palette\":{\"name\":\"default\",\"type\":\"palette\"},\"seriesType\":\"area\",\"splitAccessor\":\"119ff169-0d10-4cb6-9abf-43856c0f45f4\",\"xAccessor\":\"cdc6f938-84b0-4636-b94e-97c8cc058faf\",\"yConfig\":[{\"axisMode\":\"left\",\"color\":\"rgba(231,102,76,1)\",\"forAccessor\":\"117aed04-2be3-4331-9e45-8b025a1774af\"}]}],\"legend\":{\"isVisible\":true,\"maxLines\":1,\"position\":\"bottom\",\"shouldTruncate\":true,\"showSingleSeries\":true},\"preferredSeriesType\":\"bar_stacked\",\"tickLabelsVisibilitySettings\":{\"x\":true,\"yLeft\":true,\"yRight\":true},\"valueLabels\":\"hide\",\"yLeftExtent\":{\"mode\":\"full\"},\"yLeftScale\":\"linear\",\"yRightExtent\":{\"mode\":\"full\"},\"yRightScale\":\"linear\",\"yTitle\":\"\"}},\"title\":\"\",\"type\":\"lens\",\"visualizationType\":\"lnsXY\"},\"enhancements\":{}},\"gridData\":{\"h\":12,\"i\":\"538154b7-9eec-4b4d-adea-2d53bc0ce6ff\",\"w\":31,\"x\":0,\"y\":5},\"panelIndex\":\"538154b7-9eec-4b4d-adea-2d53bc0ce6ff\",\"title\":\"Error logs over time\",\"type\":\"lens\"},{\"embeddableConfig\":{\"attributes\":{\"references\":[],\"state\":{\"adHocDataViews\":{\"tsvb_ad_hoc_logs-*/@timestamp\":{\"allowHidden\":false,\"allowNoIndex\":false,\"fieldAttrs\":{},\"fieldFormats\":{},\"id\":\"tsvb_ad_hoc_logs-*/@timestamp\",\"name\":\"logs-*\",\"runtimeFieldMap\":{},\"sourceFilters\":[],\"timeFieldName\":\"@timestamp\",\"title\":\"logs-*\"}},\"datasourceStates\":{\"formBased\":{\"layers\":{\"1839b5d1-ecd5-43f4-afc6-3f3dd12e55e0\":{\"columnOrder\":[\"4e053125-d40a-4128-b75c-04f5bf19b5ee\",\"0f8b5577-73d5-47d7-9e8c-e2ed11fa672b\"],\"columns\":{\"0f8b5577-73d5-47d7-9e8c-e2ed11fa672b\":{\"dataType\":\"number\",\"filter\":{\"language\":\"kuery\",\"query\":\"\"},\"isBucketed\":false,\"label\":\"Count of records\",\"operationType\":\"count\",\"params\":{\"emptyAsNull\":true},\"scale\":\"ratio\",\"sourceField\":\"___records___\"},\"4e053125-d40a-4128-b75c-04f5bf19b5ee\":{\"dataType\":\"string\",\"isBucketed\":true,\"label\":\"Top 10 values of nginx_ingress_controller.error.source.file\",\"operationType\":\"terms\",\"params\":{\"exclude\":[],\"excludeIsRegex\":false,\"include\":[],\"includeIsRegex\":false,\"missingBucket\":false,\"orderAgg\":{\"dataType\":\"number\",\"isBucketed\":false,\"label\":\"Count of records\",\"operationType\":\"count\",\"params\":{},\"scale\":\"ratio\",\"sourceField\":\"___records___\"},\"orderBy\":{\"type\":\"custom\"},\"orderDirection\":\"desc\",\"otherBucket\":false,\"parentFormat\":{\"id\":\"terms\"},\"secondaryFields\":[],\"size\":10},\"scale\":\"ordinal\",\"sourceField\":\"nginx_ingress_controller.error.source.file\"}},\"incompleteColumns\":{}}}},\"textBased\":{\"layers\":{}}},\"filters\":[],\"internalReferences\":[{\"id\":\"tsvb_ad_hoc_logs-*/@timestamp\",\"name\":\"indexpattern-datasource-layer-1839b5d1-ecd5-43f4-afc6-3f3dd12e55e0\",\"type\":\"index-pattern\"}],\"query\":{\"language\":\"kuery\",\"query\":\"\"},\"visualization\":{\"axisTitlesVisibilitySettings\":{\"x\":false,\"yLeft\":false,\"yRight\":false},\"fillOpacity\":0.5,\"fittingFunction\":\"None\",\"gridlinesVisibilitySettings\":{\"x\":false,\"yLeft\":false,\"yRight\":false},\"labelsOrientation\":{\"x\":0,\"yLeft\":0,\"yRight\":0},\"layers\":[{\"accessors\":[\"0f8b5577-73d5-47d7-9e8c-e2ed11fa672b\"],\"layerId\":\"1839b5d1-ecd5-43f4-afc6-3f3dd12e55e0\",\"layerType\":\"data\",\"palette\":{\"name\":\"default\",\"type\":\"palette\"},\"seriesType\":\"bar_horizontal\",\"xAccessor\":\"4e053125-d40a-4128-b75c-04f5bf19b5ee\",\"yConfig\":[{\"axisMode\":\"left\",\"color\":\"rgba(211,96,134,1)\",\"forAccessor\":\"0f8b5577-73d5-47d7-9e8c-e2ed11fa672b\"}]}],\"legend\":{\"isVisible\":true,\"maxLines\":1,\"position\":\"right\",\"shouldTruncate\":true,\"showSingleSeries\":true},\"preferredSeriesType\":\"bar_stacked\",\"tickLabelsVisibilitySettings\":{\"x\":true,\"yLeft\":false,\"yRight\":false},\"valueLabels\":\"show\"}},\"title\":\"\",\"type\":\"lens\",\"visualizationType\":\"lnsXY\"},\"enhancements\":{}},\"gridData\":{\"h\":12,\"i\":\"f20cee01-a23c-47c1-af89-4099856e6dde\",\"w\":17,\"x\":31,\"y\":5},\"panelIndex\":\"f20cee01-a23c-47c1-af89-4099856e6dde\",\"title\":\"Errors per source file\",\"type\":\"lens\"},{\"embeddableConfig\":{\"attributes\":{\"columns\":[\"log.level\",\"nginx_ingress_controller.error.source.file\",\"message\"],\"kibanaSavedObjectMeta\":{\"searchSourceJSON\":\"{\\\"filter\\\":[],\\\"highlight\\\":{\\\"fields\\\":{\\\"*\\\":{}},\\\"fragment_size\\\":2147483647,\\\"post_tags\\\":[\\\"@/kibana-highlighted-field@\\\"],\\\"pre_tags\\\":[\\\"@kibana-highlighted-field@\\\"],\\\"require_field_match\\\":false},\\\"highlightAll\\\":true,\\\"indexRefName\\\":\\\"kibanaSavedObjectMeta.searchSourceJSON.index\\\",\\\"query\\\":{\\\"language\\\":\\\"kuery\\\",\\\"query\\\":\\\"data_stream.dataset:nginx_ingress_controller.error\\\"},\\\"version\\\":true}\"},\"references\":[{\"id\":\"logs-*\",\"name\":\"kibanaSavedObjectMeta.searchSourceJSON.index\",\"type\":\"index-pattern\"}],\"sort\":[[\"@timestamp\",\"desc\"]]},\"enhancements\":{}},\"gridData\":{\"h\":15,\"i\":\"59f1cf23-7bf1-4856-ab9e-ae30e16f56bf\",\"w\":48,\"x\":0,\"y\":17},\"panelIndex\":\"59f1cf23-7bf1-4856-ab9e-ae30e16f56bf\",\"title\":\"Error logs\",\"type\":\"search\"},{\"embeddableConfig\":{\"attributes\":{\"references\":[],\"state\":{\"adHocDataViews\":{\"tsvb_ad_hoc_logs-*/@timestamp\":{\"allowHidden\":false,\"allowNoIndex\":false,\"fieldAttrs\":{},\"fieldFormats\":{},\"id\":\"tsvb_ad_hoc_logs-*/@timestamp\",\"name\":\"logs-*\",\"runtimeFieldMap\":{},\"sourceFilters\":[],\"timeFieldName\":\"@timestamp\",\"title\":\"logs-*\"}},\"datasourceStates\":{\"formBased\":{\"layers\":{\"369c59ea-4535-4007-b051-395d64990772\":{\"columnOrder\":[\"c9a20ff2-476f-4ad5-80c0-f42b5ab3b135\",\"5886841d-cb0c-4675-8450-2063998ac207\"],\"columns\":{\"5886841d-cb0c-4675-8450-2063998ac207\":{\"customLabel\":true,\"dataType\":\"number\",\"isBucketed\":false,\"label\":\"Access logs\",\"operationType\":\"count\",\"params\":{\"emptyAsNull\":false},\"scale\":\"ratio\",\"sourceField\":\"___records___\"},\"c9a20ff2-476f-4ad5-80c0-f42b5ab3b135\":{\"dataType\":\"date\",\"isBucketed\":true,\"label\":\"@timestamp\",\"operationType\":\"date_histogram\",\"params\":{\"dropPartials\":true,\"includeEmptyRows\":true,\"interval\":\"auto\"},\"scale\":\"interval\",\"sourceField\":\"@timestamp\"}},\"incompleteColumns\":{}}}},\"textBased\":{\"layers\":{}}},\"filters\":[{\"$state\":{\"store\":\"appState\"},\"meta\":{\"alias\":null,\"disabled\":false,\"index\":\"tsvb_ad_hoc_logs-*/@timestamp\",\"key\":\"data_stream.dataset\",\"negate\":false,\"params\":{\"query\":\"nginx_ingress_controller.access\"},\"type\":\"phrase\"},\"query\":{\"match_phrase\":{\"data_stream.dataset\":\"nginx_ingress_controller.access\"}}}],\"internalReferences\":[{\"id\":\"tsvb_ad_hoc_logs-*/@timestamp\",\"name\":\"indexpattern-datasource-layer-369c59ea-4535-4007-b051-395d64990772\",\"type\":\"index-pattern\"}],\"query\":{\"language\":\"kuery\",\"query\":\"\"},\"visualization\":{\"axisTitlesVisibilitySettings\":{\"x\":true,\"yLeft\":false,\"yRight\":true},\"fillOpacity\":0.5,\"fittingFunction\":\"None\",\"gridlinesVisibilitySettings\":{\"x\":true,\"yLeft\":true,\"yRight\":true},\"labelsOrientation\":{\"x\":0,\"yLeft\":0,\"yRight\":0},\"layers\":[{\"accessors\":[\"5886841d-cb0c-4675-8450-2063998ac207\"],\"layerId\":\"369c59ea-4535-4007-b051-395d64990772\",\"layerType\":\"data\",\"palette\":{\"name\":\"default\",\"type\":\"palette\"},\"seriesType\":\"area\",\"xAccessor\":\"c9a20ff2-476f-4ad5-80c0-f42b5ab3b135\",\"yConfig\":[{\"axisMode\":\"left\",\"color\":\"#68BC00\",\"forAccessor\":\"5886841d-cb0c-4675-8450-2063998ac207\"}]}],\"legend\":{\"isVisible\":true,\"maxLines\":1,\"position\":\"bottom\",\"shouldTruncate\":true,\"showSingleSeries\":true},\"preferredSeriesType\":\"bar_stacked\",\"tickLabelsVisibilitySettings\":{\"x\":true,\"yLeft\":true,\"yRight\":true},\"valueLabels\":\"hide\",\"yLeftExtent\":{\"mode\":\"full\"},\"yLeftScale\":\"linear\",\"yRightExtent\":{\"mode\":\"full\"},\"yRightScale\":\"linear\",\"yTitle\":\"\"}},\"title\":\"\",\"type\":\"lens\",\"visualizationType\":\"lnsXY\"},\"enhancements\":{}},\"gridData\":{\"h\":12,\"i\":\"9e3fbac9-8afc-41b5-b6c8-871122b5da7d\",\"w\":48,\"x\":0,\"y\":32},\"panelIndex\":\"9e3fbac9-8afc-41b5-b6c8-871122b5da7d\",\"title\":\"Access logs over time\",\"type\":\"lens\"},{\"embeddableConfig\":{\"attributes\":{\"columns\":[\"url.original\",\"http.request.method\",\"http.response.status_code\",\"http.response.body.bytes\"],\"kibanaSavedObjectMeta\":{\"searchSourceJSON\":\"{\\\"filter\\\":[],\\\"highlight\\\":{\\\"fields\\\":{\\\"*\\\":{}},\\\"fragment_size\\\":2147483647,\\\"post_tags\\\":[\\\"@/kibana-highlighted-field@\\\"],\\\"pre_tags\\\":[\\\"@kibana-highlighted-field@\\\"],\\\"require_field_match\\\":false},\\\"highlightAll\\\":true,\\\"indexRefName\\\":\\\"kibanaSavedObjectMeta.searchSourceJSON.index\\\",\\\"query\\\":{\\\"language\\\":\\\"kuery\\\",\\\"query\\\":\\\"data_stream.dataset:nginx_ingress_controller.access AND url.original:*\\\"},\\\"version\\\":true}\"},\"references\":[{\"id\":\"logs-*\",\"name\":\"kibanaSavedObjectMeta.searchSourceJSON.index\",\"type\":\"index-pattern\"}],\"sort\":[[\"@timestamp\",\"desc\"]]},\"enhancements\":{}},\"gridData\":{\"h\":18,\"i\":\"750f4c04-ae37-4a4f-b360-28a6bc3e31ce\",\"w\":48,\"x\":0,\"y\":44},\"panelIndex\":\"750f4c04-ae37-4a4f-b360-28a6bc3e31ce\",\"title\":\"Access logs\",\"type\":\"search\"},{\"embeddableConfig\":{\"enhancements\":{},\"savedVis\":{\"data\":{\"aggs\":[],\"searchSource\":{\"filter\":[],\"query\":{\"language\":\"kuery\",\"query\":\"\"}}},\"description\":\"\",\"params\":{\"fontSize\":12,\"markdown\":\"[Logs overview](#/view/nginx_ingress_controller-ce99d3c1-0472-4c0b-9976-46b56c2c5421) | [Access and error logs](#/view/nginx_ingress_controller-ba23759b-1201-4c5c-aff5-f0addd7eee9e)\",\"openLinksInNewTab\":false},\"type\":\"markdown\",\"uiState\":{}}},\"gridData\":{\"h\":5,\"i\":\"5c4411db-b108-4918-bbe5-08d5e7bdf69c\",\"w\":48,\"x\":0,\"y\":0},\"panelIndex\":\"5c4411db-b108-4918-bbe5-08d5e7bdf69c\",\"title\":\"Dashboard navigation\",\"type\":\"visualization\"}]",
    "timeRestore": false,
    "title": "[Logs Nginx Ingress Controller] Access and error logs",
    "version": 2
  },
  "coreMigrationVersion": "8.8.0",
  "created_at": "2024-06-27T16:33:41.004Z",
  "created_by": "u_mGBROF_q5bmFCATbLXAcCwKa0k8JvONAwSruelyKA5E_0",
  "id": "nginx_ingress_controller-ba23759b-1201-4c5c-aff5-f0addd7eee9e",
  "managed": false,
  "references": [
    {
      "id": "logs-*",
      "name": "kibanaSavedObjectMeta.searchSourceJSON.filter[0].meta.index",
      "type": "index-pattern"
    },
    {
      "id": "logs-*",
      "name": "59f1cf23-7bf1-4856-ab9e-ae30e16f56bf:kibanaSavedObjectMeta.searchSourceJSON.index",
      "type": "index-pattern"
    },
    {
      "id": "logs-*",
      "name": "750f4c04-ae37-4a4f-b360-28a6bc3e31ce:kibanaSavedObjectMeta.searchSourceJSON.index",
      "type": "index-pattern"
    },
    {
      "id": "logs-*",
      "name": "controlGroup_6fba25b4-7fe4-4134-b908-737e07430d40:optionsListDataView",
      "type": "index-pattern"
    }
  ],
  "type": "dashboard",
  "typeMigrationVersion": "10.2.0"
}