{
    "@timestamp": "2021-12-12T15:59:40.446Z",
    "agent": {
        "ephemeral_id": "fd6c4189-cbc6-493a-acfb-c9e7b2b7588c",
        "id": "c6b95057-2f5d-4b8f-b4b5-37cbdb995dec",
        "name": "docker-fleet-agent",
        "type": "filebeat",
        "version": "8.7.1"
    },
    "cloud": {
        "project": {
            "id": "key-reference-123456"
        },
        "provider": "gcp",
        "region": "global"
    },
    "data_stream": {
        "dataset": "gcp.dns",
        "namespace": "ep",
        "type": "logs"
    },
    "destination": {
        "address": "216.239.32.106",
        "ip": "216.239.32.106"
    },
    "dns": {
        "answers": [
            {
                "class": "IN",
                "data": "67.43.156.13",
                "name": "asdf.gcp.example.com.",
                "ttl": 300,
                "type": "A"
            }
        ],
        "question": {
            "name": "asdf.gcp.example.com",
            "registered_domain": "example.com",
            "subdomain": "asdf.gcp",
            "top_level_domain": "com",
            "type": "A"
        },
        "resolved_ip": [
            "67.43.156.13"
        ],
        "response_code": "NOERROR"
    },
    "ecs": {
        "version": "8.11.0"
    },
    "elastic_agent": {
        "id": "c6b95057-2f5d-4b8f-b4b5-37cbdb995dec",
        "snapshot": false,
        "version": "8.7.1"
    },
    "event": {
        "action": "dns-query",
        "agent_id_status": "verified",
        "category": [
            "network"
        ],
        "created": "2023-10-25T04:19:40.300Z",
        "dataset": "gcp.dns",
        "id": "zir4wud11tm",
        "ingested": "2023-10-25T04:19:41Z",
        "kind": "event",
        "outcome": "success"
    },
    "gcp": {
        "dns": {
            "auth_answer": true,
            "destination_ip": "216.239.32.106",
            "protocol": "UDP",
            "query_name": "asdf.gcp.example.com.",
            "query_type": "A",
            "response_code": "NOERROR",
            "server_latency": 0,
            "source_type": "internet",
            "target_type": "public-zone"
        }
    },
    "input": {
        "type": "gcp-pubsub"
    },
    "log": {
        "level": "INFO",
        "logger": "projects/key-reference-123456/logs/dns.googleapis.com%2Fdns_queries"
    },
    "network": {
        "iana_number": "17",
        "protocol": "dns",
        "transport": "udp"
    },
    "related": {
        "hosts": [
            "asdf.gcp.example.com"
        ],
        "ip": [
            "67.43.156.13",
            "216.239.32.106"
        ]
    },
    "tags": [
        "forwarded",
        "gcp-dns"
    ]
}