{
    "id": "55faa99b-ce17-4a41-9f63-4a7439e3543a",
    "type": "security-rule",
    "attributes": {
        "name": "New Device Discovered",
        "tags": [
            "TYCHON",
            "ARP"
        ],
        "interval": "8h",
        "enabled": false,
        "description": "TYCHON pulls the ARP tables from endpoints, when new devices are found they should be investigated and validated.",
        "risk_score": 21,
        "severity": "low",
        "note": "New devices come online and offline constantly, the MAC address should be investigated and resolved.",
        "license": "",
        "output_index": "",
        "author": [
            "TYCHON"
        ],
        "false_positives": [],
        "from": "now-32400s",
        "rule_id": "55faa99b-ce17-4a41-9f63-4a7439e3543a",
        "max_signals": 100,
        "risk_score_mapping": [],
        "severity_mapping": [],
        "threat": [
            {
                "framework": "MITRE ATT\u0026CK",
                "tactic": {
                    "id": "TA0007",
                    "reference": "https://attack.mitre.org/tactics/TA0007",
                    "name": "Discovery"
                },
                "technique": []
            }
        ],
        "to": "now",
        "references": [],
        "version": 1,
        "exceptions_list": [],
        "related_integrations": [],
        "required_fields": [],
        "setup": "",
        "type": "new_terms",
        "query": "not destination.mac : \"ff-ff-ff-ff-ff-ff\" ",
        "new_terms_fields": [
            "destination.mac"
        ],
        "history_window_start": "now-7d",
        "filters": [],
        "language": "kuery",
        "data_view_id": "4b420fb2-cf3e-40a2-a8fe-92db1bd570b2",
        "throttle": "no_actions",
        "actions": []
    }
}