{
    "id": "934a39a0-1138-11ee-af86-538da1394f27",
    "type": "security-rule",
    "attributes": {
        "name": "High Vulnerability Failed",
        "tags": [
            "TYCHON",
            "CVE",
            "CCRI"
        ],
        "interval": "5m",
        "enabled": true,
        "description": "A host with a high-severity CVE was flagged as being vulnerable.",
        "risk_score": 60,
        "severity": "medium",
        "note": "Investigator should work to resolve this patch and keep a close monitor on this endpoint.",
        "license": "",
        "output_index": "",
        "author": [
            "TYCHON"
        ],
        "false_positives": [],
        "from": "now-360s",
        "rule_id": "934a39a0-1138-11ee-af86-538da1394f27",
        "max_signals": 100,
        "risk_score_mapping": [],
        "severity_mapping": [],
        "threat": [
            {
                "framework": "MITRE ATT\u0026CK",
                "tactic": {
                    "id": "TA0001",
                    "reference": "https://attack.mitre.org/tactics/TA0001",
                    "name": "Initial Access"
                },
                "technique": []
            }
        ],
        "to": "now",
        "references": [],
        "version": 1,
        "exceptions_list": [],
        "related_integrations": [],
        "required_fields": [],
        "setup": "",
        "type": "query",
        "language": "kuery",
        "data_view_id": "5be62502-2bab-4d66-97ff-d9373963c50d",
        "query": "vulnerability.severity :\"HIGH\" and vulnerability.result : \"fail\" ",
        "filters": [],
        "throttle": "no_actions",
        "actions": []
    }
}