{
    "attributes": {
        "fieldAttrs": "{}",
        "fieldFormatMap": "{}",
        "fields": "[]",
        "name": "HISTORICAL - Disk Volumes (TYCHON)",
        "runtimeFieldMap": "{}",
        "sourceFilters": "[]",
        "timeFieldName": "event.ingested",
        "title": "logs-tychon.tychon_volume*",
        "typeMeta": "{}"
    },
    "coreMigrationVersion": "8.8.0",
    "created_at": "2023-08-30T10:59:56.550Z",
    "id": "02acfb43-5302-4331-bb10-4174171f6091",
    "managed": true,
    "references": [],
    "type": "index-pattern",
    "typeMigrationVersion": "8.0.0",
    "updated_at": "2023-08-30T10:59:56.550Z",
    "version": "Wzc5MSwyXQ=="
}