{
    "attributes": {
        "fieldAttrs": "{}",
        "fieldFormatMap": "{}",
        "fields": "[]",
        "name": "Hard Drives (TYCHON)",
        "runtimeFieldMap": "{}",
        "sourceFilters": "[]",
        "timeFieldName": "@timestamp",
        "title": "tychon_harddrive*",
        "typeMeta": "{}"
    },
    "coreMigrationVersion": "8.8.0",
    "created_at": "2023-08-17T21:06:28.654Z",
    "id": "2dc584bc-c446-4150-b561-1415a45ebe87",
    "managed": true,
    "migrationVersion": {
        "index-pattern": "8.0.0"
    },
    "references": [],
    "type": "index-pattern",
    "updated_at": "2023-08-17T21:07:10.085Z",
    "version": "WzY2MTQwMywxNl0="
}