{
    "attributes": {
        "fieldAttrs": "{}",
        "fieldFormatMap": "{}",
        "fields": "[]",
        "name": "HISTORICAL - Network Adapters (TYCHON)",
        "runtimeFieldMap": "{}",
        "sourceFilters": "[]",
        "timeFieldName": "event.ingested",
        "title": "logs-tychon.tychon_networkadapter*",
        "typeMeta": "{}"
    },
    "coreMigrationVersion": "8.8.0",
    "created_at": "2023-08-30T11:12:13.334Z",
    "id": "39822d3a-870f-4a82-8928-e9264b4d1a31",
    "managed": true,
    "references": [],
    "type": "index-pattern",
    "typeMigrationVersion": "8.0.0",
    "updated_at": "2023-08-30T11:12:13.334Z",
    "version": "Wzc5OCwyXQ=="
}