{
    "attributes": {
        "fieldAttrs": "{}",
        "fieldFormatMap": "{}",
        "fields": "[]",
        "name": "HISTORICAL - Hardware (TYCHON)",
        "runtimeFieldMap": "{}",
        "sourceFilters": "[]",
        "timeFieldName": "event.ingested",
        "title": "logs-tychon.tychon_hardware*",
        "typeMeta": "{}"
    },
    "coreMigrationVersion": "8.8.0",
    "created_at": "2023-08-30T11:07:03.361Z",
    "id": "41d172ee-a0b8-4b20-9c93-6482f0abbdec",
    "managed": true,
    "references": [],
    "type": "index-pattern",
    "typeMigrationVersion": "8.0.0",
    "updated_at": "2023-08-30T11:07:03.361Z",
    "version": "Wzc5NSwyXQ=="
}