{
    "attributes": {
        "fieldAttrs": "{}",
        "fieldFormatMap": "{}",
        "fields": "[]",
        "name": "HISTORICAL - Vulnerability Information (TYCHON)",
        "runtimeFieldMap": "{}",
        "sourceFilters": "[]",
        "timeFieldName": "event.ingested",
        "title": "logs-tychon.tychon_cve*",
        "typeMeta": "{}"
    },
    "coreMigrationVersion": "8.8.0",
    "created_at": "2023-08-30T11:17:22.732Z",
    "id": "5be62502-2bab-4d66-97ff-d9373963c50d",
    "managed": true,
    "references": [],
    "type": "index-pattern",
    "typeMigrationVersion": "8.0.0",
    "updated_at": "2023-08-30T11:17:22.732Z",
    "version": "WzgwMCwyXQ=="
}