{
    "attributes": {
        "fieldAttrs": "{}",
        "fieldFormatMap": "{}",
        "fields": "[]",
        "name": "Endpoint Protection Status (TYCHON)",
        "runtimeFieldMap": "{}",
        "sourceFilters": "[]",
        "timeFieldName": "@timestamp",
        "title": "tychon_epp*",
        "typeMeta": "{}"
    },
    "coreMigrationVersion": "8.8.0",
    "created_at": "2023-06-22T19:32:15.953Z",
    "id": "6c3bf5e0-0feb-4113-a417-ac5e69cd6e00",
    "managed": true,
    "migrationVersion": {
        "index-pattern": "8.0.0"
    },
    "references": [],
    "type": "index-pattern",
    "updated_at": "2023-06-22T19:32:45.709Z",
    "version": "WzI4NTA1MSwxM10="
}