{
    "attributes": {
        "fieldAttrs": "{\"host.hostname\":{\"count\":2},\"vulnerability.iava\":{\"count\":1},\"vulnerability.id\":{\"count\":2},\"vulnerability.result\":{\"count\":2}}",
        "fieldFormatMap": "{\"vulnerability.reference\":{\"id\":\"url\",\"params\":{}}}",
        "fields": "[]",
        "name": "Vulnerability Data (TYCHON)",
        "runtimeFieldMap": "{}",
        "sourceFilters": "[]",
        "timeFieldName": "@timestamp",
        "title": "tychon_cve*",
        "typeMeta": "{}"
    },
    "coreMigrationVersion": "8.8.0",
    "created_at": "2023-06-20T13:44:21.061Z",
    "id": "78931842-dc88-45d7-a6ee-d79fb9f615bd",
    "managed": true,
    "migrationVersion": {
        "index-pattern": "8.0.0"
    },
    "references": [],
    "type": "index-pattern",
    "updated_at": "2023-06-22T13:18:00.210Z",
    "version": "WzI4MDk5OSwxM10="
}