{
    "attributes": {
        "fieldAttrs": "{\"agent.name\":{\"count\":1},\"tychon.id\":{\"count\":2}}",
        "fieldFormatMap": "{}",
        "fields": "[]",
        "name": "ARP (TYCHON)",
        "runtimeFieldMap": "{}",
        "sourceFilters": "[]",
        "timeFieldName": "event.ingested",
        "title": "tychon_arp*",
        "typeMeta": "{}"
    },
    "coreMigrationVersion": "8.8.0",
    "created_at": "2023-04-03T15:59:09.464Z",
    "id": "8532a0b4-2a02-4dfa-b6aa-aabe01125b61",
    "managed": true,
    "migrationVersion": {
        "index-pattern": "8.0.0"
    },
    "references": [],
    "type": "index-pattern",
    "updated_at": "2023-08-18T13:15:57.463Z",
    "version": "WzY3NTUxMCwxNl0="
}