{
    "attributes": {
        "fieldAttrs": "{}",
        "fieldFormatMap": "{}",
        "fields": "[]",
        "name": "Host CPUs (TYCHON)",
        "runtimeFieldMap": "{}",
        "sourceFilters": "[]",
        "timeFieldName": "@timestamp",
        "title": "tychon_cpu*",
        "typeMeta": "{}"
    },
    "coreMigrationVersion": "8.8.0",
    "created_at": "2023-08-17T22:16:32.434Z",
    "id": "a264bf8d-abc3-4789-9f4c-bf76397e06ba",
    "managed": true,
    "migrationVersion": {
        "index-pattern": "8.0.0"
    },
    "references": [],
    "type": "index-pattern",
    "updated_at": "2023-08-17T22:16:32.434Z",
    "version": "WzY2MzMzNiwxNl0="
}