{
    "attributes": {
        "fieldAttrs": "{}",
        "fieldFormatMap": "{}",
        "fields": "[]",
        "name": "HISTORICAL - Host Info (TYCHON)",
        "runtimeFieldMap": "{}",
        "sourceFilters": "[]",
        "timeFieldName": "event.ingested",
        "title": "logs-tychon.tychon_host*",
        "typeMeta": "{}"
    },
    "coreMigrationVersion": "8.8.0",
    "created_at": "2023-08-30T11:10:11.104Z",
    "id": "a61d021d-d78f-485d-93b2-8075149794af",
    "managed": true,
    "references": [],
    "type": "index-pattern",
    "typeMigrationVersion": "8.0.0",
    "updated_at": "2023-08-30T11:10:11.104Z",
    "version": "Wzc5NywyXQ=="
}