{
    "attributes": {
        "fieldAttrs": "{\"event.dataset\":{\"count\":1}}",
        "fieldFormatMap": "{}",
        "fields": "[]",
        "name": "All TYCHON Logs (TYCHON)",
        "runtimeFieldMap": "{}",
        "sourceFilters": "[]",
        "timeFieldName": "@timestamp",
        "title": "tychon_*",
        "typeMeta": "{}"
    },
    "coreMigrationVersion": "8.8.0",
    "created_at": "2023-04-05T12:18:33.104Z",
    "id": "bb5226cd-c099-46d2-bb71-0257232c7d82",
    "managed": true,
    "migrationVersion": {
        "index-pattern": "8.0.0"
    },
    "references": [],
    "type": "index-pattern",
    "updated_at": "2023-04-05T12:59:43.059Z",
    "version": "WzI1OTI3LDNd"
}