{
    "attributes": {
        "fieldAttrs": "{\"event.provider\":{\"count\":1}}",
        "fieldFormatMap": "{}",
        "fields": "[]",
        "name": "Windows Application Logs (TYCHON)",
        "runtimeFieldMap": "{}",
        "sourceFilters": "[]",
        "timeFieldName": "@timestamp",
        "title": "logs-system.application*",
        "typeMeta": "{}"
    },
    "coreMigrationVersion": "8.8.0",
    "created_at": "2023-06-21T13:44:35.159Z",
    "id": "df491fbb-3f09-4ab0-995a-c2c549a9bc21",
    "managed": true,
    "migrationVersion": {
        "index-pattern": "8.0.0"
    },
    "references": [],
    "type": "index-pattern",
    "updated_at": "2023-06-21T13:45:32.456Z",
    "version": "WzI2NzU5NSwxM10="
}