{
    "attributes": {
        "fieldAttrs": "{}",
        "fieldFormatMap": "{}",
        "fields": "[]",
        "name": "Software Inventory (TYCHON)",
        "runtimeFieldMap": "{}",
        "sourceFilters": "[]",
        "timeFieldName": "@timestamp",
        "title": "tychon_softwareinventory*",
        "typeMeta": "{}"
    },
    "coreMigrationVersion": "8.8.0",
    "created_at": "2023-08-18T19:23:20.043Z",
    "id": "e0015160-781d-4885-9ae6-04230d059bfb",
    "managed": true,
    "migrationVersion": {
        "index-pattern": "8.0.0"
    },
    "references": [],
    "type": "index-pattern",
    "updated_at": "2023-08-18T19:23:20.043Z",
    "version": "WzY4MzE0MiwxNl0="
}