{
    "attributes": {
        "fieldAttrs": "{\"tychon.id\":{\"count\":1}}",
        "fieldFormatMap": "{}",
        "fields": "[]",
        "name": "Network Adapters (TYCHON)",
        "runtimeFieldMap": "{}",
        "sourceFilters": "[]",
        "timeFieldName": "@timestamp",
        "title": "tychon_networkadapter*",
        "typeMeta": "{}"
    },
    "coreMigrationVersion": "8.8.0",
    "created_at": "2023-08-18T19:11:21.754Z",
    "id": "e886429e-9532-4f44-bb36-6465fe760866",
    "managed": true,
    "migrationVersion": {
        "index-pattern": "8.0.0"
    },
    "references": [],
    "type": "index-pattern",
    "updated_at": "2023-08-18T22:15:54.140Z",
    "version": "WzY5MDAzMywxNl0="
}