{
    "attributes": {
        "fieldAttrs": "{\"STIG_ID\":{\"count\":3},\"rule.id\":{\"count\":2},\"VULN_ID\":{\"count\":2},\"rule.result.score\":{\"count\":2},\"benchmark.name\":{\"count\":1},\"rule.finding_id\":{\"count\":1},\"rule.result\":{\"count\":1}}",
        "fieldFormatMap": "{}",
        "fields": "[]",
        "name": "STIG SCAP Results (TYCHON)",
        "runtimeFieldMap": "{\"STIG_ID\":{\"type\":\"keyword\",\"script\":{\"source\":\"if (doc[\\\"rule.id\\\"].length \u003e 0){\\r\\n    def rule_id = doc[\\\"rule.id\\\"].value;\\r\\nif (rule_id == ''){\\r\\n    def rule_name = doc[\\\"rule.name\\\"].value.replace('xccdf_mil.disa.stig_rule_','');\\r\\n    def iof = rule_name.indexOf('r');\\r\\n    emit(rule_name.substring(0, iof))\\r\\n}else{\\r\\n    emit(rule_id)\\r\\n}\\r\\n\\r\\n}\\r\\nelse{\\r\\n    emit(\\\"\\\")\\r\\n}\"}},\"VULN_ID\":{\"type\":\"keyword\",\"script\":{\"source\":\"if (doc[\\\"rule.id\\\"].length \u003e 0){\\r\\n    def rule_id = doc[\\\"rule.id\\\"].value;\\r\\nif (rule_id == ''){\\r\\n    def rule_name = doc[\\\"rule.name\\\"].value.replace('xccdf_mil.disa.stig_rule_','');\\r\\n    def iof = rule_name.indexOf('r');\\r\\n    emit(rule_name.substring(0, iof))\\r\\n}else{\\r\\n    emit(rule_id)\\r\\n}\\r\\n\\r\\n}\\r\\nelse{\\r\\n    emit(\\\"\\\")\\r\\n}\"}},\"rule.result.score\":{\"type\":\"long\",\"script\":{\"source\":\"if (doc[\\\"rule.result\\\"].length \u003e 0){\\r\\n    if (doc[\\\"rule.result\\\"].value == \\\"fail\\\"){\\r\\n        emit(10)\\r\\n    }else{\\r\\n        emit(0)\\r\\n    }\\r\\n        \\r\\n}\"}},\"benchmarkname\":{\"type\":\"keyword\",\"script\":{\"source\":\"if (doc[\\\"benchmark.name\\\"].length \u003e 0){\\r\\n    def namesplit = doc[\\\"benchmark.name\\\"].value.replace(\\\"scap_mil.disa.stig_cref_U_\\\",\\\"\\\").replace(\\\"_STIG_SCAP_1-2_Benchmark-xccdf.xml\\\", \\\"\\\");\\r\\n    emit(namesplit);\\r\\n}\\r\\n\\r\\n\\r\\n\"}}}",
        "sourceFilters": "[]",
        "timeFieldName": "@timestamp",
        "title": "tychon_stig*",
        "typeMeta": "{}"
    },
    "coreMigrationVersion": "8.8.0",
    "created_at": "2023-06-20T13:50:39.404Z",
    "id": "ed7c1bb4-5aac-45d4-9aff-06f4d4ad4a9a",
    "managed": true,
    "migrationVersion": {
        "index-pattern": "8.0.0"
    },
    "references": [],
    "type": "index-pattern",
    "updated_at": "2023-06-21T19:05:32.364Z",
    "version": "WzI3NDQxOCwxM10="
}