{
    "attributes": {
        "color": "#75899c",
        "description": "This tag indicates a \"Starting Point\" for dashboards that utulize drill downs.",
        "name": "TYCHON Primary View"
    },
    "coreMigrationVersion": "8.6.2",
    "created_at": "2023-08-18T12:04:15.710Z",
    "id": "tychon-5a3ae0c0-3dbf-11ee-9610-15dee918f31a",
    "migrationVersion": {
        "tag": "8.0.0"
    },
    "references": [],
    "type": "tag",
    "updated_at": "2023-08-18T12:04:15.710Z",
    "version": "WzY3MzY3MCwxNl0="
}