{
    "attributes": {
        "color": "#efe009",
        "description": "The TYCHON Endpoint Browser allows a user to see detailed Endpoint Reported data for a single host.",
        "name": "Endpoint Browser"
    },
    "coreMigrationVersion": "8.6.2",
    "created_at": "2023-08-18T16:45:29.125Z",
    "id": "tychon-a3922360-3de6-11ee-9610-15dee918f31a",
    "migrationVersion": {
        "tag": "8.0.0"
    },
    "references": [],
    "type": "tag",
    "updated_at": "2023-08-18T16:45:29.125Z",
    "version": "WzY4MDQ3NSwxNl0="
}