{
    "attributes": {
        "color": "#13814a",
        "description": "TYCHON reported TCP and UDP ports that are or were open and listening on endpoints.",
        "name": "Open Ports"
    },
    "coreMigrationVersion": "8.6.2",
    "created_at": "2023-08-18T16:33:49.204Z",
    "id": "tychon-026431f0-3de5-11ee-9610-15dee918f31a",
    "migrationVersion": {
        "tag": "8.0.0"
    },
    "references": [],
    "type": "tag",
    "updated_at": "2023-08-18T16:33:49.204Z",
    "version": "WzY4MDI0OCwxNl0="
}