{
    "@timestamp": "2017-10-12T08:05:34.853Z",
    "cloud": {
        "account": {
            "id": "01475F-5B1080-1137E7"
        },
        "project": {
            "id": "elastic-bi",
            "name": "elastic-containerlib-prod"
        },
        "provider": "gcp"
    },
    "event": {
        "dataset": "gcp.billing",
        "duration": 115000,
        "module": "gcp"
    },
    "gcp": {
        "billing": {
            "billing_account_id": "01475F-5B1080-1137E7",
            "cost_type": "regular",
            "invoice_month": "202106",
            "project_id": "containerlib-prod-12763",
            "project_name": "elastic-containerlib-prod",
            "total": 4717.170681,
            "sku_id": "0D56-2F80-52A5",
            "service_id": "6F81-5844-456A",
            "sku_description": "Network Inter Region Ingress from Jakarta to Americas",
            "service_description": "Compute Engine",
            "effective_price": 0.00292353,
            "tags": [
                {
                    "key": "stage",
                    "value": "prod"
                },
                {
                    "key": "size",
                    "value": "standard"
                }
            ]
        }
    },
    "metricset": {
        "name": "billing",
        "period": 10000
    },
    "service": {
        "type": "gcp"
    }
}