{
    "policy": {
        "phases": {
            "hot": {
                "actions": {
                    "rollover": {
                        "max_age": "7d",
                        "max_size": "50gb"
                    },
                    "set_priority": {
                        "priority": 100
                    }
                }
            },
            "delete": {
                "min_age": "7d",
                "actions": {
                    "delete": {}
                }
            }
        }
    }
}
