{
    "@timestamp": "2019-06-14T03:50:10.845Z",
    "agent": {
        "ephemeral_id": "0b8165a2-0e25-4e9a-bb68-271697e0993f",
        "id": "c6b95057-2f5d-4b8f-b4b5-37cbdb995dec",
        "name": "docker-fleet-agent",
        "type": "filebeat",
        "version": "8.7.1"
    },
    "cloud": {
        "availability_zone": "us-east1-b",
        "instance": {
            "name": "kibana"
        },
        "project": {
            "id": "my-sample-project"
        },
        "provider": "gcp",
        "region": "us-east1"
    },
    "data_stream": {
        "dataset": "gcp.vpcflow",
        "namespace": "ep",
        "type": "logs"
    },
    "destination": {
        "address": "10.139.99.242",
        "domain": "elasticsearch",
        "ip": "10.139.99.242",
        "port": 9200
    },
    "ecs": {
        "version": "8.11.0"
    },
    "elastic_agent": {
        "id": "c6b95057-2f5d-4b8f-b4b5-37cbdb995dec",
        "snapshot": false,
        "version": "8.7.1"
    },
    "event": {
        "agent_id_status": "verified",
        "category": [
            "network"
        ],
        "created": "2023-10-25T04:21:42.006Z",
        "dataset": "gcp.vpcflow",
        "end": "2019-06-14T03:49:51.821056075Z",
        "id": "ut8lbrffooxz5",
        "ingested": "2023-10-25T04:21:43Z",
        "kind": "event",
        "start": "2019-06-14T03:40:20.510622432Z",
        "type": [
            "connection"
        ]
    },
    "gcp": {
        "destination": {
            "instance": {
                "project_id": "my-sample-project",
                "region": "us-east1",
                "zone": "us-east1-b"
            },
            "vpc": {
                "project_id": "my-sample-project",
                "subnetwork_name": "default",
                "vpc_name": "default"
            }
        },
        "source": {
            "instance": {
                "project_id": "my-sample-project",
                "region": "us-east1",
                "zone": "us-east1-b"
            },
            "vpc": {
                "project_id": "my-sample-project",
                "subnetwork_name": "default",
                "vpc_name": "default"
            }
        },
        "vpcflow": {
            "reporter": "DEST",
            "rtt": {
                "ms": 201
            }
        }
    },
    "input": {
        "type": "gcp-pubsub"
    },
    "log": {
        "logger": "projects/my-sample-project/logs/compute.googleapis.com%2Fvpc_flows"
    },
    "network": {
        "bytes": 11773,
        "community_id": "1:FYaJFSEAKLcBCMFoT6sR5TMHf/s=",
        "direction": "internal",
        "iana_number": "6",
        "name": "default",
        "packets": 94,
        "transport": "tcp",
        "type": "ipv4"
    },
    "related": {
        "ip": [
            "67.43.156.13",
            "10.139.99.242"
        ]
    },
    "source": {
        "address": "67.43.156.13",
        "as": {
            "number": 35908
        },
        "bytes": 11773,
        "domain": "kibana",
        "geo": {
            "continent_name": "Asia",
            "country_iso_code": "BT",
            "country_name": "Bhutan",
            "location": {
                "lat": 27.5,
                "lon": 90.5
            }
        },
        "ip": "67.43.156.13",
        "packets": 94,
        "port": 33576
    },
    "tags": [
        "forwarded",
        "gcp-vpcflow"
    ]
}