{
    "@timestamp": "2017-10-12T08:05:34.853Z",
    "cloud": {
        "account": {
            "id": "elastic-observability"
        },
        "provider": "gcp",
        "region": "us-central1",
        "availability_zone": "us-central1-a"
    },
    "event": {
        "dataset": "gcp.loadbalancing_metrics",
        "duration": 115000,
        "module": "gcp"
    },
    "gcp": {
        "labels": {
            "metrics": {
                "client_network": "ocp-be-c5kjr-network",
                "client_subnetwork": "ocp-be-c5kjr-worker-subnet",
                "client_zone": "us-central1-a"
            },
            "resource": {
                "backend_name": "ocp-be-c5kjr-master-us-central1-a",
                "backend_scope": "us-central1-a",
                "backend_scope_type": "ZONE",
                "backend_subnetwork_name": "ocp-be-c5kjr-master-subnet",
                "backend_target_name": "ocp-be-c5kjr-api-internal",
                "backend_target_type": "BACKEND_SERVICE",
                "backend_type": "INSTANCE_GROUP",
                "forwarding_rule_name": "ocp-be-c5kjr-api-internal",
                "load_balancer_name": "ocp-be-c5kjr-api-internal",
                "network_name": "ocp-be-c5kjr-network",
                "region": "us-central1"
            }
        },
        "loadbalancing_metrics": {
            "l3": {
                "internal": {
                    "egress_packets": {
                        "count": 100
                    },
                    "egress": {
                        "bytes": 1247589
                    }
                }
            }
        }
    },
    "metricset": {
        "name": "loadbalancing",
        "period": 10000
    },
    "service": {
        "type": "gcp"
    }
}