{
    "@timestamp": "2019-10-30T13:52:42.191Z",
    "agent": {
        "ephemeral_id": "175ae0b3-355c-4ca7-87ea-d5f1ee34102e",
        "id": "c6b95057-2f5d-4b8f-b4b5-37cbdb995dec",
        "name": "docker-fleet-agent",
        "type": "filebeat",
        "version": "8.7.1"
    },
    "cloud": {
        "availability_zone": "us-east1-b",
        "project": {
            "id": "test-beats"
        },
        "provider": "gcp",
        "region": "us-east1"
    },
    "data_stream": {
        "dataset": "gcp.firewall",
        "namespace": "ep",
        "type": "logs"
    },
    "destination": {
        "address": "10.42.0.2",
        "domain": "test-windows",
        "ip": "10.42.0.2",
        "port": 3389
    },
    "ecs": {
        "version": "8.11.0"
    },
    "elastic_agent": {
        "id": "c6b95057-2f5d-4b8f-b4b5-37cbdb995dec",
        "snapshot": false,
        "version": "8.7.1"
    },
    "event": {
        "action": "firewall-rule",
        "agent_id_status": "verified",
        "category": [
            "network"
        ],
        "created": "2023-10-25T04:20:37.182Z",
        "dataset": "gcp.firewall",
        "id": "1f21ciqfpfssuo",
        "ingested": "2023-10-25T04:20:41Z",
        "kind": "event",
        "type": [
            "allowed",
            "connection"
        ]
    },
    "gcp": {
        "destination": {
            "instance": {
                "project_id": "test-beats",
                "region": "us-east1",
                "zone": "us-east1-b"
            },
            "vpc": {
                "project_id": "test-beats",
                "subnetwork_name": "windows-isolated",
                "vpc_name": "windows-isolated"
            }
        },
        "firewall": {
            "rule_details": {
                "action": "ALLOW",
                "direction": "INGRESS",
                "ip_port_info": [
                    {
                        "ip_protocol": "TCP",
                        "port_range": [
                            "3389"
                        ]
                    }
                ],
                "priority": 1000,
                "source_range": [
                    "0.0.0.0/0"
                ],
                "target_tag": [
                    "allow-rdp"
                ]
            }
        }
    },
    "input": {
        "type": "gcp-pubsub"
    },
    "log": {
        "logger": "projects/test-beats/logs/compute.googleapis.com%2Ffirewall"
    },
    "network": {
        "community_id": "1:OdLB9eXsBDLz8m97ao4LepX6q+4=",
        "direction": "inbound",
        "iana_number": "6",
        "name": "windows-isolated",
        "transport": "tcp",
        "type": "ipv4"
    },
    "related": {
        "ip": [
            "192.168.2.126",
            "10.42.0.2"
        ]
    },
    "rule": {
        "name": "network:windows-isolated/firewall:windows-isolated-allow-rdp"
    },
    "source": {
        "address": "192.168.2.126",
        "geo": {
            "continent_name": "Asia",
            "country_name": "omn"
        },
        "ip": "192.168.2.126",
        "port": 64853
    },
    "tags": [
        "forwarded",
        "gcp-firewall"
    ]
}