{
  "attributes": {
    "controlGroupInput": {
      "chainingSystem": "HIERARCHICAL",
      "controlStyle": "oneLine",
      "ignoreParentSettingsJSON": "{\"ignoreFilters\":false,\"ignoreQuery\":false,\"ignoreTimerange\":false,\"ignoreValidations\":false}",
      "panelsJSON": "{}",
      "showApplySelections": false
    },
    "description": "",
    "kibanaSavedObjectMeta": {
      "searchSourceJSON": "{\"filter\":[{\"$state\":{\"store\":\"appState\"},\"meta\":{\"alias\":null,\"disabled\":false,\"field\":\"audit_event\",\"indexRefName\":\"kibanaSavedObjectMeta.searchSourceJSON.filter[0].meta.index\",\"key\":\"audit_event\",\"negate\":false,\"type\":\"exists\"},\"query\":{\"exists\":{\"field\":\"audit_event\"}}}],\"query\":{\"language\":\"kuery\",\"query\":\"\"}}"
    },
    "optionsJSON": "{\"hidePanelTitles\":false,\"syncColors\":false,\"syncCursor\":true,\"syncTooltips\":false,\"useMargins\":true}",
    "panelsJSON": "[{\"embeddableConfig\":{\"attributes\":{\"description\":\"\",\"layerListJSON\":\"[{\\\"alpha\\\":1,\\\"id\\\":\\\"c5b34090-705e-4305-95f2-108b10774166\\\",\\\"includeInFitToBounds\\\":true,\\\"label\\\":null,\\\"locale\\\":\\\"autoselect\\\",\\\"maxZoom\\\":24,\\\"minZoom\\\":0,\\\"sourceDescriptor\\\":{\\\"isAutoSelect\\\":true,\\\"lightModeDefault\\\":\\\"road_map_desaturated\\\",\\\"type\\\":\\\"EMS_TMS\\\"},\\\"style\\\":{\\\"color\\\":\\\"\\\",\\\"type\\\":\\\"EMS_VECTOR_TILE\\\"},\\\"type\\\":\\\"EMS_VECTOR_TILE\\\",\\\"visible\\\":true},{\\\"alpha\\\":0.75,\\\"disableTooltips\\\":false,\\\"id\\\":\\\"747287a0-b30a-4c06-9a4f-194da33566da\\\",\\\"includeInFitToBounds\\\":true,\\\"joins\\\":[],\\\"label\\\":null,\\\"maxZoom\\\":24,\\\"minZoom\\\":0,\\\"sourceDescriptor\\\":{\\\"applyForceRefresh\\\":true,\\\"applyGlobalQuery\\\":true,\\\"applyGlobalTime\\\":true,\\\"filterByMapBounds\\\":true,\\\"geoField\\\":\\\"source.geo.location\\\",\\\"id\\\":\\\"b5a668a7-d974-4dcc-84de-9fe9bc6a7d0c\\\",\\\"indexPatternRefName\\\":\\\"layer_1_source_index_pattern\\\",\\\"scalingType\\\":\\\"MVT\\\",\\\"sortField\\\":\\\"\\\",\\\"sortOrder\\\":\\\"desc\\\",\\\"tooltipProperties\\\":[],\\\"topHitsGroupByTimeseries\\\":false,\\\"topHitsSize\\\":1,\\\"topHitsSplitField\\\":\\\"\\\",\\\"type\\\":\\\"ES_SEARCH\\\"},\\\"style\\\":{\\\"isTimeAware\\\":true,\\\"properties\\\":{\\\"fillColor\\\":{\\\"options\\\":{\\\"color\\\":\\\"#54B399\\\"},\\\"type\\\":\\\"STATIC\\\"},\\\"icon\\\":{\\\"options\\\":{\\\"value\\\":\\\"marker\\\"},\\\"type\\\":\\\"STATIC\\\"},\\\"iconOrientation\\\":{\\\"options\\\":{\\\"orientation\\\":0},\\\"type\\\":\\\"STATIC\\\"},\\\"iconSize\\\":{\\\"options\\\":{\\\"size\\\":6},\\\"type\\\":\\\"STATIC\\\"},\\\"labelBorderColor\\\":{\\\"options\\\":{\\\"color\\\":\\\"#FFFFFF\\\"},\\\"type\\\":\\\"STATIC\\\"},\\\"labelBorderSize\\\":{\\\"options\\\":{\\\"size\\\":\\\"SMALL\\\"}},\\\"labelColor\\\":{\\\"options\\\":{\\\"color\\\":\\\"#000000\\\"},\\\"type\\\":\\\"STATIC\\\"},\\\"labelPosition\\\":{\\\"options\\\":{\\\"position\\\":\\\"CENTER\\\"}},\\\"labelSize\\\":{\\\"options\\\":{\\\"size\\\":14},\\\"type\\\":\\\"STATIC\\\"},\\\"labelText\\\":{\\\"options\\\":{\\\"value\\\":\\\"\\\"},\\\"type\\\":\\\"STATIC\\\"},\\\"labelZoomRange\\\":{\\\"options\\\":{\\\"maxZoom\\\":24,\\\"minZoom\\\":0,\\\"useLayerZoomRange\\\":true}},\\\"lineColor\\\":{\\\"options\\\":{\\\"color\\\":\\\"#41937c\\\"},\\\"type\\\":\\\"STATIC\\\"},\\\"lineWidth\\\":{\\\"options\\\":{\\\"size\\\":0},\\\"type\\\":\\\"STATIC\\\"},\\\"symbolizeAs\\\":{\\\"options\\\":{\\\"value\\\":\\\"circle\\\"}}},\\\"type\\\":\\\"VECTOR\\\"},\\\"type\\\":\\\"MVT_VECTOR\\\",\\\"visible\\\":true}]\",\"mapStateJSON\":\"{\\\"adHocDataViews\\\":[],\\\"center\\\":{\\\"lat\\\":19.94277,\\\"lon\\\":0},\\\"filters\\\":[],\\\"query\\\":{\\\"language\\\":\\\"kuery\\\",\\\"query\\\":\\\"\\\"},\\\"refreshConfig\\\":{\\\"interval\\\":60000,\\\"isPaused\\\":true},\\\"settings\\\":{\\\"autoFitToDataBounds\\\":false,\\\"backgroundColor\\\":\\\"transparent\\\",\\\"browserLocation\\\":{\\\"zoom\\\":2},\\\"customIcons\\\":[],\\\"disableInteractive\\\":false,\\\"disableTooltipControl\\\":false,\\\"fixedLocation\\\":{\\\"lat\\\":0,\\\"lon\\\":0,\\\"zoom\\\":2},\\\"hideLayerControl\\\":false,\\\"hideToolbarOverlay\\\":false,\\\"hideViewControl\\\":false,\\\"initialLocation\\\":\\\"LAST_SAVED_LOCATION\\\",\\\"keydownScrollZoom\\\":false,\\\"maxZoom\\\":24,\\\"minZoom\\\":0,\\\"showScaleControl\\\":false,\\\"showSpatialFilters\\\":true,\\\"showTimesliderToggleButton\\\":true,\\\"spatialFiltersAlpa\\\":0.3,\\\"spatialFiltersFillColor\\\":\\\"#DA8B45\\\",\\\"spatialFiltersLineColor\\\":\\\"#DA8B45\\\"},\\\"timeFilters\\\":{\\\"from\\\":\\\"now-15m\\\",\\\"to\\\":\\\"now\\\"},\\\"zoom\\\":1.52}\",\"title\":\"\",\"uiStateJSON\":\"{\\\"isLayerTOCOpen\\\":true,\\\"openTOCDetails\\\":[]}\"},\"enhancements\":{\"dynamicActions\":{\"events\":[]}},\"hiddenLayers\":[],\"isLayerTOCOpen\":false,\"mapBuffer\":{\"maxLat\":85.05113,\"maxLon\":180,\"minLat\":-66.51326,\"minLon\":-180},\"mapCenter\":{\"lat\":22.37677,\"lon\":14.05434,\"zoom\":1.52},\"openTOCDetails\":[]},\"gridData\":{\"h\":24,\"i\":\"019358ad-0524-45c1-933b-ada2f8afc084\",\"w\":30,\"x\":0,\"y\":0},\"panelIndex\":\"019358ad-0524-45c1-933b-ada2f8afc084\",\"type\":\"map\"},{\"embeddableConfig\":{\"attributes\":{\"references\":[{\"id\":\"logs-*\",\"name\":\"indexpattern-datasource-layer-5ef5b79e-faf1-4074-97c8-9d2ad6aa7ed8\",\"type\":\"index-pattern\"}],\"state\":{\"adHocDataViews\":{},\"datasourceStates\":{\"formBased\":{\"layers\":{\"5ef5b79e-faf1-4074-97c8-9d2ad6aa7ed8\":{\"columnOrder\":[\"dfa16078-65b8-4950-b92c-1febbade7396\"],\"columns\":{\"dfa16078-65b8-4950-b92c-1febbade7396\":{\"customLabel\":true,\"dataType\":\"number\",\"isBucketed\":false,\"label\":\"Number of Events\",\"operationType\":\"count\",\"params\":{\"emptyAsNull\":true},\"scale\":\"ratio\",\"sourceField\":\"___records___\"}},\"incompleteColumns\":{},\"sampling\":1}}}},\"filters\":[],\"internalReferences\":[],\"query\":{\"language\":\"kuery\",\"query\":\"audit_event : *\"},\"visualization\":{\"layerId\":\"5ef5b79e-faf1-4074-97c8-9d2ad6aa7ed8\",\"layerType\":\"data\",\"metricAccessor\":\"dfa16078-65b8-4950-b92c-1febbade7396\",\"subtitle\":\"Number of events\",\"titlesTextAlign\":\"left\",\"valueFontMode\":\"default\"}},\"title\":\"\",\"type\":\"lens\",\"visualizationType\":\"lnsMetric\"},\"enhancements\":{\"dynamicActions\":{\"events\":[]}},\"filters\":[],\"query\":{\"language\":\"kuery\",\"query\":\"audit_event : *\"},\"syncColors\":false,\"syncCursor\":true,\"syncTooltips\":false},\"gridData\":{\"h\":12,\"i\":\"90f74f2a-d55d-4092-9b92-695f3296120e\",\"w\":9,\"x\":30,\"y\":0},\"panelIndex\":\"90f74f2a-d55d-4092-9b92-695f3296120e\",\"type\":\"lens\"},{\"embeddableConfig\":{\"attributes\":{\"references\":[{\"id\":\"logs-*\",\"name\":\"indexpattern-datasource-layer-850abb73-8a55-4176-8a92-c9ec85ede121\",\"type\":\"index-pattern\"}],\"state\":{\"adHocDataViews\":{},\"datasourceStates\":{\"formBased\":{\"layers\":{\"850abb73-8a55-4176-8a92-c9ec85ede121\":{\"columnOrder\":[\"0369f163-9387-4b5b-a79c-1343a9565377\"],\"columns\":{\"0369f163-9387-4b5b-a79c-1343a9565377\":{\"customLabel\":true,\"dataType\":\"number\",\"isBucketed\":false,\"label\":\"Active Users\",\"operationType\":\"unique_count\",\"params\":{\"emptyAsNull\":true},\"scale\":\"ratio\",\"sourceField\":\"username\"}},\"incompleteColumns\":{}}}},\"indexpattern\":{\"layers\":{}},\"textBased\":{\"layers\":{}}},\"filters\":[],\"internalReferences\":[],\"query\":{\"language\":\"kuery\",\"query\":\"audit_event : *\"},\"visualization\":{\"layerId\":\"850abb73-8a55-4176-8a92-c9ec85ede121\",\"layerType\":\"data\",\"metricAccessor\":\"0369f163-9387-4b5b-a79c-1343a9565377\",\"subtitle\":\"Active Users\"}},\"title\":\"\",\"type\":\"lens\",\"visualizationType\":\"lnsMetric\"},\"enhancements\":{\"dynamicActions\":{\"events\":[]}},\"filters\":[],\"query\":{\"language\":\"kuery\",\"query\":\"audit_event : *\"},\"syncColors\":false,\"syncCursor\":true,\"syncTooltips\":false},\"gridData\":{\"h\":12,\"i\":\"7dc4bca8-e898-4a78-8972-832c75011d52\",\"w\":9,\"x\":39,\"y\":0},\"panelIndex\":\"7dc4bca8-e898-4a78-8972-832c75011d52\",\"type\":\"lens\"},{\"embeddableConfig\":{\"attributes\":{\"references\":[{\"id\":\"logs-*\",\"name\":\"indexpattern-datasource-layer-463c89d1-8515-49ee-8224-8e705cec24cd\",\"type\":\"index-pattern\"}],\"state\":{\"adHocDataViews\":{},\"datasourceStates\":{\"formBased\":{\"layers\":{\"463c89d1-8515-49ee-8224-8e705cec24cd\":{\"columnOrder\":[\"8bf3793d-31b5-437f-b688-91ff5267884e\",\"2689b79c-5851-498e-ab55-5b264e83cb9b\"],\"columns\":{\"2689b79c-5851-498e-ab55-5b264e83cb9b\":{\"dataType\":\"number\",\"isBucketed\":false,\"label\":\"Count of records\",\"operationType\":\"count\",\"params\":{\"emptyAsNull\":true},\"scale\":\"ratio\",\"sourceField\":\"___records___\"},\"8bf3793d-31b5-437f-b688-91ff5267884e\":{\"customLabel\":true,\"dataType\":\"string\",\"isBucketed\":true,\"label\":\"Top 10 Audit Events\",\"operationType\":\"terms\",\"params\":{\"exclude\":[],\"excludeIsRegex\":false,\"include\":[],\"includeIsRegex\":false,\"missingBucket\":false,\"orderBy\":{\"columnId\":\"2689b79c-5851-498e-ab55-5b264e83cb9b\",\"type\":\"column\"},\"orderDirection\":\"desc\",\"otherBucket\":true,\"parentFormat\":{\"id\":\"terms\"},\"secondaryFields\":[],\"size\":10},\"scale\":\"ordinal\",\"sourceField\":\"audit_event\"}},\"incompleteColumns\":{},\"sampling\":1}}},\"indexpattern\":{\"layers\":{}},\"textBased\":{\"layers\":{}}},\"filters\":[],\"internalReferences\":[],\"query\":{\"language\":\"kuery\",\"query\":\"\"},\"visualization\":{\"axisTitlesVisibilitySettings\":{\"x\":true,\"yLeft\":true,\"yRight\":true},\"fittingFunction\":\"Linear\",\"gridlinesVisibilitySettings\":{\"x\":true,\"yLeft\":true,\"yRight\":true},\"labelsOrientation\":{\"x\":0,\"yLeft\":0,\"yRight\":0},\"layers\":[{\"accessors\":[\"2689b79c-5851-498e-ab55-5b264e83cb9b\"],\"colorMapping\":{\"assignments\":[],\"colorMode\":{\"type\":\"categorical\"},\"paletteId\":\"eui_amsterdam_color_blind\",\"specialAssignments\":[{\"color\":{\"type\":\"loop\"},\"rule\":{\"type\":\"other\"},\"touched\":false}]},\"layerId\":\"463c89d1-8515-49ee-8224-8e705cec24cd\",\"layerType\":\"data\",\"position\":\"top\",\"seriesType\":\"bar_stacked\",\"showGridlines\":false,\"xAccessor\":\"8bf3793d-31b5-437f-b688-91ff5267884e\"}],\"legend\":{\"isVisible\":true,\"position\":\"right\"},\"preferredSeriesType\":\"bar_stacked\",\"tickLabelsVisibilitySettings\":{\"x\":true,\"yLeft\":true,\"yRight\":true},\"valueLabels\":\"show\",\"yLeftExtent\":{\"mode\":\"full\"},\"yLeftScale\":\"linear\"}},\"title\":\"\",\"type\":\"lens\",\"visualizationType\":\"lnsXY\"},\"enhancements\":{\"dynamicActions\":{\"events\":[]}},\"filters\":[],\"query\":{\"language\":\"kuery\",\"query\":\"\"},\"syncColors\":false,\"syncCursor\":true,\"syncTooltips\":false},\"gridData\":{\"h\":12,\"i\":\"13f7f2c5-6131-491e-bdaa-dbc7f8491a5f\",\"w\":18,\"x\":30,\"y\":12},\"panelIndex\":\"13f7f2c5-6131-491e-bdaa-dbc7f8491a5f\",\"type\":\"lens\"},{\"embeddableConfig\":{\"attributes\":{\"references\":[],\"state\":{\"adHocDataViews\":{\"a11e1368f923854f99ee1ab92373676807cbdeebcca437f4eedd853a7f868500\":{\"allowHidden\":false,\"allowNoIndex\":false,\"fieldAttrs\":null,\"fieldFormats\":{},\"id\":\"a11e1368f923854f99ee1ab92373676807cbdeebcca437f4eedd853a7f868500\",\"name\":\"logs-keeper.audit-1.0.0\",\"runtimeFieldMap\":{},\"sourceFilters\":[],\"timeFieldName\":\"@timestamp\",\"title\":\"logs-keeper.audit-1.0.0\",\"type\":\"esql\"}},\"datasourceStates\":{\"textBased\":{\"indexPatternRefs\":[{\"id\":\"a11e1368f923854f99ee1ab92373676807cbdeebcca437f4eedd853a7f868500\",\"timeField\":\"@timestamp\",\"title\":\"logs-keeper.audit-1.0.0\"}],\"initialContext\":null,\"layers\":{\"ea295695-b9be-48f8-9a88-f043b45860d1\":{\"allColumns\":[{\"columnId\":\"540a8a76-fd42-4ddb-9d14-419197c49097\",\"fieldName\":\"@timestamp\",\"label\":\"@timestamp\",\"meta\":{\"esType\":\"date\",\"sourceParams\":{\"appliedTimeRange\":{\"from\":\"now-15m\",\"to\":\"now\",\"type\":\"timerange\"},\"params\":{}},\"type\":\"date\"}},{\"columnId\":\"526af4e4-0068-4ea2-8452-391df8c7b9a9\",\"customLabel\":true,\"fieldName\":\"source.geo.city_name\",\"label\":\"City\",\"meta\":{\"esType\":\"keyword\",\"sourceParams\":{},\"type\":\"string\"}},{\"columnId\":\"8b1e4ad1-002c-4a50-bb15-546984367d1e\",\"customLabel\":true,\"fieldName\":\"source.geo.country_name\",\"label\":\"Country\",\"meta\":{\"esType\":\"keyword\",\"sourceParams\":{},\"type\":\"string\"}},{\"columnId\":\"ac0dacf3-e0b6-45ad-b672-6e0299da0bb0\",\"customLabel\":true,\"fieldName\":\"keeper_event.client_version\",\"label\":\"ClientVersion\",\"meta\":{\"esType\":\"keyword\",\"sourceParams\":{},\"type\":\"string\"}},{\"columnId\":\"e7917b2f-d408-42ab-bb3d-200492acc8ea\",\"fieldName\":\"e7917b2f-d408-42ab-bb3d-200492acc8ea\",\"label\":\"keeper_event.username\",\"meta\":{\"esType\":\"keyword\",\"sourceParams\":{},\"type\":\"string\"}},{\"columnId\":\"c7f04dd3-88cd-4648-b16c-2c7edde99ddf\",\"fieldName\":\"c7f04dd3-88cd-4648-b16c-2c7edde99ddf\",\"label\":\"keeper_event.audit_event\",\"meta\":{\"esType\":\"keyword\",\"sourceParams\":{},\"type\":\"string\"}},{\"columnId\":\"c7996029-2377-435f-a4fa-dc9677a6892f\",\"fieldName\":\"c7996029-2377-435f-a4fa-dc9677a6892f\",\"label\":\"keeper_event.category\",\"meta\":{\"esType\":\"keyword\",\"sourceParams\":{},\"type\":\"string\"}},{\"columnId\":\"d614de14-bc92-4ad7-b9b7-a870d1e654e2\",\"fieldName\":\"d614de14-bc92-4ad7-b9b7-a870d1e654e2\",\"label\":\"keeper_event.remote_address\",\"meta\":{\"esType\":\"keyword\",\"sourceParams\":{},\"type\":\"string\"}}],\"columns\":[{\"columnId\":\"540a8a76-fd42-4ddb-9d14-419197c49097\",\"fieldName\":\"@timestamp\",\"label\":\"@timestamp\",\"meta\":{\"esType\":\"date\",\"sourceParams\":{\"appliedTimeRange\":{\"from\":\"now-15m\",\"to\":\"now\",\"type\":\"timerange\"},\"params\":{}},\"type\":\"date\"}},{\"columnId\":\"27984174-20c7-4a38-ab14-881beaec3a1e\",\"customLabel\":true,\"fieldName\":\"user.name\",\"label\":\"Username\",\"meta\":{\"esType\":\"keyword\",\"sourceParams\":{},\"type\":\"string\"},\"variable\":null},{\"columnId\":\"3a9253b0-358d-4800-8932-fac970793b6a\",\"customLabel\":true,\"fieldName\":\"audit_event\",\"label\":\"Event\",\"meta\":{\"esType\":\"keyword\",\"sourceParams\":{},\"type\":\"string\"},\"variable\":null},{\"columnId\":\"1827126f-6797-46db-a91e-4e9c98617bd5\",\"customLabel\":true,\"fieldName\":\"category\",\"label\":\"Category\",\"meta\":{\"esType\":\"keyword\",\"sourceParams\":{},\"type\":\"string\"},\"variable\":null},{\"columnId\":\"6e2ca3ab-d2e7-422b-8a88-9f274fc068ab\",\"customLabel\":true,\"fieldName\":\"remote_address\",\"label\":\"Remote Address\",\"meta\":{\"esType\":\"keyword\",\"sourceParams\":{},\"type\":\"string\"},\"variable\":null},{\"columnId\":\"6be3f362-d414-4f32-9f84-677a18b8cbfb\",\"customLabel\":true,\"fieldName\":\"client_version\",\"label\":\"Version\",\"meta\":{\"esType\":\"keyword\",\"sourceParams\":{},\"type\":\"string\"},\"variable\":null},{\"columnId\":\"526af4e4-0068-4ea2-8452-391df8c7b9a9\",\"customLabel\":true,\"fieldName\":\"source.geo.city_name\",\"label\":\"City\",\"meta\":{\"esType\":\"keyword\",\"sourceParams\":{},\"type\":\"string\"}},{\"columnId\":\"8b1e4ad1-002c-4a50-bb15-546984367d1e\",\"customLabel\":true,\"fieldName\":\"source.geo.country_name\",\"label\":\"Country\",\"meta\":{\"esType\":\"keyword\",\"sourceParams\":{},\"type\":\"string\"}}],\"index\":\"a11e1368f923854f99ee1ab92373676807cbdeebcca437f4eedd853a7f868500\",\"query\":{\"esql\":\"FROM logs-keeper.audit-1.0.0 | LIMIT 10\"},\"timeField\":\"@timestamp\"}}}},\"filters\":[],\"needsRefresh\":false,\"query\":{\"esql\":\"FROM logs-keeper.audit-1.0.0 | LIMIT 10\"},\"visualization\":{\"columns\":[{\"columnId\":\"540a8a76-fd42-4ddb-9d14-419197c49097\",\"isMetric\":false,\"isTransposed\":false},{\"columnId\":\"526af4e4-0068-4ea2-8452-391df8c7b9a9\",\"isMetric\":false,\"isTransposed\":false},{\"columnId\":\"8b1e4ad1-002c-4a50-bb15-546984367d1e\",\"isMetric\":false,\"isTransposed\":false},{\"columnId\":\"27984174-20c7-4a38-ab14-881beaec3a1e\",\"isMetric\":false,\"isTransposed\":false},{\"columnId\":\"3a9253b0-358d-4800-8932-fac970793b6a\",\"isMetric\":false,\"isTransposed\":false},{\"columnId\":\"1827126f-6797-46db-a91e-4e9c98617bd5\",\"isMetric\":false,\"isTransposed\":false},{\"columnId\":\"6e2ca3ab-d2e7-422b-8a88-9f274fc068ab\",\"isMetric\":false,\"isTransposed\":false},{\"columnId\":\"6be3f362-d414-4f32-9f84-677a18b8cbfb\",\"isMetric\":false,\"isTransposed\":false}],\"layerId\":\"ea295695-b9be-48f8-9a88-f043b45860d1\",\"layerType\":\"data\",\"sorting\":null}},\"title\":\"Table @timestamp \\u0026 data_stream.dataset \\u0026 data_stream.namespace \\u0026 data_stream.type \\u0026 event.agent_id_status\",\"visualizationType\":\"lnsDatatable\"},\"enhancements\":{\"dynamicActions\":{\"events\":[]}},\"filters\":[],\"query\":{\"esql\":\"FROM logs-keeper.audit-1.0.0 | LIMIT 10\"},\"syncColors\":false,\"syncCursor\":true,\"syncTooltips\":false},\"gridData\":{\"h\":15,\"i\":\"66c41c33-e641-483f-8cab-6bf87a28d39b\",\"w\":37,\"x\":11,\"y\":24},\"panelIndex\":\"66c41c33-e641-483f-8cab-6bf87a28d39b\",\"type\":\"lens\"},{\"embeddableConfig\":{\"attributes\":{\"references\":[{\"id\":\"logs-*\",\"name\":\"indexpattern-datasource-layer-11175432-27d3-481b-ab6c-69ba5f74abf2\",\"type\":\"index-pattern\"}],\"state\":{\"adHocDataViews\":{},\"datasourceStates\":{\"formBased\":{\"layers\":{\"11175432-27d3-481b-ab6c-69ba5f74abf2\":{\"columnOrder\":[\"06c7b964-099c-4238-8f22-e05111093dce\",\"b52f6c28-b7c2-430f-8f2f-a1f1273c4d1b\"],\"columns\":{\"06c7b964-099c-4238-8f22-e05111093dce\":{\"dataType\":\"string\",\"isBucketed\":true,\"label\":\"Top 5 values of category\",\"operationType\":\"terms\",\"params\":{\"exclude\":[],\"excludeIsRegex\":false,\"include\":[],\"includeIsRegex\":false,\"missingBucket\":false,\"orderBy\":{\"columnId\":\"b52f6c28-b7c2-430f-8f2f-a1f1273c4d1b\",\"type\":\"column\"},\"orderDirection\":\"desc\",\"otherBucket\":true,\"parentFormat\":{\"id\":\"terms\"},\"secondaryFields\":[],\"size\":5},\"scale\":\"ordinal\",\"sourceField\":\"category\"},\"b52f6c28-b7c2-430f-8f2f-a1f1273c4d1b\":{\"customLabel\":true,\"dataType\":\"number\",\"isBucketed\":false,\"label\":\"Events by Category\",\"operationType\":\"count\",\"params\":{\"emptyAsNull\":true},\"scale\":\"ratio\",\"sourceField\":\"___records___\"}},\"ignoreGlobalFilters\":false,\"incompleteColumns\":{},\"sampling\":1}}},\"indexpattern\":{\"layers\":{}},\"textBased\":{\"layers\":{}}},\"filters\":[],\"internalReferences\":[],\"query\":{\"language\":\"kuery\",\"query\":\"\"},\"visualization\":{\"layers\":[{\"categoryDisplay\":\"inside\",\"colorMapping\":{\"assignments\":[],\"colorMode\":{\"type\":\"categorical\"},\"paletteId\":\"eui_amsterdam_color_blind\",\"specialAssignments\":[{\"color\":{\"type\":\"loop\"},\"rule\":{\"type\":\"other\"},\"touched\":false}]},\"emptySizeRatio\":0.54,\"layerId\":\"11175432-27d3-481b-ab6c-69ba5f74abf2\",\"layerType\":\"data\",\"legendDisplay\":\"show\",\"legendMaxLines\":3,\"metrics\":[\"b52f6c28-b7c2-430f-8f2f-a1f1273c4d1b\"],\"nestedLegend\":false,\"numberDisplay\":\"percent\",\"primaryGroups\":[\"06c7b964-099c-4238-8f22-e05111093dce\"],\"truncateLegend\":true}],\"shape\":\"donut\"}},\"title\":\"\",\"type\":\"lens\",\"visualizationType\":\"lnsPie\"},\"enhancements\":{\"dynamicActions\":{\"events\":[]}},\"filters\":[],\"query\":{\"language\":\"kuery\",\"query\":\"\"},\"syncColors\":false,\"syncCursor\":true,\"syncTooltips\":false},\"gridData\":{\"h\":15,\"i\":\"6a9ebe1f-2707-42e3-a60c-7f96d29a638a\",\"w\":11,\"x\":0,\"y\":24},\"panelIndex\":\"6a9ebe1f-2707-42e3-a60c-7f96d29a638a\",\"type\":\"lens\"}]",
    "refreshInterval": {
      "pause": true,
      "value": 60000
    },
    "timeFrom": "now-15m",
    "timeRestore": true,
    "timeTo": "now",
    "title": "Keeper SIEM Integration Dashboard",
    "version": 3
  },
  "coreMigrationVersion": "8.8.0",
  "created_at": "2025-08-27T15:48:11.827Z",
  "created_by": "u_mGBROF_q5bmFCATbLXAcCwKa0k8JvONAwSruelyKA5E_0",
  "id": "keeper-b30d7c4b-4a88-4f70-8d7f-e93f5491b4ac",
  "references": [
    {
      "id": "logs-*",
      "name": "kibanaSavedObjectMeta.searchSourceJSON.filter[0].meta.index",
      "type": "index-pattern"
    },
    {
      "id": "logs-*",
      "name": "019358ad-0524-45c1-933b-ada2f8afc084:layer_1_source_index_pattern",
      "type": "index-pattern"
    },
    {
      "id": "logs-*",
      "name": "90f74f2a-d55d-4092-9b92-695f3296120e:indexpattern-datasource-layer-5ef5b79e-faf1-4074-97c8-9d2ad6aa7ed8",
      "type": "index-pattern"
    },
    {
      "id": "logs-*",
      "name": "7dc4bca8-e898-4a78-8972-832c75011d52:indexpattern-datasource-layer-850abb73-8a55-4176-8a92-c9ec85ede121",
      "type": "index-pattern"
    },
    {
      "id": "logs-*",
      "name": "13f7f2c5-6131-491e-bdaa-dbc7f8491a5f:indexpattern-datasource-layer-463c89d1-8515-49ee-8224-8e705cec24cd",
      "type": "index-pattern"
    },
    {
      "id": "logs-*",
      "name": "6a9ebe1f-2707-42e3-a60c-7f96d29a638a:indexpattern-datasource-layer-11175432-27d3-481b-ab6c-69ba5f74abf2",
      "type": "index-pattern"
    },
    {
      "id": "logs-*",
      "name": "kibanaSavedObjectMeta.searchSourceJSON.filter[0].meta.index",
      "type": "index-pattern"
    }
  ],
  "type": "dashboard",
  "typeMigrationVersion": "10.2.0",
  "updated_by": "u_mGBROF_q5bmFCATbLXAcCwKa0k8JvONAwSruelyKA5E_0"
}