{
    "attributes": {
        "description": "TYCHON Browser is a series of dashbaords dirlling into indvidual datasets for a single computer.",
        "kibanaSavedObjectMeta": {
            "searchSourceJSON": "{\"query\":{\"query\":\"\",\"language\":\"kuery\"},\"filter\":[]}"
        },
        "title": "[TYCHON] Endpoint Browser -Main Navigation",
        "uiStateJSON": "{}",
        "version": 1,
        "visState": "{\"title\":\"[TYCHON] Endpoint Browser -Main Navigation\",\"type\":\"markdown\",\"aggs\":[],\"params\":{\"fontSize\":12,\"openLinksInNewTab\":false,\"markdown\":\"[Host Info](/app/dashboards#/view/tychon-6165bf50-3dbf-11ee-9610-15dee918f31a-host) | [Network Cards](/app/dashboards#/view/tychon-1af57010-41b6-11ee-83e4-c92ed141b9e5-networkadapter) | [Drives and Disks](/app/dashboards#/view/tychon-380b6c10-3dbd-11ee-9610-15dee918f31a-harddrive) | [Apps and Software](/app/dashboards#/view/tychon-2bd4ca50-3dfd-11ee-9610-15dee918f31a-softwareinventory) | [Hardware](/app/dashboards#/view/tychon-993e07a0-3e02-11ee-9610-15dee918f31a-hardware) | [Vulnerabilities](/app/dashboards#/view/tychon-2de7a3c0-3e08-11ee-9610-15dee918f31a-cve) | [Benchmark Results](/app/dashboards#/view/tychon-e1c9c490-41a5-11ee-83e4-c92ed141b9e5-stig) | [Services and Ports](/app/dashboards#/view/tychon-0c036be0-3de5-11ee-9610-15dee918f31a-exposedservice) | [Protections](/app/dashboards#/view/tychon-b85e87c0-41ab-11ee-83e4-c92ed141b9e5-epp)\"}}"
    },
    "coreMigrationVersion": "8.6.2",
    "created_at": "2023-08-23T21:04:08.909Z",
    "id": "tychon-ee4b44b0-40e6-11ee-8111-21f5f34f6dfc",
    "migrationVersion": {
        "visualization": "8.5.0"
    },
    "references": [
        {
            "id": "10af3800-10f3-11ee-af86-538da1394f27",
            "name": "tag-ref-10af3800-10f3-11ee-af86-538da1394f27",
            "type": "tag"
        },
        {
            "id": "e18d6100-3c85-11ee-9610-15dee918f31a",
            "name": "tag-ref-e18d6100-3c85-11ee-9610-15dee918f31a",
            "type": "tag"
        }
    ],
    "type": "visualization",
    "updated_at": "2023-08-23T21:04:08.909Z",
    "version": "WzgyMjAyOSwyMl0="
}