{
    "attributes": {
        "description": "",
        "state": {
            "adHocDataViews": {},
            "datasourceStates": {
                "formBased": {
                    "layers": {
                        "93bb9ce5-6dc1-41ec-bff3-f8c606cab5c9": {
                            "columnOrder": [
                                "ecc959a5-6cb4-43ed-bd8e-c8a11c51d3d2",
                                "31cd5bd5-bf05-4039-a241-c75a16ad9165",
                                "87f792ec-41cb-4052-ae3c-8e39032305c0"
                            ],
                            "columns": {
                                "31cd5bd5-bf05-4039-a241-c75a16ad9165": {
                                    "customLabel": true,
                                    "dataType": "number",
                                    "filter": {
                                        "language": "kuery",
                                        "query": "rule.result : \"fail\" "
                                    },
                                    "isBucketed": false,
                                    "label": "Total Fails",
                                    "operationType": "count",
                                    "params": {
                                        "emptyAsNull": false
                                    },
                                    "scale": "ratio",
                                    "sourceField": "___records___"
                                },
                                "87f792ec-41cb-4052-ae3c-8e39032305c0": {
                                    "customLabel": true,
                                    "dataType": "number",
                                    "filter": {
                                        "language": "kuery",
                                        "query": "rule.result : \"pass\" "
                                    },
                                    "isBucketed": false,
                                    "label": "Total Pass",
                                    "operationType": "count",
                                    "params": {
                                        "emptyAsNull": true
                                    },
                                    "scale": "ratio",
                                    "sourceField": "___records___"
                                },
                                "ecc959a5-6cb4-43ed-bd8e-c8a11c51d3d2": {
                                    "customLabel": true,
                                    "dataType": "string",
                                    "isBucketed": true,
                                    "label": "Severity",
                                    "operationType": "filters",
                                    "params": {
                                        "filters": [
                                            {
                                                "input": {
                                                    "language": "kuery",
                                                    "query": "rule.severity :\"high\" "
                                                },
                                                "label": "CAT I"
                                            },
                                            {
                                                "input": {
                                                    "language": "kuery",
                                                    "query": "rule.severity : \"medium\" "
                                                },
                                                "label": "CAT II"
                                            },
                                            {
                                                "input": {
                                                    "language": "kuery",
                                                    "query": "rule.severity : \"low\" "
                                                },
                                                "label": "CAT III"
                                            }
                                        ]
                                    },
                                    "scale": "ordinal"
                                }
                            },
                            "incompleteColumns": {},
                            "sampling": 1
                        }
                    }
                },
                "textBased": {
                    "layers": {}
                }
            },
            "filters": [],
            "internalReferences": [],
            "query": {
                "language": "kuery",
                "query": ""
            },
            "visualization": {
                "columns": [
                    {
                        "columnId": "ecc959a5-6cb4-43ed-bd8e-c8a11c51d3d2",
                        "isTransposed": false
                    },
                    {
                        "columnId": "31cd5bd5-bf05-4039-a241-c75a16ad9165",
                        "isTransposed": false,
                        "summaryLabel": "Total",
                        "summaryRow": "sum"
                    },
                    {
                        "columnId": "87f792ec-41cb-4052-ae3c-8e39032305c0",
                        "isTransposed": false,
                        "summaryLabel": "Total",
                        "summaryRow": "sum"
                    }
                ],
                "layerId": "93bb9ce5-6dc1-41ec-bff3-f8c606cab5c9",
                "layerType": "data"
            }
        },
        "title": "CCRI Category Table",
        "visualizationType": "lnsDatatable"
    },
    "coreMigrationVersion": "8.8.0",
    "created_at": "2023-08-31T21:39:00.136Z",
    "id": "tychon-837878a0-c3cb-11eb-8956-0b1a70e695fd",
    "managed": false,
    "references": [
        {
            "id": "ed7c1bb4-5aac-45d4-9aff-06f4d4ad4a9a",
            "name": "indexpattern-datasource-layer-93bb9ce5-6dc1-41ec-bff3-f8c606cab5c9",
            "type": "index-pattern"
        }
    ],
    "type": "lens",
    "typeMigrationVersion": "8.6.0",
    "updated_at": "2023-08-31T21:39:00.136Z",
    "version": "WzYyODksNV0="
}