{
    "attributes": {
        "description": "",
        "kibanaSavedObjectMeta": {
            "searchSourceJSON": "{\"query\":{\"query\":\"\",\"language\":\"kuery\"},\"filter\":[]}"
        },
        "title": "CCRI: Benchmark Scores CCRI Weighted - Markdown",
        "uiStateJSON": "{}",
        "version": 1,
        "visState": "{\"title\":\"CCRI: Benchmark Scores CCRI Weighted - Markdown\",\"type\":\"markdown\",\"aggs\":[],\"params\":{\"fontSize\":10,\"openLinksInNewTab\":false,\"markdown\":\"| CCRI Score | Description |\\n| :------------ | :------------ |\\n| 20-100% | Critical Concern |\\n| 10-20% | Moderate Concern |\\n| 0-10% | Minor Concern |\\n| 0% | No Concern |\\n\"}}"
    },
    "coreMigrationVersion": "8.8.0",
    "created_at": "2023-08-30T22:09:42.471Z",
    "id": "tychon-d954bdb0-3298-11ec-b058-cf4fefc29658",
    "managed": true,
    "type": "visualization",
    "typeMigrationVersion": "8.5.0",
    "updated_at": "2023-08-30T22:09:42.540Z",
    "version": "WzIyMDksNF0="
}