{
    "attributes": {
        "description": "",
        "kibanaSavedObjectMeta": {
            "searchSourceJSON": "{\"query\":{\"query\":\"\",\"language\":\"kuery\"},\"filter\":[],\"indexRefName\":\"kibanaSavedObjectMeta.searchSourceJSON.index\"}"
        },
        "title": "CCRI: Total Systems - Metric",
        "uiStateJSON": "{}",
        "version": 1,
        "visState": "{\"title\":\"CCRI: Total Systems - Metric\",\"type\":\"metric\",\"aggs\":[{\"id\":\"1\",\"enabled\":true,\"type\":\"cardinality\",\"params\":{\"field\":\"host.id\",\"customLabel\":\"Systems\",\"emptyAsNull\":false},\"schema\":\"metric\"}],\"params\":{\"addTooltip\":true,\"addLegend\":false,\"type\":\"metric\",\"metric\":{\"percentageMode\":false,\"useRanges\":false,\"colorSchema\":\"Green to Red\",\"metricColorMode\":\"None\",\"colorsRange\":[{\"from\":0,\"to\":10000}],\"labels\":{\"show\":false},\"invertColors\":false,\"style\":{\"bgFill\":\"#000\",\"bgColor\":false,\"labelColor\":false,\"subText\":\"\",\"fontSize\":30}}}}"
    },
    "coreMigrationVersion": "8.8.0",
    "created_at": "2023-08-30T22:09:42.471Z",
    "id": "tychon-e6c0e460-c3da-11eb-8956-0b1a70e695fd",
    "managed": true,
    "type": "visualization",
    "typeMigrationVersion": "8.5.0",
    "updated_at": "2023-08-30T22:09:42.540Z",
    "version": "WzIyMTAsNF0="
}