{
    "attributes": {
        "description": "TYCHON monitors endpoints for listening ports and reports them to the server. Details are captured at the time of the check and can be a historical view. However, similar listening ports are updated with each check.",
        "kibanaSavedObjectMeta": {
            "searchSourceJSON": "{\"query\":{\"query\":\"\",\"language\":\"kuery\"},\"filter\":[]}"
        },
        "optionsJSON": "{\"useMargins\":true,\"syncColors\":false,\"syncCursor\":true,\"syncTooltips\":false,\"hidePanelTitles\":false}",
        "panelsJSON": "[{\"version\":\"8.6.2\",\"type\":\"lens\",\"gridData\":{\"x\":0,\"y\":0,\"w\":18,\"h\":39,\"i\":\"258910e8-1f41-4100-a8c6-1bd212f9d27e\"},\"panelIndex\":\"258910e8-1f41-4100-a8c6-1bd212f9d27e\",\"embeddableConfig\":{\"attributes\":{\"title\":\"\",\"visualizationType\":\"lnsXY\",\"type\":\"lens\",\"references\":[{\"type\":\"index-pattern\",\"id\":\"c6b645d3-dd29-43f2-b831-49e29ffd5b6c\",\"name\":\"indexpattern-datasource-layer-24de3dec-56cf-4cf2-98a6-3c78ed05d960\"}],\"state\":{\"visualization\":{\"legend\":{\"isVisible\":true,\"position\":\"right\"},\"valueLabels\":\"hide\",\"fittingFunction\":\"None\",\"axisTitlesVisibilitySettings\":{\"x\":true,\"yLeft\":true,\"yRight\":true},\"tickLabelsVisibilitySettings\":{\"x\":true,\"yLeft\":true,\"yRight\":true},\"labelsOrientation\":{\"x\":0,\"yLeft\":0,\"yRight\":0},\"gridlinesVisibilitySettings\":{\"x\":true,\"yLeft\":true,\"yRight\":true},\"preferredSeriesType\":\"bar_horizontal\",\"layers\":[{\"layerId\":\"24de3dec-56cf-4cf2-98a6-3c78ed05d960\",\"seriesType\":\"bar_horizontal\",\"xAccessor\":\"2afe8e01-1ca4-407f-a375-5c177d34fd47\",\"accessors\":[\"a3a0c1b6-7adc-46b9-ac80-d01429354e82\"],\"yConfig\":[{\"forAccessor\":\"a3a0c1b6-7adc-46b9-ac80-d01429354e82\",\"axisMode\":\"auto\",\"color\":\"#6092c0\"}],\"layerType\":\"data\"}],\"xTitle\":\"\"},\"query\":{\"query\":\"\",\"language\":\"kuery\"},\"filters\":[],\"datasourceStates\":{\"formBased\":{\"layers\":{\"24de3dec-56cf-4cf2-98a6-3c78ed05d960\":{\"columns\":{\"2afe8e01-1ca4-407f-a375-5c177d34fd47\":{\"label\":\"Process Names\",\"dataType\":\"string\",\"operationType\":\"terms\",\"scale\":\"ordinal\",\"sourceField\":\"process.name\",\"isBucketed\":true,\"params\":{\"size\":10000,\"orderBy\":{\"type\":\"column\",\"columnId\":\"a3a0c1b6-7adc-46b9-ac80-d01429354e82\"},\"orderDirection\":\"desc\",\"otherBucket\":true,\"missingBucket\":false,\"parentFormat\":{\"id\":\"terms\"},\"include\":[],\"exclude\":[],\"includeIsRegex\":false,\"excludeIsRegex\":false},\"customLabel\":true},\"a3a0c1b6-7adc-46b9-ac80-d01429354e82\":{\"label\":\"Processes Captured\",\"dataType\":\"number\",\"operationType\":\"count\",\"isBucketed\":false,\"scale\":\"ratio\",\"sourceField\":\"___records___\",\"params\":{\"emptyAsNull\":true},\"customLabel\":true}},\"columnOrder\":[\"2afe8e01-1ca4-407f-a375-5c177d34fd47\",\"a3a0c1b6-7adc-46b9-ac80-d01429354e82\"],\"incompleteColumns\":{},\"sampling\":1}}},\"textBased\":{\"layers\":{}}},\"internalReferences\":[],\"adHocDataViews\":{}}},\"hidePanelTitles\":false,\"enhancements\":{}},\"title\":\"Most Active Processes\"},{\"version\":\"8.6.2\",\"type\":\"lens\",\"gridData\":{\"x\":18,\"y\":0,\"w\":29,\"h\":9,\"i\":\"5720248d-77b4-4c3a-a755-856207618998\"},\"panelIndex\":\"5720248d-77b4-4c3a-a755-856207618998\",\"embeddableConfig\":{\"attributes\":{\"title\":\"\",\"visualizationType\":\"lnsXY\",\"type\":\"lens\",\"references\":[{\"type\":\"index-pattern\",\"id\":\"c6b645d3-dd29-43f2-b831-49e29ffd5b6c\",\"name\":\"indexpattern-datasource-layer-8f31e3a1-68a6-4044-8fab-397567f134ee\"}],\"state\":{\"visualization\":{\"legend\":{\"isVisible\":true,\"position\":\"right\"},\"valueLabels\":\"hide\",\"fittingFunction\":\"None\",\"axisTitlesVisibilitySettings\":{\"x\":true,\"yLeft\":true,\"yRight\":true},\"tickLabelsVisibilitySettings\":{\"x\":true,\"yLeft\":true,\"yRight\":true},\"labelsOrientation\":{\"x\":0,\"yLeft\":0,\"yRight\":0},\"gridlinesVisibilitySettings\":{\"x\":true,\"yLeft\":true,\"yRight\":true},\"preferredSeriesType\":\"line\",\"layers\":[{\"layerId\":\"8f31e3a1-68a6-4044-8fab-397567f134ee\",\"seriesType\":\"line\",\"accessors\":[\"c0c36be5-29d6-448d-8729-267feb104868\"],\"layerType\":\"data\",\"xAccessor\":\"79ff6781-0fe5-404b-9e55-d6d334aed1d5\"}]},\"query\":{\"query\":\"\",\"language\":\"kuery\"},\"filters\":[],\"datasourceStates\":{\"formBased\":{\"layers\":{\"8f31e3a1-68a6-4044-8fab-397567f134ee\":{\"columns\":{\"c0c36be5-29d6-448d-8729-267feb104868\":{\"label\":\"Network Transport\",\"dataType\":\"number\",\"operationType\":\"count\",\"isBucketed\":false,\"scale\":\"ratio\",\"sourceField\":\"network.transport\",\"params\":{\"emptyAsNull\":true},\"customLabel\":true},\"79ff6781-0fe5-404b-9e55-d6d334aed1d5\":{\"label\":\"Events Observed\",\"dataType\":\"date\",\"operationType\":\"date_histogram\",\"sourceField\":\"@timestamp\",\"isBucketed\":true,\"scale\":\"interval\",\"params\":{\"interval\":\"1w\",\"includeEmptyRows\":true,\"dropPartials\":false},\"customLabel\":true}},\"columnOrder\":[\"79ff6781-0fe5-404b-9e55-d6d334aed1d5\",\"c0c36be5-29d6-448d-8729-267feb104868\"],\"incompleteColumns\":{},\"sampling\":1}}},\"textBased\":{\"layers\":{}}},\"internalReferences\":[],\"adHocDataViews\":{}}},\"enhancements\":{}}},{\"version\":\"8.6.2\",\"type\":\"lens\",\"gridData\":{\"x\":18,\"y\":9,\"w\":30,\"h\":20,\"i\":\"3b75685e-24d0-4a07-bb8d-65011b6109e1\"},\"panelIndex\":\"3b75685e-24d0-4a07-bb8d-65011b6109e1\",\"embeddableConfig\":{\"attributes\":{\"title\":\"\",\"visualizationType\":\"lnsDatatable\",\"type\":\"lens\",\"references\":[{\"type\":\"index-pattern\",\"id\":\"c6b645d3-dd29-43f2-b831-49e29ffd5b6c\",\"name\":\"indexpattern-datasource-layer-a860a0ca-9856-48a6-9f80-c2f21b8bf996\"}],\"state\":{\"visualization\":{\"columns\":[{\"isTransposed\":false,\"columnId\":\"a1d81ada-dd46-4a1c-ba1e-e7fb49550f37\",\"width\":118.72222222222229},{\"isTransposed\":false,\"columnId\":\"9b91b4f2-60e0-40cd-84ef-e465c214834f\",\"width\":534.3333333333333},{\"isTransposed\":false,\"columnId\":\"2b439f50-e5cc-47de-9273-d990402ffbcd\",\"width\":100.22222222222223,\"alignment\":\"center\"},{\"columnId\":\"58e2c5f1-f3fd-4a97-ad00-146eaf5f9f26\",\"isTransposed\":false}],\"layerId\":\"a860a0ca-9856-48a6-9f80-c2f21b8bf996\",\"layerType\":\"data\"},\"query\":{\"query\":\"\",\"language\":\"kuery\"},\"filters\":[],\"datasourceStates\":{\"formBased\":{\"layers\":{\"a860a0ca-9856-48a6-9f80-c2f21b8bf996\":{\"columns\":{\"a1d81ada-dd46-4a1c-ba1e-e7fb49550f37\":{\"label\":\"Process Name\",\"dataType\":\"string\",\"operationType\":\"terms\",\"scale\":\"ordinal\",\"sourceField\":\"process.name\",\"isBucketed\":true,\"params\":{\"size\":10000,\"orderBy\":{\"type\":\"column\",\"columnId\":\"58e2c5f1-f3fd-4a97-ad00-146eaf5f9f26\"},\"orderDirection\":\"desc\",\"otherBucket\":true,\"missingBucket\":false,\"parentFormat\":{\"id\":\"terms\"},\"include\":[],\"exclude\":[],\"includeIsRegex\":false,\"excludeIsRegex\":false},\"customLabel\":true},\"9b91b4f2-60e0-40cd-84ef-e465c214834f\":{\"label\":\"Command Line\",\"dataType\":\"string\",\"operationType\":\"terms\",\"scale\":\"ordinal\",\"sourceField\":\"process.command_line\",\"isBucketed\":true,\"params\":{\"size\":3,\"orderBy\":{\"type\":\"column\",\"columnId\":\"58e2c5f1-f3fd-4a97-ad00-146eaf5f9f26\"},\"orderDirection\":\"desc\",\"otherBucket\":true,\"missingBucket\":false,\"parentFormat\":{\"id\":\"terms\"},\"include\":[],\"exclude\":[],\"includeIsRegex\":false,\"excludeIsRegex\":false},\"customLabel\":true},\"2b439f50-e5cc-47de-9273-d990402ffbcd\":{\"label\":\"Transport\",\"dataType\":\"string\",\"operationType\":\"terms\",\"scale\":\"ordinal\",\"sourceField\":\"network.transport\",\"isBucketed\":true,\"params\":{\"size\":3,\"orderBy\":{\"type\":\"column\",\"columnId\":\"58e2c5f1-f3fd-4a97-ad00-146eaf5f9f26\"},\"orderDirection\":\"desc\",\"otherBucket\":true,\"missingBucket\":false,\"parentFormat\":{\"id\":\"terms\"},\"include\":[],\"exclude\":[],\"includeIsRegex\":false,\"excludeIsRegex\":false},\"customLabel\":true},\"58e2c5f1-f3fd-4a97-ad00-146eaf5f9f26\":{\"label\":\"Count\",\"dataType\":\"number\",\"operationType\":\"count\",\"isBucketed\":false,\"scale\":\"ratio\",\"sourceField\":\"process.pid\",\"params\":{\"emptyAsNull\":true},\"customLabel\":true}},\"columnOrder\":[\"a1d81ada-dd46-4a1c-ba1e-e7fb49550f37\",\"9b91b4f2-60e0-40cd-84ef-e465c214834f\",\"2b439f50-e5cc-47de-9273-d990402ffbcd\",\"58e2c5f1-f3fd-4a97-ad00-146eaf5f9f26\"],\"incompleteColumns\":{},\"sampling\":1}}},\"textBased\":{\"layers\":{}}},\"internalReferences\":[],\"adHocDataViews\":{}}},\"enhancements\":{}}},{\"version\":\"8.6.2\",\"type\":\"lens\",\"gridData\":{\"x\":18,\"y\":29,\"w\":30,\"h\":10,\"i\":\"87617db0-cd7c-4f32-99bd-1f2615d8d1a7\"},\"panelIndex\":\"87617db0-cd7c-4f32-99bd-1f2615d8d1a7\",\"embeddableConfig\":{\"attributes\":{\"title\":\"\",\"visualizationType\":\"lnsHeatmap\",\"type\":\"lens\",\"references\":[{\"type\":\"index-pattern\",\"id\":\"c6b645d3-dd29-43f2-b831-49e29ffd5b6c\",\"name\":\"indexpattern-datasource-layer-2ce2e63d-d815-4db1-bc4b-609f7f80dc72\"}],\"state\":{\"visualization\":{\"shape\":\"heatmap\",\"layerId\":\"2ce2e63d-d815-4db1-bc4b-609f7f80dc72\",\"layerType\":\"data\",\"legend\":{\"isVisible\":false,\"position\":\"right\",\"type\":\"heatmap_legend\",\"legendSize\":\"small\"},\"gridConfig\":{\"type\":\"heatmap_grid\",\"isCellLabelVisible\":false,\"isYAxisLabelVisible\":true,\"isXAxisLabelVisible\":true,\"isYAxisTitleVisible\":false,\"isXAxisTitleVisible\":false},\"valueAccessor\":\"b4070a76-140e-47e4-a8e6-6aac0093c5e5\",\"xAccessor\":\"8f79caa9-e76d-405b-a271-ca4f58938886\"},\"query\":{\"query\":\"\",\"language\":\"kuery\"},\"filters\":[],\"datasourceStates\":{\"formBased\":{\"layers\":{\"2ce2e63d-d815-4db1-bc4b-609f7f80dc72\":{\"columns\":{\"8f79caa9-e76d-405b-a271-ca4f58938886\":{\"label\":\"Port Number\",\"dataType\":\"number\",\"operationType\":\"range\",\"sourceField\":\"source.port\",\"isBucketed\":true,\"scale\":\"interval\",\"params\":{\"includeEmptyRows\":true,\"type\":\"histogram\",\"ranges\":[{\"from\":0,\"to\":1000,\"label\":\"\"}],\"maxBars\":\"auto\",\"format\":{\"id\":\"number\",\"params\":{\"decimals\":0}}},\"customLabel\":true},\"b4070a76-140e-47e4-a8e6-6aac0093c5e5\":{\"label\":\"Usage Instances\",\"dataType\":\"number\",\"operationType\":\"count\",\"isBucketed\":false,\"scale\":\"ratio\",\"sourceField\":\"___records___\",\"params\":{\"emptyAsNull\":true},\"customLabel\":true}},\"columnOrder\":[\"8f79caa9-e76d-405b-a271-ca4f58938886\",\"b4070a76-140e-47e4-a8e6-6aac0093c5e5\"],\"incompleteColumns\":{},\"sampling\":1}}},\"textBased\":{\"layers\":{}}},\"internalReferences\":[],\"adHocDataViews\":{}}},\"enhancements\":{},\"hidePanelTitles\":false},\"title\":\"Most Prevalent Ports\"},{\"version\":\"8.6.2\",\"type\":\"lens\",\"gridData\":{\"x\":0,\"y\":39,\"w\":48,\"h\":16,\"i\":\"4ab60584-3359-4217-892c-3dddbf754aff\"},\"panelIndex\":\"4ab60584-3359-4217-892c-3dddbf754aff\",\"embeddableConfig\":{\"attributes\":{\"title\":\"\",\"visualizationType\":\"lnsXY\",\"type\":\"lens\",\"references\":[{\"type\":\"index-pattern\",\"id\":\"c6b645d3-dd29-43f2-b831-49e29ffd5b6c\",\"name\":\"indexpattern-datasource-layer-0e20ed19-aae0-4939-a956-68aceebc3f7e\"}],\"state\":{\"visualization\":{\"legend\":{\"isVisible\":false,\"position\":\"right\",\"showSingleSeries\":false},\"valueLabels\":\"hide\",\"fittingFunction\":\"None\",\"axisTitlesVisibilitySettings\":{\"x\":true,\"yLeft\":true,\"yRight\":true},\"tickLabelsVisibilitySettings\":{\"x\":true,\"yLeft\":true,\"yRight\":true},\"labelsOrientation\":{\"x\":0,\"yLeft\":0,\"yRight\":0},\"gridlinesVisibilitySettings\":{\"x\":true,\"yLeft\":true,\"yRight\":true},\"preferredSeriesType\":\"bar_stacked\",\"layers\":[{\"layerId\":\"0e20ed19-aae0-4939-a956-68aceebc3f7e\",\"accessors\":[\"626edc6d-37d3-46f2-8e1b-91e57c836d22\"],\"position\":\"top\",\"seriesType\":\"bar_stacked\",\"showGridlines\":false,\"layerType\":\"data\",\"xAccessor\":\"9556d14b-aa4e-465b-b781-ab354b1ac7c7\",\"splitAccessor\":\"73f9e58f-3b19-49b9-bfcf-9ac756934c66\"}]},\"query\":{\"query\":\"\",\"language\":\"kuery\"},\"filters\":[],\"datasourceStates\":{\"formBased\":{\"layers\":{\"0e20ed19-aae0-4939-a956-68aceebc3f7e\":{\"columns\":{\"9556d14b-aa4e-465b-b781-ab354b1ac7c7\":{\"label\":\"Hostname\",\"dataType\":\"string\",\"operationType\":\"terms\",\"scale\":\"ordinal\",\"sourceField\":\"host.hostname\",\"isBucketed\":true,\"params\":{\"size\":25,\"orderBy\":{\"type\":\"custom\"},\"orderAgg\":{\"label\":\"Unique count of process.name\",\"dataType\":\"number\",\"operationType\":\"unique_count\",\"scale\":\"ratio\",\"sourceField\":\"process.name\",\"isBucketed\":false,\"params\":{\"emptyAsNull\":true}},\"orderDirection\":\"desc\",\"otherBucket\":false,\"missingBucket\":false,\"parentFormat\":{\"id\":\"terms\"},\"include\":[],\"exclude\":[],\"includeIsRegex\":false,\"excludeIsRegex\":false,\"secondaryFields\":[]},\"customLabel\":true},\"626edc6d-37d3-46f2-8e1b-91e57c836d22\":{\"label\":\"# of Unique Processes\",\"dataType\":\"number\",\"operationType\":\"count\",\"isBucketed\":false,\"scale\":\"ratio\",\"sourceField\":\"___records___\",\"params\":{\"emptyAsNull\":true},\"customLabel\":true},\"73f9e58f-3b19-49b9-bfcf-9ac756934c66\":{\"label\":\"Top 100 values of process.name\",\"dataType\":\"string\",\"operationType\":\"terms\",\"scale\":\"ordinal\",\"sourceField\":\"process.name\",\"isBucketed\":true,\"params\":{\"size\":100,\"orderBy\":{\"type\":\"column\",\"columnId\":\"626edc6d-37d3-46f2-8e1b-91e57c836d22\"},\"orderDirection\":\"desc\",\"otherBucket\":true,\"missingBucket\":false,\"parentFormat\":{\"id\":\"terms\"},\"include\":[],\"exclude\":[],\"includeIsRegex\":false,\"excludeIsRegex\":false}}},\"columnOrder\":[\"73f9e58f-3b19-49b9-bfcf-9ac756934c66\",\"9556d14b-aa4e-465b-b781-ab354b1ac7c7\",\"626edc6d-37d3-46f2-8e1b-91e57c836d22\"],\"incompleteColumns\":{},\"sampling\":1}}},\"textBased\":{\"layers\":{}}},\"internalReferences\":[],\"adHocDataViews\":{}}},\"enhancements\":{}}},{\"version\":\"8.6.2\",\"type\":\"lens\",\"gridData\":{\"x\":0,\"y\":55,\"w\":33,\"h\":22,\"i\":\"cee8b6b3-2032-4e8e-a12a-4f8b0023a506\"},\"panelIndex\":\"cee8b6b3-2032-4e8e-a12a-4f8b0023a506\",\"embeddableConfig\":{\"attributes\":{\"title\":\"\",\"visualizationType\":\"lnsPie\",\"type\":\"lens\",\"references\":[{\"type\":\"index-pattern\",\"id\":\"c6b645d3-dd29-43f2-b831-49e29ffd5b6c\",\"name\":\"indexpattern-datasource-layer-e0cae3a1-c6ec-43da-b419-1e93f1b79cc9\"}],\"state\":{\"visualization\":{\"shape\":\"treemap\",\"palette\":{\"type\":\"palette\",\"name\":\"temperature\"},\"layers\":[{\"layerId\":\"e0cae3a1-c6ec-43da-b419-1e93f1b79cc9\",\"primaryGroups\":[\"98f90733-b8b7-4748-a4da-ea0023622259\"],\"metrics\":[\"e7b1d7e7-fbcb-4ac1-b820-085a98e899c2\"],\"numberDisplay\":\"percent\",\"categoryDisplay\":\"default\",\"legendDisplay\":\"default\",\"nestedLegend\":false,\"layerType\":\"data\",\"emptySizeRatio\":0.3}]},\"query\":{\"query\":\"\",\"language\":\"kuery\"},\"filters\":[],\"datasourceStates\":{\"formBased\":{\"layers\":{\"e0cae3a1-c6ec-43da-b419-1e93f1b79cc9\":{\"columns\":{\"98f90733-b8b7-4748-a4da-ea0023622259\":{\"label\":\"Process Username\",\"dataType\":\"string\",\"operationType\":\"terms\",\"scale\":\"ordinal\",\"sourceField\":\"process.user.name\",\"isBucketed\":true,\"params\":{\"size\":20,\"orderBy\":{\"type\":\"column\",\"columnId\":\"e7b1d7e7-fbcb-4ac1-b820-085a98e899c2\"},\"orderDirection\":\"desc\",\"otherBucket\":false,\"missingBucket\":false,\"parentFormat\":{\"id\":\"terms\"},\"include\":[],\"exclude\":[],\"includeIsRegex\":false,\"excludeIsRegex\":false},\"customLabel\":true},\"e7b1d7e7-fbcb-4ac1-b820-085a98e899c2\":{\"label\":\"Count of records\",\"dataType\":\"number\",\"operationType\":\"count\",\"isBucketed\":false,\"scale\":\"ratio\",\"sourceField\":\"___records___\",\"params\":{\"emptyAsNull\":true}}},\"columnOrder\":[\"98f90733-b8b7-4748-a4da-ea0023622259\",\"e7b1d7e7-fbcb-4ac1-b820-085a98e899c2\"],\"incompleteColumns\":{},\"sampling\":1}}},\"textBased\":{\"layers\":{}}},\"internalReferences\":[],\"adHocDataViews\":{}}},\"enhancements\":{}}},{\"version\":\"8.6.2\",\"type\":\"lens\",\"gridData\":{\"x\":33,\"y\":55,\"w\":15,\"h\":22,\"i\":\"8e36813d-4556-4641-8d29-4f2f295cb7c1\"},\"panelIndex\":\"8e36813d-4556-4641-8d29-4f2f295cb7c1\",\"embeddableConfig\":{\"attributes\":{\"title\":\"\",\"visualizationType\":\"lnsDatatable\",\"type\":\"lens\",\"references\":[{\"type\":\"index-pattern\",\"id\":\"c6b645d3-dd29-43f2-b831-49e29ffd5b6c\",\"name\":\"indexpattern-datasource-layer-892c0e1e-878a-4e74-8cfc-00ebf1171aed\"}],\"state\":{\"visualization\":{\"layerId\":\"892c0e1e-878a-4e74-8cfc-00ebf1171aed\",\"layerType\":\"data\",\"columns\":[{\"columnId\":\"3a6015f2-d1cd-49fa-821a-e1205400f24a\"},{\"columnId\":\"2ab88515-4a2c-4bc3-8382-18e713e44bb8\"}],\"paging\":{\"size\":10,\"enabled\":true}},\"query\":{\"query\":\"\",\"language\":\"kuery\"},\"filters\":[],\"datasourceStates\":{\"formBased\":{\"layers\":{\"892c0e1e-878a-4e74-8cfc-00ebf1171aed\":{\"columns\":{\"3a6015f2-d1cd-49fa-821a-e1205400f24a\":{\"label\":\"Username\",\"dataType\":\"string\",\"operationType\":\"terms\",\"scale\":\"ordinal\",\"sourceField\":\"process.user.name\",\"isBucketed\":true,\"params\":{\"size\":10000,\"orderBy\":{\"type\":\"column\",\"columnId\":\"2ab88515-4a2c-4bc3-8382-18e713e44bb8\"},\"orderDirection\":\"desc\",\"otherBucket\":false,\"missingBucket\":false,\"parentFormat\":{\"id\":\"terms\"},\"include\":[],\"exclude\":[],\"includeIsRegex\":false,\"excludeIsRegex\":false},\"customLabel\":true},\"2ab88515-4a2c-4bc3-8382-18e713e44bb8\":{\"label\":\"Count of records\",\"dataType\":\"number\",\"operationType\":\"count\",\"isBucketed\":false,\"scale\":\"ratio\",\"sourceField\":\"___records___\",\"params\":{\"emptyAsNull\":true}}},\"columnOrder\":[\"3a6015f2-d1cd-49fa-821a-e1205400f24a\",\"2ab88515-4a2c-4bc3-8382-18e713e44bb8\"],\"incompleteColumns\":{},\"sampling\":1}}},\"textBased\":{\"layers\":{}}},\"internalReferences\":[],\"adHocDataViews\":{}}},\"enhancements\":{}}}]",
        "refreshInterval": {
            "pause": true,
            "value": 0
        },
        "timeFrom": "now-30d/d",
        "timeRestore": true,
        "timeTo": "now",
        "title": "[TYCHON] Exposed Services",
        "version": 1
    },
    "coreMigrationVersion": "8.6.2",
    "created_at": "2023-08-23T20:36:42.243Z",
    "id": "tychon-e24ce070-3c85-11ee-9610-15dee918f31a-exposedservice",
    "migrationVersion": {
        "dashboard": "8.6.0"
    },
    "references": [
        {
            "id": "c6b645d3-dd29-43f2-b831-49e29ffd5b6c",
            "name": "258910e8-1f41-4100-a8c6-1bd212f9d27e:indexpattern-datasource-layer-24de3dec-56cf-4cf2-98a6-3c78ed05d960",
            "type": "index-pattern"
        },
        {
            "id": "c6b645d3-dd29-43f2-b831-49e29ffd5b6c",
            "name": "5720248d-77b4-4c3a-a755-856207618998:indexpattern-datasource-layer-8f31e3a1-68a6-4044-8fab-397567f134ee",
            "type": "index-pattern"
        },
        {
            "id": "c6b645d3-dd29-43f2-b831-49e29ffd5b6c",
            "name": "3b75685e-24d0-4a07-bb8d-65011b6109e1:indexpattern-datasource-layer-a860a0ca-9856-48a6-9f80-c2f21b8bf996",
            "type": "index-pattern"
        },
        {
            "id": "c6b645d3-dd29-43f2-b831-49e29ffd5b6c",
            "name": "87617db0-cd7c-4f32-99bd-1f2615d8d1a7:indexpattern-datasource-layer-2ce2e63d-d815-4db1-bc4b-609f7f80dc72",
            "type": "index-pattern"
        },
        {
            "id": "c6b645d3-dd29-43f2-b831-49e29ffd5b6c",
            "name": "4ab60584-3359-4217-892c-3dddbf754aff:indexpattern-datasource-layer-0e20ed19-aae0-4939-a956-68aceebc3f7e",
            "type": "index-pattern"
        },
        {
            "id": "c6b645d3-dd29-43f2-b831-49e29ffd5b6c",
            "name": "cee8b6b3-2032-4e8e-a12a-4f8b0023a506:indexpattern-datasource-layer-e0cae3a1-c6ec-43da-b419-1e93f1b79cc9",
            "type": "index-pattern"
        },
        {
            "id": "c6b645d3-dd29-43f2-b831-49e29ffd5b6c",
            "name": "8e36813d-4556-4641-8d29-4f2f295cb7c1:indexpattern-datasource-layer-892c0e1e-878a-4e74-8cfc-00ebf1171aed",
            "type": "index-pattern"
        },
        {
            "id": "e2bb7d40-3de4-11ee-9610-15dee918f31a",
            "name": "tag-ref-e2bb7d40-3de4-11ee-9610-15dee918f31a",
            "type": "tag"
        },
        {
            "id": "e18d6100-3c85-11ee-9610-15dee918f31a",
            "name": "tag-ref-e18d6100-3c85-11ee-9610-15dee918f31a",
            "type": "tag"
        },
        {
            "id": "10af3800-10f3-11ee-af86-538da1394f27",
            "name": "tag-ref-10af3800-10f3-11ee-af86-538da1394f27",
            "type": "tag"
        },
        {
            "id": "5a3ae0c0-3dbf-11ee-9610-15dee918f31a",
            "name": "tag-ref-5a3ae0c0-3dbf-11ee-9610-15dee918f31a",
            "type": "tag"
        }
    ],
    "type": "dashboard",
    "updated_at": "2023-08-23T20:36:42.243Z",
    "version": "WzgxOTg2NCwyMl0="
}