{
    "attributes": {
        "controlGroupInput": {
            "chainingSystem": "HIERARCHICAL",
            "controlStyle": "oneLine",
            "ignoreParentSettingsJSON": "{\"ignoreFilters\":false,\"ignoreQuery\":false,\"ignoreTimerange\":false,\"ignoreValidations\":false}",
            "panelsJSON": "{\"a9a1905e-d884-49b1-9f30-bae69dd0f668\":{\"order\":0,\"width\":\"large\",\"grow\":true,\"type\":\"optionsListControl\",\"explicitInput\":{\"fieldName\":\"host.hostname\",\"title\":\"Hostname\",\"id\":\"a9a1905e-d884-49b1-9f30-bae69dd0f668\",\"existsSelected\":false,\"hideExists\":true,\"hideExclude\":true,\"singleSelect\":true,\"enhancements\":{}}}}"
        },
        "description": "The \"TYCHON Endpoint Browser\" dashboard provides host visualization data for a single endpoint at a time. The dashboard is a set of several individual views broken down by tabs near the top of the screen. The TYCHON Endpoint Browser – Endpoint Protection view displays the status of your AV vendors and virtualization protection mechanisms, whether they are enabled, and if they are up to date.",
        "kibanaSavedObjectMeta": {
            "searchSourceJSON": "{\"query\":{\"query\":\"\",\"language\":\"kuery\"},\"filter\":[]}"
        },
        "optionsJSON": "{\"useMargins\":true,\"syncColors\":false,\"syncCursor\":true,\"syncTooltips\":false,\"hidePanelTitles\":false}",
        "panelsJSON": "[{\"version\":\"8.6.2\",\"type\":\"visualization\",\"gridData\":{\"x\":0,\"y\":0,\"w\":48,\"h\":3,\"i\":\"02c59767-547c-4cda-bba5-77ad8a00a068\"},\"panelIndex\":\"02c59767-547c-4cda-bba5-77ad8a00a068\",\"embeddableConfig\":{\"enhancements\":{},\"hidePanelTitles\":true},\"panelRefName\":\"panel_02c59767-547c-4cda-bba5-77ad8a00a068\"},{\"version\":\"8.6.2\",\"type\":\"visualization\",\"gridData\":{\"x\":0,\"y\":3,\"w\":9,\"h\":10,\"i\":\"cefa3c11-9742-4955-9569-40a38489d62a\"},\"panelIndex\":\"cefa3c11-9742-4955-9569-40a38489d62a\",\"embeddableConfig\":{\"savedVis\":{\"id\":\"\",\"title\":\"\",\"description\":\"\",\"type\":\"markdown\",\"params\":{\"fontSize\":12,\"openLinksInNewTab\":false,\"markdown\":\"### Endpoint Protections\\nTYCHON monitors the endpoint for installed endpoint protection software. TYCHON integrates with EPP vendors to report the status of each specific vendor and its features to ensure all the proper protections are in place.\"},\"uiState\":{},\"data\":{\"aggs\":[],\"searchSource\":{\"query\":{\"query\":\"\",\"language\":\"kuery\"},\"filter\":[]}}},\"enhancements\":{},\"hidePanelTitles\":true}},{\"version\":\"8.6.2\",\"type\":\"lens\",\"gridData\":{\"x\":9,\"y\":3,\"w\":39,\"h\":5,\"i\":\"12e45058-431b-4504-a6ea-b37cdb08043d\"},\"panelIndex\":\"12e45058-431b-4504-a6ea-b37cdb08043d\",\"embeddableConfig\":{\"attributes\":{\"title\":\"\",\"visualizationType\":\"lnsDatatable\",\"type\":\"lens\",\"references\":[{\"type\":\"index-pattern\",\"id\":\"6c3bf5e0-0feb-4113-a417-ac5e69cd6e00\",\"name\":\"indexpattern-datasource-layer-9aeae475-3f70-4b1f-8e37-3d09bb018588\"}],\"state\":{\"visualization\":{\"layerId\":\"9aeae475-3f70-4b1f-8e37-3d09bb018588\",\"layerType\":\"data\",\"columns\":[{\"columnId\":\"de290752-f19c-48d6-88b4-bbacb0a643ba\",\"alignment\":\"center\"},{\"columnId\":\"1a761e73-7d11-44ba-b41d-12792debe4cc\",\"isTransposed\":false,\"hidden\":true},{\"columnId\":\"7f900bc4-4ed6-456b-9e5f-b77e10a1109c\",\"isTransposed\":false,\"alignment\":\"center\"},{\"columnId\":\"6b4ec867-8b7e-4d41-8b61-5615715413eb\",\"isTransposed\":false,\"alignment\":\"center\"}]},\"query\":{\"query\":\"\",\"language\":\"kuery\"},\"filters\":[],\"datasourceStates\":{\"formBased\":{\"layers\":{\"9aeae475-3f70-4b1f-8e37-3d09bb018588\":{\"columns\":{\"de290752-f19c-48d6-88b4-bbacb0a643ba\":{\"label\":\"Elastic Defender Behavior Protection\",\"dataType\":\"string\",\"operationType\":\"terms\",\"scale\":\"ordinal\",\"sourceField\":\"elastic.service.endpoint.behavior_protection\",\"isBucketed\":true,\"params\":{\"size\":5,\"orderBy\":{\"type\":\"column\",\"columnId\":\"1a761e73-7d11-44ba-b41d-12792debe4cc\"},\"orderDirection\":\"desc\",\"otherBucket\":true,\"missingBucket\":true,\"parentFormat\":{\"id\":\"terms\"},\"include\":[],\"exclude\":[],\"includeIsRegex\":false,\"excludeIsRegex\":false},\"customLabel\":true},\"1a761e73-7d11-44ba-b41d-12792debe4cc\":{\"label\":\"Count of records\",\"dataType\":\"number\",\"operationType\":\"count\",\"isBucketed\":false,\"scale\":\"ratio\",\"sourceField\":\"___records___\",\"params\":{\"emptyAsNull\":true}},\"7f900bc4-4ed6-456b-9e5f-b77e10a1109c\":{\"label\":\"Elastic Defender Anti-Malware\",\"dataType\":\"string\",\"operationType\":\"terms\",\"scale\":\"ordinal\",\"sourceField\":\"elastic.service.endpoint.malware\",\"isBucketed\":true,\"params\":{\"size\":3,\"orderBy\":{\"type\":\"column\",\"columnId\":\"1a761e73-7d11-44ba-b41d-12792debe4cc\"},\"orderDirection\":\"desc\",\"otherBucket\":true,\"missingBucket\":true,\"parentFormat\":{\"id\":\"terms\"},\"include\":[],\"exclude\":[],\"includeIsRegex\":false,\"excludeIsRegex\":false},\"customLabel\":true},\"6b4ec867-8b7e-4d41-8b61-5615715413eb\":{\"label\":\"Elastic Defender Memory Protection\",\"dataType\":\"string\",\"operationType\":\"terms\",\"scale\":\"ordinal\",\"sourceField\":\"elastic.service.endpoint.memory_protection\",\"isBucketed\":true,\"params\":{\"size\":3,\"orderBy\":{\"type\":\"column\",\"columnId\":\"1a761e73-7d11-44ba-b41d-12792debe4cc\"},\"orderDirection\":\"desc\",\"otherBucket\":true,\"missingBucket\":true,\"parentFormat\":{\"id\":\"terms\"},\"include\":[],\"exclude\":[],\"includeIsRegex\":false,\"excludeIsRegex\":false},\"customLabel\":true}},\"columnOrder\":[\"de290752-f19c-48d6-88b4-bbacb0a643ba\",\"7f900bc4-4ed6-456b-9e5f-b77e10a1109c\",\"6b4ec867-8b7e-4d41-8b61-5615715413eb\",\"1a761e73-7d11-44ba-b41d-12792debe4cc\"],\"sampling\":1,\"incompleteColumns\":{}}}},\"textBased\":{\"layers\":{}}},\"internalReferences\":[],\"adHocDataViews\":{}}},\"hidePanelTitles\":false,\"enhancements\":{}},\"title\":\"Elastic Defender Feature Status\"},{\"version\":\"8.6.2\",\"type\":\"lens\",\"gridData\":{\"x\":9,\"y\":8,\"w\":39,\"h\":5,\"i\":\"ea31c98b-3c46-4f95-a986-c4693b92b89e\"},\"panelIndex\":\"ea31c98b-3c46-4f95-a986-c4693b92b89e\",\"embeddableConfig\":{\"attributes\":{\"title\":\"\",\"visualizationType\":\"lnsDatatable\",\"type\":\"lens\",\"references\":[{\"type\":\"index-pattern\",\"id\":\"9267bb1b-cf22-4417-8cfb-6606848140a7\",\"name\":\"indexpattern-datasource-layer-5387a34a-b7b2-4177-9083-335cf4e9a3bf\"}],\"state\":{\"visualization\":{\"layerId\":\"5387a34a-b7b2-4177-9083-335cf4e9a3bf\",\"layerType\":\"data\",\"columns\":[{\"columnId\":\"fdfec985-df5b-4716-b4b7-fc583b364c03\",\"alignment\":\"center\"},{\"columnId\":\"f6bca86d-5a9b-4e18-902b-a573c57e734f\",\"hidden\":true},{\"columnId\":\"3e2f3d28-d02f-4e67-954e-ca5dbf0f5cec\",\"isTransposed\":false,\"alignment\":\"center\"},{\"columnId\":\"bfc72b21-55c2-4913-bcff-15362a0f8500\",\"isTransposed\":false,\"alignment\":\"center\"},{\"columnId\":\"005add0c-a692-4d2d-9758-6beb27289076\",\"isTransposed\":false,\"alignment\":\"center\"}]},\"query\":{\"query\":\"\",\"language\":\"kuery\"},\"filters\":[],\"datasourceStates\":{\"formBased\":{\"layers\":{\"5387a34a-b7b2-4177-9083-335cf4e9a3bf\":{\"columns\":{\"fdfec985-df5b-4716-b4b7-fc583b364c03\":{\"label\":\"TPM Present\",\"dataType\":\"boolean\",\"operationType\":\"terms\",\"scale\":\"ordinal\",\"sourceField\":\"host.tpm.present\",\"isBucketed\":true,\"params\":{\"size\":5,\"orderBy\":{\"type\":\"column\",\"columnId\":\"f6bca86d-5a9b-4e18-902b-a573c57e734f\"},\"orderDirection\":\"desc\",\"otherBucket\":true,\"missingBucket\":false,\"parentFormat\":{\"id\":\"terms\"},\"include\":[],\"exclude\":[],\"includeIsRegex\":false,\"excludeIsRegex\":false},\"customLabel\":true},\"f6bca86d-5a9b-4e18-902b-a573c57e734f\":{\"label\":\"Count of records\",\"dataType\":\"number\",\"operationType\":\"count\",\"isBucketed\":false,\"scale\":\"ratio\",\"sourceField\":\"___records___\",\"params\":{\"emptyAsNull\":true}},\"3e2f3d28-d02f-4e67-954e-ca5dbf0f5cec\":{\"label\":\"TPM Digest\",\"dataType\":\"string\",\"operationType\":\"terms\",\"scale\":\"ordinal\",\"sourceField\":\"host.tpm.digest.id\",\"isBucketed\":true,\"params\":{\"size\":3,\"orderBy\":{\"type\":\"column\",\"columnId\":\"f6bca86d-5a9b-4e18-902b-a573c57e734f\"},\"orderDirection\":\"desc\",\"otherBucket\":true,\"missingBucket\":true,\"parentFormat\":{\"id\":\"terms\"},\"include\":[],\"exclude\":[],\"includeIsRegex\":false,\"excludeIsRegex\":false},\"customLabel\":true},\"bfc72b21-55c2-4913-bcff-15362a0f8500\":{\"label\":\"TPM Compliant\",\"dataType\":\"boolean\",\"operationType\":\"terms\",\"scale\":\"ordinal\",\"sourceField\":\"host.tpm.compliant\",\"isBucketed\":true,\"params\":{\"size\":3,\"orderBy\":{\"type\":\"column\",\"columnId\":\"f6bca86d-5a9b-4e18-902b-a573c57e734f\"},\"orderDirection\":\"desc\",\"otherBucket\":true,\"missingBucket\":false,\"parentFormat\":{\"id\":\"terms\"},\"include\":[],\"exclude\":[],\"includeIsRegex\":false,\"excludeIsRegex\":false},\"customLabel\":true},\"005add0c-a692-4d2d-9758-6beb27289076\":{\"label\":\"TPM Version\",\"dataType\":\"string\",\"operationType\":\"terms\",\"scale\":\"ordinal\",\"sourceField\":\"host.tpm.version\",\"isBucketed\":true,\"params\":{\"size\":3,\"orderBy\":{\"type\":\"column\",\"columnId\":\"f6bca86d-5a9b-4e18-902b-a573c57e734f\"},\"orderDirection\":\"desc\",\"otherBucket\":true,\"missingBucket\":true,\"parentFormat\":{\"id\":\"terms\"},\"include\":[],\"exclude\":[],\"includeIsRegex\":false,\"excludeIsRegex\":false},\"customLabel\":true}},\"columnOrder\":[\"fdfec985-df5b-4716-b4b7-fc583b364c03\",\"3e2f3d28-d02f-4e67-954e-ca5dbf0f5cec\",\"bfc72b21-55c2-4913-bcff-15362a0f8500\",\"005add0c-a692-4d2d-9758-6beb27289076\",\"f6bca86d-5a9b-4e18-902b-a573c57e734f\"],\"incompleteColumns\":{},\"sampling\":1}}},\"textBased\":{\"layers\":{}}},\"internalReferences\":[],\"adHocDataViews\":{}}},\"hidePanelTitles\":false,\"enhancements\":{}},\"title\":\"Trusted Platform Module Status\"},{\"version\":\"8.6.2\",\"type\":\"lens\",\"gridData\":{\"x\":0,\"y\":13,\"w\":48,\"h\":5,\"i\":\"21705463-1697-44dc-9a09-62df26148332\"},\"panelIndex\":\"21705463-1697-44dc-9a09-62df26148332\",\"embeddableConfig\":{\"attributes\":{\"title\":\"\",\"visualizationType\":\"lnsDatatable\",\"type\":\"lens\",\"references\":[{\"type\":\"index-pattern\",\"id\":\"6c3bf5e0-0feb-4113-a417-ac5e69cd6e00\",\"name\":\"indexpattern-datasource-layer-75c713fc-0fdd-431c-8bc6-ecfb247c176e\"}],\"state\":{\"visualization\":{\"columns\":[{\"columnId\":\"dd967aec-5d3a-4e98-b8bb-1861bff07184\",\"isTransposed\":false,\"colorMode\":\"none\",\"alignment\":\"center\",\"hidden\":true},{\"columnId\":\"d9295119-6956-41e0-8b42-ac2e47a370de\",\"isTransposed\":false,\"alignment\":\"center\"},{\"columnId\":\"e4e1c126-d5c4-4037-84c4-8eaf12358e54\",\"isTransposed\":false,\"alignment\":\"center\"},{\"columnId\":\"33408527-4b67-4ab8-985a-5f4b9bcb0618\",\"isTransposed\":false,\"alignment\":\"center\"},{\"columnId\":\"f01de7cd-f7e8-462d-baa9-896b85f6c3eb\",\"isTransposed\":false,\"alignment\":\"center\"},{\"columnId\":\"6956a5b0-f8ac-48c5-befe-9e3b671f2639\",\"isTransposed\":false,\"alignment\":\"center\"},{\"columnId\":\"5133c9fb-f2af-4ded-ace4-bf47124e75e3\",\"isTransposed\":false,\"alignment\":\"center\"},{\"columnId\":\"5560824c-b749-475f-8423-603ee0107b9e\",\"isTransposed\":false,\"alignment\":\"center\"}],\"layerId\":\"75c713fc-0fdd-431c-8bc6-ecfb247c176e\",\"layerType\":\"data\"},\"query\":{\"query\":\"\",\"language\":\"kuery\"},\"filters\":[],\"datasourceStates\":{\"formBased\":{\"layers\":{\"75c713fc-0fdd-431c-8bc6-ecfb247c176e\":{\"columns\":{\"dd967aec-5d3a-4e98-b8bb-1861bff07184\":{\"label\":\"Count of records\",\"dataType\":\"number\",\"operationType\":\"count\",\"isBucketed\":false,\"scale\":\"ratio\",\"sourceField\":\"___records___\",\"params\":{\"emptyAsNull\":true}},\"d9295119-6956-41e0-8b42-ac2e47a370de\":{\"label\":\"Elastic Agent Version\",\"dataType\":\"string\",\"operationType\":\"terms\",\"scale\":\"ordinal\",\"sourceField\":\"elastic.service.agent.version\",\"isBucketed\":true,\"params\":{\"size\":5,\"orderBy\":{\"type\":\"column\",\"columnId\":\"dd967aec-5d3a-4e98-b8bb-1861bff07184\"},\"orderDirection\":\"desc\",\"otherBucket\":true,\"missingBucket\":true,\"parentFormat\":{\"id\":\"terms\"},\"include\":[],\"exclude\":[],\"includeIsRegex\":false,\"excludeIsRegex\":false},\"customLabel\":true},\"e4e1c126-d5c4-4037-84c4-8eaf12358e54\":{\"label\":\"Trellix ENS Version\",\"dataType\":\"string\",\"operationType\":\"terms\",\"scale\":\"ordinal\",\"sourceField\":\"trellix.service.ens.version\",\"isBucketed\":true,\"params\":{\"size\":3,\"orderBy\":{\"type\":\"column\",\"columnId\":\"dd967aec-5d3a-4e98-b8bb-1861bff07184\"},\"orderDirection\":\"desc\",\"otherBucket\":true,\"missingBucket\":true,\"parentFormat\":{\"id\":\"terms\"},\"include\":[],\"exclude\":[],\"includeIsRegex\":false,\"excludeIsRegex\":false},\"customLabel\":true},\"33408527-4b67-4ab8-985a-5f4b9bcb0618\":{\"label\":\"Trellix PA Version\",\"dataType\":\"string\",\"operationType\":\"terms\",\"scale\":\"ordinal\",\"sourceField\":\"trellix.service.pa.version\",\"isBucketed\":true,\"params\":{\"size\":3,\"orderBy\":{\"type\":\"column\",\"columnId\":\"dd967aec-5d3a-4e98-b8bb-1861bff07184\"},\"orderDirection\":\"desc\",\"otherBucket\":true,\"missingBucket\":true,\"parentFormat\":{\"id\":\"terms\"},\"include\":[],\"exclude\":[],\"includeIsRegex\":false,\"excludeIsRegex\":false,\"secondaryFields\":[]},\"customLabel\":true},\"f01de7cd-f7e8-462d-baa9-896b85f6c3eb\":{\"label\":\"Trellix DLP Version\",\"dataType\":\"string\",\"operationType\":\"terms\",\"scale\":\"ordinal\",\"sourceField\":\"trellix.service.dlp.version\",\"isBucketed\":true,\"params\":{\"size\":3,\"orderBy\":{\"type\":\"column\",\"columnId\":\"dd967aec-5d3a-4e98-b8bb-1861bff07184\"},\"orderDirection\":\"desc\",\"otherBucket\":true,\"missingBucket\":true,\"parentFormat\":{\"id\":\"terms\"},\"include\":[],\"exclude\":[],\"includeIsRegex\":false,\"excludeIsRegex\":false},\"customLabel\":true},\"6956a5b0-f8ac-48c5-befe-9e3b671f2639\":{\"label\":\"ACCM Version\",\"dataType\":\"string\",\"operationType\":\"terms\",\"scale\":\"ordinal\",\"sourceField\":\"trellix.service.accm.version\",\"isBucketed\":true,\"params\":{\"size\":3,\"orderBy\":{\"type\":\"column\",\"columnId\":\"dd967aec-5d3a-4e98-b8bb-1861bff07184\"},\"orderDirection\":\"desc\",\"otherBucket\":true,\"missingBucket\":false,\"parentFormat\":{\"id\":\"terms\"},\"include\":[],\"exclude\":[],\"includeIsRegex\":false,\"excludeIsRegex\":false},\"customLabel\":true},\"5133c9fb-f2af-4ded-ace4-bf47124e75e3\":{\"label\":\"RSD Version\",\"dataType\":\"string\",\"operationType\":\"terms\",\"scale\":\"ordinal\",\"sourceField\":\"trellix.service.rsd.version\",\"isBucketed\":true,\"params\":{\"size\":3,\"orderBy\":{\"type\":\"column\",\"columnId\":\"dd967aec-5d3a-4e98-b8bb-1861bff07184\"},\"orderDirection\":\"desc\",\"otherBucket\":true,\"missingBucket\":false,\"parentFormat\":{\"id\":\"terms\"},\"include\":[],\"exclude\":[],\"includeIsRegex\":false,\"excludeIsRegex\":false},\"customLabel\":true},\"5560824c-b749-475f-8423-603ee0107b9e\":{\"label\":\"Elastic Endpoint Version\",\"dataType\":\"string\",\"operationType\":\"terms\",\"scale\":\"ordinal\",\"sourceField\":\"elastic.service.endpoint.version\",\"isBucketed\":true,\"params\":{\"size\":3,\"orderBy\":{\"type\":\"column\",\"columnId\":\"dd967aec-5d3a-4e98-b8bb-1861bff07184\"},\"orderDirection\":\"desc\",\"otherBucket\":true,\"missingBucket\":true,\"parentFormat\":{\"id\":\"terms\"},\"include\":[],\"exclude\":[],\"includeIsRegex\":false,\"excludeIsRegex\":false},\"customLabel\":true}},\"columnOrder\":[\"d9295119-6956-41e0-8b42-ac2e47a370de\",\"5560824c-b749-475f-8423-603ee0107b9e\",\"e4e1c126-d5c4-4037-84c4-8eaf12358e54\",\"33408527-4b67-4ab8-985a-5f4b9bcb0618\",\"f01de7cd-f7e8-462d-baa9-896b85f6c3eb\",\"5133c9fb-f2af-4ded-ace4-bf47124e75e3\",\"6956a5b0-f8ac-48c5-befe-9e3b671f2639\",\"dd967aec-5d3a-4e98-b8bb-1861bff07184\"],\"sampling\":1,\"incompleteColumns\":{}}}},\"textBased\":{\"layers\":{}}},\"internalReferences\":[],\"adHocDataViews\":{}}},\"hidePanelTitles\":false,\"enhancements\":{}},\"title\":\"Third-Party Protection Software Versions\"},{\"version\":\"8.6.2\",\"type\":\"lens\",\"gridData\":{\"x\":0,\"y\":18,\"w\":48,\"h\":5,\"i\":\"a8c6851c-3730-4c20-b9e0-43af84a176d0\"},\"panelIndex\":\"a8c6851c-3730-4c20-b9e0-43af84a176d0\",\"embeddableConfig\":{\"attributes\":{\"title\":\"\",\"visualizationType\":\"lnsDatatable\",\"type\":\"lens\",\"references\":[{\"type\":\"index-pattern\",\"id\":\"6c3bf5e0-0feb-4113-a417-ac5e69cd6e00\",\"name\":\"indexpattern-datasource-layer-04332c65-6c71-4235-8823-49823d7deda5\"}],\"state\":{\"visualization\":{\"columns\":[{\"columnId\":\"dbfeb47c-32b6-474c-8677-dae820f07b2d\",\"isTransposed\":false,\"hidden\":true},{\"columnId\":\"512f9032-b127-4739-b5bf-3eb959638ff5\",\"isTransposed\":false,\"alignment\":\"center\"},{\"columnId\":\"f4d3274b-0ee5-442f-8eeb-b41e5fa7f953\",\"isTransposed\":false,\"alignment\":\"center\"},{\"columnId\":\"91e23a0c-ed3b-4ad7-bc5e-53f4c6fab562\",\"isTransposed\":false,\"alignment\":\"center\"},{\"columnId\":\"cf12a36e-89b5-4367-b35f-9afb91f70d09\",\"isTransposed\":false,\"alignment\":\"center\"},{\"columnId\":\"c05bb470-b273-4a26-bf5d-a81b3c58767f\",\"isTransposed\":false,\"alignment\":\"center\"},{\"columnId\":\"76f77c25-4df6-4e7a-94ec-a88f4e9c8677\",\"isTransposed\":false,\"alignment\":\"center\"},{\"columnId\":\"0ac16482-70d8-47af-9017-43495072b88a\",\"isTransposed\":false,\"alignment\":\"center\"}],\"layerId\":\"04332c65-6c71-4235-8823-49823d7deda5\",\"layerType\":\"data\"},\"query\":{\"query\":\"\",\"language\":\"kuery\"},\"filters\":[],\"datasourceStates\":{\"formBased\":{\"layers\":{\"04332c65-6c71-4235-8823-49823d7deda5\":{\"columns\":{\"dbfeb47c-32b6-474c-8677-dae820f07b2d\":{\"label\":\"Count of records\",\"dataType\":\"number\",\"operationType\":\"count\",\"isBucketed\":false,\"scale\":\"ratio\",\"sourceField\":\"___records___\",\"params\":{\"emptyAsNull\":true}},\"512f9032-b127-4739-b5bf-3eb959638ff5\":{\"label\":\"Elastic Agent Status\",\"dataType\":\"string\",\"operationType\":\"terms\",\"scale\":\"ordinal\",\"sourceField\":\"elastic.service.agent.status\",\"isBucketed\":true,\"params\":{\"size\":5,\"orderBy\":{\"type\":\"column\",\"columnId\":\"dbfeb47c-32b6-474c-8677-dae820f07b2d\"},\"orderDirection\":\"desc\",\"otherBucket\":true,\"missingBucket\":true,\"parentFormat\":{\"id\":\"terms\"},\"include\":[],\"exclude\":[],\"includeIsRegex\":false,\"excludeIsRegex\":false},\"customLabel\":true},\"f4d3274b-0ee5-442f-8eeb-b41e5fa7f953\":{\"label\":\"Elastic Endpoint Status\",\"dataType\":\"string\",\"operationType\":\"terms\",\"scale\":\"ordinal\",\"sourceField\":\"elastic.service.endpoint.status\",\"isBucketed\":true,\"params\":{\"size\":3,\"orderBy\":{\"type\":\"column\",\"columnId\":\"dbfeb47c-32b6-474c-8677-dae820f07b2d\"},\"orderDirection\":\"desc\",\"otherBucket\":true,\"missingBucket\":true,\"parentFormat\":{\"id\":\"terms\"},\"include\":[],\"exclude\":[],\"includeIsRegex\":false,\"excludeIsRegex\":false},\"customLabel\":true},\"91e23a0c-ed3b-4ad7-bc5e-53f4c6fab562\":{\"label\":\"Trellix ENS Status\",\"dataType\":\"string\",\"operationType\":\"terms\",\"scale\":\"ordinal\",\"sourceField\":\"trellix.service.ens.status\",\"isBucketed\":true,\"params\":{\"size\":3,\"orderBy\":{\"type\":\"column\",\"columnId\":\"dbfeb47c-32b6-474c-8677-dae820f07b2d\"},\"orderDirection\":\"desc\",\"otherBucket\":true,\"missingBucket\":false,\"parentFormat\":{\"id\":\"terms\"},\"include\":[],\"exclude\":[],\"includeIsRegex\":false,\"excludeIsRegex\":false},\"customLabel\":true},\"cf12a36e-89b5-4367-b35f-9afb91f70d09\":{\"label\":\"Trellix DLP Status\",\"dataType\":\"string\",\"operationType\":\"terms\",\"scale\":\"ordinal\",\"sourceField\":\"trellix.service.dlp.status\",\"isBucketed\":true,\"params\":{\"size\":3,\"orderBy\":{\"type\":\"column\",\"columnId\":\"dbfeb47c-32b6-474c-8677-dae820f07b2d\"},\"orderDirection\":\"desc\",\"otherBucket\":true,\"missingBucket\":true,\"parentFormat\":{\"id\":\"terms\"},\"include\":[],\"exclude\":[],\"includeIsRegex\":false,\"excludeIsRegex\":false},\"customLabel\":true},\"c05bb470-b273-4a26-bf5d-a81b3c58767f\":{\"label\":\"Trellix PA Status\",\"dataType\":\"string\",\"operationType\":\"terms\",\"scale\":\"ordinal\",\"sourceField\":\"trellix.service.pa.status\",\"isBucketed\":true,\"params\":{\"size\":3,\"orderBy\":{\"type\":\"column\",\"columnId\":\"dbfeb47c-32b6-474c-8677-dae820f07b2d\"},\"orderDirection\":\"desc\",\"otherBucket\":true,\"missingBucket\":false,\"parentFormat\":{\"id\":\"terms\"},\"include\":[],\"exclude\":[],\"includeIsRegex\":false,\"excludeIsRegex\":false},\"customLabel\":true},\"76f77c25-4df6-4e7a-94ec-a88f4e9c8677\":{\"label\":\"Trellix RSD Status\",\"dataType\":\"string\",\"operationType\":\"terms\",\"scale\":\"ordinal\",\"sourceField\":\"trellix.service.rsd.status\",\"isBucketed\":true,\"params\":{\"size\":3,\"orderBy\":{\"type\":\"column\",\"columnId\":\"dbfeb47c-32b6-474c-8677-dae820f07b2d\"},\"orderDirection\":\"desc\",\"otherBucket\":true,\"missingBucket\":true,\"parentFormat\":{\"id\":\"terms\"},\"include\":[],\"exclude\":[],\"includeIsRegex\":false,\"excludeIsRegex\":false},\"customLabel\":true},\"0ac16482-70d8-47af-9017-43495072b88a\":{\"label\":\"ACCM Status\",\"dataType\":\"string\",\"operationType\":\"terms\",\"scale\":\"ordinal\",\"sourceField\":\"trellix.service.accm.status\",\"isBucketed\":true,\"params\":{\"size\":3,\"orderBy\":{\"type\":\"column\",\"columnId\":\"dbfeb47c-32b6-474c-8677-dae820f07b2d\"},\"orderDirection\":\"desc\",\"otherBucket\":true,\"missingBucket\":false,\"parentFormat\":{\"id\":\"terms\"},\"include\":[],\"exclude\":[],\"includeIsRegex\":false,\"excludeIsRegex\":false},\"customLabel\":true}},\"columnOrder\":[\"512f9032-b127-4739-b5bf-3eb959638ff5\",\"f4d3274b-0ee5-442f-8eeb-b41e5fa7f953\",\"91e23a0c-ed3b-4ad7-bc5e-53f4c6fab562\",\"c05bb470-b273-4a26-bf5d-a81b3c58767f\",\"cf12a36e-89b5-4367-b35f-9afb91f70d09\",\"76f77c25-4df6-4e7a-94ec-a88f4e9c8677\",\"0ac16482-70d8-47af-9017-43495072b88a\",\"dbfeb47c-32b6-474c-8677-dae820f07b2d\"],\"sampling\":1,\"incompleteColumns\":{}}}},\"textBased\":{\"layers\":{}}},\"internalReferences\":[],\"adHocDataViews\":{}}},\"hidePanelTitles\":false,\"enhancements\":{}},\"title\":\"Third-Party Protection Software Status\"},{\"version\":\"8.6.2\",\"type\":\"lens\",\"gridData\":{\"x\":0,\"y\":23,\"w\":48,\"h\":5,\"i\":\"52a76f9f-e799-4d4a-b9e4-eae7014038e4\"},\"panelIndex\":\"52a76f9f-e799-4d4a-b9e4-eae7014038e4\",\"embeddableConfig\":{\"attributes\":{\"title\":\"\",\"visualizationType\":\"lnsDatatable\",\"type\":\"lens\",\"references\":[{\"type\":\"index-pattern\",\"id\":\"6c3bf5e0-0feb-4113-a417-ac5e69cd6e00\",\"name\":\"indexpattern-datasource-layer-ef2f26c8-3d23-4b27-b103-3f0ad7394111\"}],\"state\":{\"visualization\":{\"columns\":[{\"columnId\":\"eb149617-f610-4378-ba74-d639147b5601\",\"isTransposed\":false,\"hidden\":true},{\"columnId\":\"29924658-9aa3-42ea-bd98-79e173958e42\",\"isTransposed\":false,\"alignment\":\"center\"},{\"columnId\":\"33c42b63-ee69-433c-95af-9d7d01e4f845\",\"isTransposed\":false,\"alignment\":\"center\"},{\"columnId\":\"a052e49e-e5ef-4c10-97df-d5c3f372f8ac\",\"isTransposed\":false,\"alignment\":\"center\"},{\"columnId\":\"221eaf8f-2283-4ee5-b4b7-8b3236f6d621\",\"isTransposed\":false,\"alignment\":\"center\"},{\"columnId\":\"d88f0d3a-2942-49fc-bd63-a971fa819412\",\"isTransposed\":false,\"alignment\":\"center\"},{\"columnId\":\"06750c7f-0d30-41c5-a4b7-cb1d59756b91\",\"isTransposed\":false,\"alignment\":\"center\"}],\"layerId\":\"ef2f26c8-3d23-4b27-b103-3f0ad7394111\",\"layerType\":\"data\"},\"query\":{\"query\":\"\",\"language\":\"kuery\"},\"filters\":[],\"datasourceStates\":{\"formBased\":{\"layers\":{\"ef2f26c8-3d23-4b27-b103-3f0ad7394111\":{\"columns\":{\"eb149617-f610-4378-ba74-d639147b5601\":{\"label\":\"Count of records\",\"dataType\":\"number\",\"operationType\":\"count\",\"isBucketed\":false,\"scale\":\"ratio\",\"sourceField\":\"___records___\",\"params\":{\"emptyAsNull\":true}},\"29924658-9aa3-42ea-bd98-79e173958e42\":{\"label\":\"Windows Defender Anti-Malware\",\"dataType\":\"string\",\"operationType\":\"terms\",\"scale\":\"ordinal\",\"sourceField\":\"windows_defender.service.antimalware.status\",\"isBucketed\":true,\"params\":{\"size\":5,\"orderBy\":{\"type\":\"column\",\"columnId\":\"eb149617-f610-4378-ba74-d639147b5601\"},\"orderDirection\":\"desc\",\"otherBucket\":true,\"missingBucket\":true,\"parentFormat\":{\"id\":\"terms\"},\"include\":[],\"exclude\":[],\"includeIsRegex\":false,\"excludeIsRegex\":false},\"customLabel\":true},\"33c42b63-ee69-433c-95af-9d7d01e4f845\":{\"label\":\"Windows Defender Anti-Spyware\",\"dataType\":\"string\",\"operationType\":\"terms\",\"scale\":\"ordinal\",\"sourceField\":\"windows_defender.service.antispyware.status\",\"isBucketed\":true,\"params\":{\"size\":3,\"orderBy\":{\"type\":\"column\",\"columnId\":\"eb149617-f610-4378-ba74-d639147b5601\"},\"orderDirection\":\"desc\",\"otherBucket\":true,\"missingBucket\":true,\"parentFormat\":{\"id\":\"terms\"},\"include\":[],\"exclude\":[],\"includeIsRegex\":false,\"excludeIsRegex\":false},\"customLabel\":true},\"a052e49e-e5ef-4c10-97df-d5c3f372f8ac\":{\"label\":\"Windows Defender Anti-Virus \",\"dataType\":\"string\",\"operationType\":\"terms\",\"scale\":\"ordinal\",\"sourceField\":\"windows_defender.service.antivirus.status\",\"isBucketed\":true,\"params\":{\"size\":3,\"orderBy\":{\"type\":\"column\",\"columnId\":\"eb149617-f610-4378-ba74-d639147b5601\"},\"orderDirection\":\"desc\",\"otherBucket\":true,\"missingBucket\":false,\"parentFormat\":{\"id\":\"terms\"},\"include\":[],\"exclude\":[],\"includeIsRegex\":false,\"excludeIsRegex\":false},\"customLabel\":true},\"221eaf8f-2283-4ee5-b4b7-8b3236f6d621\":{\"label\":\"Windows Defender Real-Time Protection\",\"dataType\":\"string\",\"operationType\":\"terms\",\"scale\":\"ordinal\",\"sourceField\":\"windows_defender.service.real_time_protection.status\",\"isBucketed\":true,\"params\":{\"size\":3,\"orderBy\":{\"type\":\"column\",\"columnId\":\"eb149617-f610-4378-ba74-d639147b5601\"},\"orderDirection\":\"desc\",\"otherBucket\":true,\"missingBucket\":true,\"parentFormat\":{\"id\":\"terms\"},\"include\":[],\"exclude\":[],\"includeIsRegex\":false,\"excludeIsRegex\":false},\"customLabel\":true},\"d88f0d3a-2942-49fc-bd63-a971fa819412\":{\"label\":\"Windows Defender NIS\",\"dataType\":\"string\",\"operationType\":\"terms\",\"scale\":\"ordinal\",\"sourceField\":\"windows_defender.service.nis.status\",\"isBucketed\":true,\"params\":{\"size\":3,\"orderBy\":{\"type\":\"column\",\"columnId\":\"eb149617-f610-4378-ba74-d639147b5601\"},\"orderDirection\":\"desc\",\"otherBucket\":true,\"missingBucket\":true,\"parentFormat\":{\"id\":\"terms\"},\"include\":[],\"exclude\":[],\"includeIsRegex\":false,\"excludeIsRegex\":false},\"customLabel\":true},\"06750c7f-0d30-41c5-a4b7-cb1d59756b91\":{\"label\":\"Windows Defender On-Access Protection\",\"dataType\":\"string\",\"operationType\":\"terms\",\"scale\":\"ordinal\",\"sourceField\":\"windows_defender.service.on_access_protection.status\",\"isBucketed\":true,\"params\":{\"size\":3,\"orderBy\":{\"type\":\"column\",\"columnId\":\"eb149617-f610-4378-ba74-d639147b5601\"},\"orderDirection\":\"desc\",\"otherBucket\":true,\"missingBucket\":false,\"parentFormat\":{\"id\":\"terms\"},\"include\":[],\"exclude\":[],\"includeIsRegex\":false,\"excludeIsRegex\":false},\"customLabel\":true}},\"columnOrder\":[\"29924658-9aa3-42ea-bd98-79e173958e42\",\"33c42b63-ee69-433c-95af-9d7d01e4f845\",\"a052e49e-e5ef-4c10-97df-d5c3f372f8ac\",\"221eaf8f-2283-4ee5-b4b7-8b3236f6d621\",\"d88f0d3a-2942-49fc-bd63-a971fa819412\",\"06750c7f-0d30-41c5-a4b7-cb1d59756b91\",\"eb149617-f610-4378-ba74-d639147b5601\"],\"sampling\":1,\"incompleteColumns\":{}}}},\"textBased\":{\"layers\":{}}},\"internalReferences\":[],\"adHocDataViews\":{}}},\"hidePanelTitles\":false,\"enhancements\":{}},\"title\":\"Windows Defender Feature Status\"},{\"version\":\"8.6.2\",\"type\":\"lens\",\"gridData\":{\"x\":0,\"y\":28,\"w\":48,\"h\":5,\"i\":\"8ad0f3f2-f823-482a-94f5-438a5f4e63ad\"},\"panelIndex\":\"8ad0f3f2-f823-482a-94f5-438a5f4e63ad\",\"embeddableConfig\":{\"attributes\":{\"title\":\"\",\"visualizationType\":\"lnsDatatable\",\"type\":\"lens\",\"references\":[{\"type\":\"index-pattern\",\"id\":\"6c3bf5e0-0feb-4113-a417-ac5e69cd6e00\",\"name\":\"indexpattern-datasource-layer-6cde8617-3e7c-4778-a329-d928e36d7275\"}],\"state\":{\"visualization\":{\"columns\":[{\"columnId\":\"beb6fb15-943b-4309-90f7-f4dce874a09b\",\"isTransposed\":false,\"alignment\":\"center\"},{\"columnId\":\"2ecb665e-6607-46bb-b133-227e2a1f86e5\",\"isTransposed\":false,\"hidden\":true},{\"columnId\":\"f99c5f5c-ed39-4708-a69a-8cb9dafd18c0\",\"isTransposed\":false,\"alignment\":\"center\"},{\"columnId\":\"7c6804a4-01e8-4d63-abeb-403c9080dfa2\",\"isTransposed\":false,\"alignment\":\"center\"},{\"columnId\":\"f6f3cda8-645f-4d93-9b56-259ea57e96ba\",\"isTransposed\":false,\"alignment\":\"center\"},{\"columnId\":\"c4d70098-785e-4a47-814e-9e380659c08a\",\"isTransposed\":false,\"alignment\":\"center\"}],\"layerId\":\"6cde8617-3e7c-4778-a329-d928e36d7275\",\"layerType\":\"data\"},\"query\":{\"query\":\"\",\"language\":\"kuery\"},\"filters\":[],\"datasourceStates\":{\"formBased\":{\"layers\":{\"6cde8617-3e7c-4778-a329-d928e36d7275\":{\"columns\":{\"beb6fb15-943b-4309-90f7-f4dce874a09b\":{\"label\":\"Windows Defender Anti-Malware\",\"dataType\":\"string\",\"operationType\":\"terms\",\"scale\":\"ordinal\",\"sourceField\":\"windows_defender.service.antimalware.signature_version\",\"isBucketed\":true,\"params\":{\"size\":5,\"orderBy\":{\"type\":\"column\",\"columnId\":\"2ecb665e-6607-46bb-b133-227e2a1f86e5\"},\"orderDirection\":\"desc\",\"otherBucket\":true,\"missingBucket\":true,\"parentFormat\":{\"id\":\"terms\"},\"include\":[],\"exclude\":[],\"includeIsRegex\":false,\"excludeIsRegex\":false,\"secondaryFields\":[]},\"customLabel\":true},\"2ecb665e-6607-46bb-b133-227e2a1f86e5\":{\"label\":\"Count of records\",\"dataType\":\"number\",\"operationType\":\"count\",\"isBucketed\":false,\"scale\":\"ratio\",\"sourceField\":\"___records___\",\"params\":{\"emptyAsNull\":true}},\"f99c5f5c-ed39-4708-a69a-8cb9dafd18c0\":{\"label\":\"Windows Defender Anit-Spyware\",\"dataType\":\"string\",\"operationType\":\"terms\",\"scale\":\"ordinal\",\"sourceField\":\"windows_defender.service.antispyware.signature_version\",\"isBucketed\":true,\"params\":{\"size\":3,\"orderBy\":{\"type\":\"column\",\"columnId\":\"2ecb665e-6607-46bb-b133-227e2a1f86e5\"},\"orderDirection\":\"desc\",\"otherBucket\":true,\"missingBucket\":false,\"parentFormat\":{\"id\":\"terms\"},\"include\":[],\"exclude\":[],\"includeIsRegex\":false,\"excludeIsRegex\":false},\"customLabel\":true},\"7c6804a4-01e8-4d63-abeb-403c9080dfa2\":{\"label\":\"Windows Defender AV\",\"dataType\":\"string\",\"operationType\":\"terms\",\"scale\":\"ordinal\",\"sourceField\":\"windows_defender.service.antivirus.full_scan.signature_version\",\"isBucketed\":true,\"params\":{\"size\":3,\"orderBy\":{\"type\":\"column\",\"columnId\":\"2ecb665e-6607-46bb-b133-227e2a1f86e5\"},\"orderDirection\":\"desc\",\"otherBucket\":true,\"missingBucket\":false,\"parentFormat\":{\"id\":\"terms\"},\"include\":[],\"exclude\":[],\"includeIsRegex\":false,\"excludeIsRegex\":false},\"customLabel\":true},\"f6f3cda8-645f-4d93-9b56-259ea57e96ba\":{\"label\":\"Windows Defender NIS\",\"dataType\":\"string\",\"operationType\":\"terms\",\"scale\":\"ordinal\",\"sourceField\":\"windows_defender.service.nis.signature_version\",\"isBucketed\":true,\"params\":{\"size\":3,\"orderBy\":{\"type\":\"column\",\"columnId\":\"2ecb665e-6607-46bb-b133-227e2a1f86e5\"},\"orderDirection\":\"desc\",\"otherBucket\":true,\"missingBucket\":true,\"parentFormat\":{\"id\":\"terms\"},\"include\":[],\"exclude\":[],\"includeIsRegex\":false,\"excludeIsRegex\":false},\"customLabel\":true},\"c4d70098-785e-4a47-814e-9e380659c08a\":{\"label\":\"Trellix ENS\",\"dataType\":\"string\",\"operationType\":\"terms\",\"scale\":\"ordinal\",\"sourceField\":\"trellix.service.ens.signature_version\",\"isBucketed\":true,\"params\":{\"size\":3,\"orderBy\":{\"type\":\"column\",\"columnId\":\"2ecb665e-6607-46bb-b133-227e2a1f86e5\"},\"orderDirection\":\"desc\",\"otherBucket\":true,\"missingBucket\":true,\"parentFormat\":{\"id\":\"terms\"},\"include\":[],\"exclude\":[],\"includeIsRegex\":false,\"excludeIsRegex\":false},\"customLabel\":true}},\"columnOrder\":[\"c4d70098-785e-4a47-814e-9e380659c08a\",\"beb6fb15-943b-4309-90f7-f4dce874a09b\",\"f99c5f5c-ed39-4708-a69a-8cb9dafd18c0\",\"7c6804a4-01e8-4d63-abeb-403c9080dfa2\",\"f6f3cda8-645f-4d93-9b56-259ea57e96ba\",\"2ecb665e-6607-46bb-b133-227e2a1f86e5\"],\"sampling\":1,\"incompleteColumns\":{}}}},\"textBased\":{\"layers\":{}}},\"internalReferences\":[],\"adHocDataViews\":{}}},\"hidePanelTitles\":false,\"enhancements\":{}},\"title\":\"Endpoint Protection Signature Versions\"},{\"version\":\"8.6.2\",\"type\":\"lens\",\"gridData\":{\"x\":0,\"y\":33,\"w\":48,\"h\":5,\"i\":\"165a86cb-4d74-46e5-b01a-c8aa699bb62d\"},\"panelIndex\":\"165a86cb-4d74-46e5-b01a-c8aa699bb62d\",\"embeddableConfig\":{\"attributes\":{\"title\":\"\",\"visualizationType\":\"lnsDatatable\",\"type\":\"lens\",\"references\":[{\"type\":\"index-pattern\",\"id\":\"9267bb1b-cf22-4417-8cfb-6606848140a7\",\"name\":\"indexpattern-datasource-layer-2c3e9bfb-f184-4fcc-8cf0-289375d17465\"}],\"state\":{\"visualization\":{\"columns\":[{\"columnId\":\"407f21d2-19c4-4989-af6d-6d1874ed4adb\",\"isTransposed\":false,\"alignment\":\"center\"},{\"columnId\":\"b16cb63b-c175-474d-92c1-8a4259f824a6\",\"isTransposed\":false,\"hidden\":true},{\"columnId\":\"dfcfe55f-7ed2-414e-a58c-5ce22504f040\",\"isTransposed\":false,\"alignment\":\"center\"},{\"columnId\":\"485d3df1-2842-46fa-8709-b9e1c226c7fa\",\"isTransposed\":false,\"alignment\":\"center\"},{\"columnId\":\"e4001a32-8acc-4546-ad61-096ef4ada2da\",\"isTransposed\":false,\"alignment\":\"center\"},{\"columnId\":\"20655296-06de-4a2f-8c5c-d3f11575f76b\",\"isTransposed\":false,\"alignment\":\"center\"},{\"columnId\":\"93d9fdc5-1776-4120-b653-35f6ade218ff\",\"isTransposed\":false,\"alignment\":\"center\"},{\"columnId\":\"6d17a739-c24f-47da-8215-5f85d7fab0eb\",\"isTransposed\":false,\"alignment\":\"center\"},{\"columnId\":\"5aaf01cb-a91c-4863-b03b-7df01d5b0139\",\"isTransposed\":false,\"alignment\":\"center\"}],\"layerId\":\"2c3e9bfb-f184-4fcc-8cf0-289375d17465\",\"layerType\":\"data\"},\"query\":{\"query\":\"\",\"language\":\"kuery\"},\"filters\":[],\"datasourceStates\":{\"formBased\":{\"layers\":{\"2c3e9bfb-f184-4fcc-8cf0-289375d17465\":{\"columns\":{\"407f21d2-19c4-4989-af6d-6d1874ed4adb\":{\"label\":\"Credential Guard Enabled\",\"dataType\":\"boolean\",\"operationType\":\"terms\",\"scale\":\"ordinal\",\"sourceField\":\"event.deviceguard.credentialguard.enabled\",\"isBucketed\":true,\"params\":{\"size\":5,\"orderBy\":{\"type\":\"column\",\"columnId\":\"b16cb63b-c175-474d-92c1-8a4259f824a6\"},\"orderDirection\":\"desc\",\"otherBucket\":true,\"missingBucket\":false,\"parentFormat\":{\"id\":\"terms\"},\"include\":[],\"exclude\":[],\"includeIsRegex\":false,\"excludeIsRegex\":false},\"customLabel\":true},\"b16cb63b-c175-474d-92c1-8a4259f824a6\":{\"label\":\"Count of records\",\"dataType\":\"number\",\"operationType\":\"count\",\"isBucketed\":false,\"scale\":\"ratio\",\"sourceField\":\"___records___\",\"params\":{\"emptyAsNull\":true}},\"dfcfe55f-7ed2-414e-a58c-5ce22504f040\":{\"label\":\"Credential Guard Running\",\"dataType\":\"boolean\",\"operationType\":\"terms\",\"scale\":\"ordinal\",\"sourceField\":\"event.deviceguard.credentialguard.running\",\"isBucketed\":true,\"params\":{\"size\":3,\"orderBy\":{\"type\":\"column\",\"columnId\":\"b16cb63b-c175-474d-92c1-8a4259f824a6\"},\"orderDirection\":\"desc\",\"otherBucket\":true,\"missingBucket\":false,\"parentFormat\":{\"id\":\"terms\"},\"include\":[],\"exclude\":[],\"includeIsRegex\":false,\"excludeIsRegex\":false},\"customLabel\":true},\"485d3df1-2842-46fa-8709-b9e1c226c7fa\":{\"label\":\"Device Guard Version\",\"dataType\":\"string\",\"operationType\":\"terms\",\"scale\":\"ordinal\",\"sourceField\":\"event.deviceguard.version\",\"isBucketed\":true,\"params\":{\"size\":3,\"orderBy\":{\"type\":\"column\",\"columnId\":\"b16cb63b-c175-474d-92c1-8a4259f824a6\"},\"orderDirection\":\"desc\",\"otherBucket\":true,\"missingBucket\":false,\"parentFormat\":{\"id\":\"terms\"},\"include\":[],\"exclude\":[],\"includeIsRegex\":false,\"excludeIsRegex\":false},\"customLabel\":true},\"e4001a32-8acc-4546-ad61-096ef4ada2da\":{\"label\":\"Secure Boot Available\",\"dataType\":\"boolean\",\"operationType\":\"terms\",\"scale\":\"ordinal\",\"sourceField\":\"event.deviceguard.secureboot.available\",\"isBucketed\":true,\"params\":{\"size\":3,\"orderBy\":{\"type\":\"column\",\"columnId\":\"b16cb63b-c175-474d-92c1-8a4259f824a6\"},\"orderDirection\":\"desc\",\"otherBucket\":true,\"missingBucket\":false,\"parentFormat\":{\"id\":\"terms\"},\"include\":[],\"exclude\":[],\"includeIsRegex\":false,\"excludeIsRegex\":false},\"customLabel\":true},\"20655296-06de-4a2f-8c5c-d3f11575f76b\":{\"label\":\"Usermode Integrity Policy Enforcement\",\"dataType\":\"string\",\"operationType\":\"terms\",\"scale\":\"ordinal\",\"sourceField\":\"event.deviceguard.usermodecodeintegrity.policyenforcement\",\"isBucketed\":true,\"params\":{\"size\":3,\"orderBy\":{\"type\":\"column\",\"columnId\":\"b16cb63b-c175-474d-92c1-8a4259f824a6\"},\"orderDirection\":\"desc\",\"otherBucket\":true,\"missingBucket\":true,\"parentFormat\":{\"id\":\"terms\"},\"include\":[],\"exclude\":[],\"includeIsRegex\":false,\"excludeIsRegex\":false},\"customLabel\":true},\"93d9fdc5-1776-4120-b653-35f6ade218ff\":{\"label\":\"Virtualization Based Security\",\"dataType\":\"string\",\"operationType\":\"terms\",\"scale\":\"ordinal\",\"sourceField\":\"event.deviceguard.virtualizationbasedsecurity.status\",\"isBucketed\":true,\"params\":{\"size\":3,\"orderBy\":{\"type\":\"column\",\"columnId\":\"b16cb63b-c175-474d-92c1-8a4259f824a6\"},\"orderDirection\":\"desc\",\"otherBucket\":true,\"missingBucket\":false,\"parentFormat\":{\"id\":\"terms\"},\"include\":[],\"exclude\":[],\"includeIsRegex\":false,\"excludeIsRegex\":false},\"customLabel\":true},\"6d17a739-c24f-47da-8215-5f85d7fab0eb\":{\"label\":\"Secure Launch Enabled\",\"dataType\":\"boolean\",\"operationType\":\"terms\",\"scale\":\"ordinal\",\"sourceField\":\"event.deviceguard.systemguardsecurelaunch.enabled\",\"isBucketed\":true,\"params\":{\"size\":3,\"orderBy\":{\"type\":\"column\",\"columnId\":\"b16cb63b-c175-474d-92c1-8a4259f824a6\"},\"orderDirection\":\"desc\",\"otherBucket\":true,\"missingBucket\":false,\"parentFormat\":{\"id\":\"terms\"},\"include\":[],\"exclude\":[],\"includeIsRegex\":false,\"excludeIsRegex\":false},\"customLabel\":true},\"5aaf01cb-a91c-4863-b03b-7df01d5b0139\":{\"label\":\"UFI Enabled\",\"dataType\":\"boolean\",\"operationType\":\"terms\",\"scale\":\"ordinal\",\"sourceField\":\"event.ufi.enabled\",\"isBucketed\":true,\"params\":{\"size\":3,\"orderBy\":{\"type\":\"column\",\"columnId\":\"b16cb63b-c175-474d-92c1-8a4259f824a6\"},\"orderDirection\":\"desc\",\"otherBucket\":true,\"missingBucket\":false,\"parentFormat\":{\"id\":\"terms\"},\"include\":[],\"exclude\":[],\"includeIsRegex\":false,\"excludeIsRegex\":false},\"customLabel\":true}},\"columnOrder\":[\"407f21d2-19c4-4989-af6d-6d1874ed4adb\",\"dfcfe55f-7ed2-414e-a58c-5ce22504f040\",\"485d3df1-2842-46fa-8709-b9e1c226c7fa\",\"e4001a32-8acc-4546-ad61-096ef4ada2da\",\"20655296-06de-4a2f-8c5c-d3f11575f76b\",\"93d9fdc5-1776-4120-b653-35f6ade218ff\",\"6d17a739-c24f-47da-8215-5f85d7fab0eb\",\"5aaf01cb-a91c-4863-b03b-7df01d5b0139\",\"b16cb63b-c175-474d-92c1-8a4259f824a6\"],\"sampling\":1,\"incompleteColumns\":{}}}},\"textBased\":{\"layers\":{}}},\"internalReferences\":[],\"adHocDataViews\":{}}},\"hidePanelTitles\":false,\"enhancements\":{}},\"title\":\"Windows Security Settings\"}]",
        "refreshInterval": {
            "pause": true,
            "value": 0
        },
        "timeFrom": "now-7d/d",
        "timeRestore": true,
        "timeTo": "now",
        "title": "[TYCHON] Endpoint Browser - Endpoint Protection",
        "version": 1
    },
    "coreMigrationVersion": "8.6.2",
    "created_at": "2023-08-23T20:53:06.434Z",
    "id": "tychon-b85e87c0-41ab-11ee-83e4-c92ed141b9e5-epp",
    "migrationVersion": {
        "dashboard": "8.6.0"
    },
    "references": [
        {
            "id": "tychon-ee4b44b0-40e6-11ee-8111-21f5f34f6dfc",
            "name": "02c59767-547c-4cda-bba5-77ad8a00a068:panel_02c59767-547c-4cda-bba5-77ad8a00a068",
            "type": "visualization"
        },
        {
            "id": "6c3bf5e0-0feb-4113-a417-ac5e69cd6e00",
            "name": "12e45058-431b-4504-a6ea-b37cdb08043d:indexpattern-datasource-layer-9aeae475-3f70-4b1f-8e37-3d09bb018588",
            "type": "index-pattern"
        },
        {
            "id": "9267bb1b-cf22-4417-8cfb-6606848140a7",
            "name": "ea31c98b-3c46-4f95-a986-c4693b92b89e:indexpattern-datasource-layer-5387a34a-b7b2-4177-9083-335cf4e9a3bf",
            "type": "index-pattern"
        },
        {
            "id": "6c3bf5e0-0feb-4113-a417-ac5e69cd6e00",
            "name": "21705463-1697-44dc-9a09-62df26148332:indexpattern-datasource-layer-75c713fc-0fdd-431c-8bc6-ecfb247c176e",
            "type": "index-pattern"
        },
        {
            "id": "6c3bf5e0-0feb-4113-a417-ac5e69cd6e00",
            "name": "a8c6851c-3730-4c20-b9e0-43af84a176d0:indexpattern-datasource-layer-04332c65-6c71-4235-8823-49823d7deda5",
            "type": "index-pattern"
        },
        {
            "id": "6c3bf5e0-0feb-4113-a417-ac5e69cd6e00",
            "name": "52a76f9f-e799-4d4a-b9e4-eae7014038e4:indexpattern-datasource-layer-ef2f26c8-3d23-4b27-b103-3f0ad7394111",
            "type": "index-pattern"
        },
        {
            "id": "6c3bf5e0-0feb-4113-a417-ac5e69cd6e00",
            "name": "8ad0f3f2-f823-482a-94f5-438a5f4e63ad:indexpattern-datasource-layer-6cde8617-3e7c-4778-a329-d928e36d7275",
            "type": "index-pattern"
        },
        {
            "id": "9267bb1b-cf22-4417-8cfb-6606848140a7",
            "name": "165a86cb-4d74-46e5-b01a-c8aa699bb62d:indexpattern-datasource-layer-2c3e9bfb-f184-4fcc-8cf0-289375d17465",
            "type": "index-pattern"
        },
        {
            "id": "bb5226cd-c099-46d2-bb71-0257232c7d82",
            "name": "controlGroup_a9a1905e-d884-49b1-9f30-bae69dd0f668:optionsListDataView",
            "type": "index-pattern"
        },
        {
            "id": "a3922360-3de6-11ee-9610-15dee918f31a",
            "name": "tag-ref-a3922360-3de6-11ee-9610-15dee918f31a",
            "type": "tag"
        },
        {
            "id": "e18d6100-3c85-11ee-9610-15dee918f31a",
            "name": "tag-ref-e18d6100-3c85-11ee-9610-15dee918f31a",
            "type": "tag"
        },
        {
            "id": "10af3800-10f3-11ee-af86-538da1394f27",
            "name": "tag-ref-10af3800-10f3-11ee-af86-538da1394f27",
            "type": "tag"
        },
        {
            "id": "39b55820-10f2-11ee-af86-538da1394f27",
            "name": "tag-ref-39b55820-10f2-11ee-af86-538da1394f27",
            "type": "tag"
        },
        {
            "id": "bae88930-1133-11ee-af86-538da1394f27",
            "name": "tag-ref-bae88930-1133-11ee-af86-538da1394f27",
            "type": "tag"
        }
    ],
    "type": "dashboard",
    "updated_at": "2023-08-23T20:53:06.434Z",
    "version": "WzgyMTYxNywyMl0="
}