{
    "attributes": {
        "description": "TYCHON collects information about hard drives and volumes attached to computers.",
        "kibanaSavedObjectMeta": {
            "searchSourceJSON": "{\"query\":{\"query\":\"\",\"language\":\"kuery\"},\"filter\":[]}"
        },
        "optionsJSON": "{\"useMargins\":true,\"syncColors\":false,\"syncCursor\":true,\"syncTooltips\":false,\"hidePanelTitles\":false}",
        "panelsJSON": "[{\"version\":\"8.6.2\",\"type\":\"lens\",\"gridData\":{\"x\":0,\"y\":0,\"w\":28,\"h\":27,\"i\":\"b5ddabd8-3016-4232-b28b-06d714106a89\"},\"panelIndex\":\"b5ddabd8-3016-4232-b28b-06d714106a89\",\"embeddableConfig\":{\"attributes\":{\"title\":\"\",\"visualizationType\":\"lnsDatatable\",\"type\":\"lens\",\"references\":[{\"type\":\"index-pattern\",\"id\":\"2dc584bc-c446-4150-b561-1415a45ebe87\",\"name\":\"indexpattern-datasource-layer-221c8cb0-1779-45ef-8d12-3923317e3366\"}],\"state\":{\"visualization\":{\"columns\":[{\"isTransposed\":false,\"columnId\":\"72a526ec-1d67-4606-a5ff-fecbe1b12ee6\"},{\"isTransposed\":false,\"columnId\":\"aebe1da3-7bee-43ec-8a75-a8be55373d20\"},{\"isTransposed\":false,\"columnId\":\"040edfd5-86a3-4298-9068-e97f6828acc2\"},{\"isTransposed\":false,\"columnId\":\"317c7190-beca-4bee-80ad-791840ec4b41\"},{\"isTransposed\":false,\"columnId\":\"82052aa7-a5b0-4b79-9d2e-7f8ccc5808cf\"}],\"layerId\":\"221c8cb0-1779-45ef-8d12-3923317e3366\",\"layerType\":\"data\"},\"query\":{\"query\":\"\",\"language\":\"kuery\"},\"filters\":[],\"datasourceStates\":{\"formBased\":{\"layers\":{\"221c8cb0-1779-45ef-8d12-3923317e3366\":{\"columns\":{\"72a526ec-1d67-4606-a5ff-fecbe1b12ee6\":{\"label\":\"Name\",\"dataType\":\"string\",\"operationType\":\"terms\",\"scale\":\"ordinal\",\"sourceField\":\"disk.name\",\"isBucketed\":true,\"params\":{\"size\":10000,\"orderBy\":{\"type\":\"column\",\"columnId\":\"82052aa7-a5b0-4b79-9d2e-7f8ccc5808cf\"},\"orderDirection\":\"desc\",\"otherBucket\":true,\"missingBucket\":false,\"parentFormat\":{\"id\":\"terms\"},\"include\":[],\"exclude\":[],\"includeIsRegex\":false,\"excludeIsRegex\":false},\"customLabel\":true},\"aebe1da3-7bee-43ec-8a75-a8be55373d20\":{\"label\":\"Model\",\"dataType\":\"string\",\"operationType\":\"terms\",\"scale\":\"ordinal\",\"sourceField\":\"disk.model\",\"isBucketed\":true,\"params\":{\"size\":10,\"orderBy\":{\"type\":\"column\",\"columnId\":\"82052aa7-a5b0-4b79-9d2e-7f8ccc5808cf\"},\"orderDirection\":\"desc\",\"otherBucket\":true,\"missingBucket\":false,\"parentFormat\":{\"id\":\"terms\"},\"include\":[],\"exclude\":[],\"includeIsRegex\":false,\"excludeIsRegex\":false},\"customLabel\":true},\"040edfd5-86a3-4298-9068-e97f6828acc2\":{\"label\":\"Manufacturer\",\"dataType\":\"string\",\"operationType\":\"terms\",\"scale\":\"ordinal\",\"sourceField\":\"disk.manufacturer\",\"isBucketed\":true,\"params\":{\"size\":5,\"orderBy\":{\"type\":\"column\",\"columnId\":\"82052aa7-a5b0-4b79-9d2e-7f8ccc5808cf\"},\"orderDirection\":\"desc\",\"otherBucket\":true,\"missingBucket\":false,\"parentFormat\":{\"id\":\"terms\"},\"include\":[],\"exclude\":[],\"includeIsRegex\":false,\"excludeIsRegex\":false},\"customLabel\":true},\"317c7190-beca-4bee-80ad-791840ec4b41\":{\"label\":\"Partition Style\",\"dataType\":\"string\",\"operationType\":\"terms\",\"scale\":\"ordinal\",\"sourceField\":\"disk.partition_style\",\"isBucketed\":true,\"params\":{\"size\":3,\"orderBy\":{\"type\":\"column\",\"columnId\":\"82052aa7-a5b0-4b79-9d2e-7f8ccc5808cf\"},\"orderDirection\":\"desc\",\"otherBucket\":true,\"missingBucket\":false,\"parentFormat\":{\"id\":\"terms\"},\"include\":[],\"exclude\":[],\"includeIsRegex\":false,\"excludeIsRegex\":false},\"customLabel\":true},\"82052aa7-a5b0-4b79-9d2e-7f8ccc5808cf\":{\"label\":\"Count of records\",\"dataType\":\"number\",\"operationType\":\"count\",\"isBucketed\":false,\"scale\":\"ratio\",\"sourceField\":\"___records___\",\"params\":{\"emptyAsNull\":true}}},\"columnOrder\":[\"72a526ec-1d67-4606-a5ff-fecbe1b12ee6\",\"aebe1da3-7bee-43ec-8a75-a8be55373d20\",\"040edfd5-86a3-4298-9068-e97f6828acc2\",\"317c7190-beca-4bee-80ad-791840ec4b41\",\"82052aa7-a5b0-4b79-9d2e-7f8ccc5808cf\"],\"incompleteColumns\":{},\"sampling\":1}}},\"textBased\":{\"layers\":{}}},\"internalReferences\":[],\"adHocDataViews\":{}}},\"enhancements\":{},\"hidePanelTitles\":false},\"title\":\"Physical Disks\"},{\"version\":\"8.6.2\",\"type\":\"lens\",\"gridData\":{\"x\":28,\"y\":0,\"w\":13,\"h\":17,\"i\":\"6859fbab-c985-4bfe-9100-8c5e5326021d\"},\"panelIndex\":\"6859fbab-c985-4bfe-9100-8c5e5326021d\",\"embeddableConfig\":{\"attributes\":{\"title\":\"\",\"visualizationType\":\"lnsMetric\",\"type\":\"lens\",\"references\":[{\"type\":\"index-pattern\",\"id\":\"2dc584bc-c446-4150-b561-1415a45ebe87\",\"name\":\"indexpattern-datasource-layer-002038df-af67-4b41-9b1c-06b855c4713e\"}],\"state\":{\"visualization\":{\"layerId\":\"002038df-af67-4b41-9b1c-06b855c4713e\",\"layerType\":\"data\",\"metricAccessor\":\"6090f9f1-96d7-4a5c-8828-00ff9ac2c3ba\",\"breakdownByAccessor\":\"9dffdf45-9da5-41d1-8c37-437e1d70306e\",\"maxCols\":2},\"query\":{\"query\":\"\",\"language\":\"kuery\"},\"filters\":[],\"datasourceStates\":{\"formBased\":{\"layers\":{\"002038df-af67-4b41-9b1c-06b855c4713e\":{\"columns\":{\"6090f9f1-96d7-4a5c-8828-00ff9ac2c3ba\":{\"label\":\"Avg Disk Size\",\"dataType\":\"number\",\"operationType\":\"average\",\"sourceField\":\"disk.size\",\"isBucketed\":false,\"scale\":\"ratio\",\"params\":{\"emptyAsNull\":true},\"customLabel\":true},\"9dffdf45-9da5-41d1-8c37-437e1d70306e\":{\"label\":\"Top 10 values of host.hardware.manufacturer\",\"dataType\":\"string\",\"operationType\":\"terms\",\"scale\":\"ordinal\",\"sourceField\":\"host.hardware.manufacturer\",\"isBucketed\":true,\"params\":{\"size\":10,\"orderBy\":{\"type\":\"column\",\"columnId\":\"6090f9f1-96d7-4a5c-8828-00ff9ac2c3ba\"},\"orderDirection\":\"desc\",\"otherBucket\":true,\"missingBucket\":false,\"parentFormat\":{\"id\":\"terms\"},\"include\":[],\"exclude\":[],\"includeIsRegex\":false,\"excludeIsRegex\":false}}},\"columnOrder\":[\"9dffdf45-9da5-41d1-8c37-437e1d70306e\",\"6090f9f1-96d7-4a5c-8828-00ff9ac2c3ba\"],\"sampling\":1,\"incompleteColumns\":{}}}},\"textBased\":{\"layers\":{}}},\"internalReferences\":[],\"adHocDataViews\":{}}},\"hidePanelTitles\":false,\"enhancements\":{}},\"title\":\"Avg Disk Size by Manufacturer\"},{\"version\":\"8.6.2\",\"type\":\"lens\",\"gridData\":{\"x\":41,\"y\":0,\"w\":7,\"h\":17,\"i\":\"cb0c8de2-4fd0-4911-9e61-adab9c11c090\"},\"panelIndex\":\"cb0c8de2-4fd0-4911-9e61-adab9c11c090\",\"embeddableConfig\":{\"attributes\":{\"title\":\"\",\"visualizationType\":\"lnsMetric\",\"type\":\"lens\",\"references\":[{\"type\":\"index-pattern\",\"id\":\"2dc584bc-c446-4150-b561-1415a45ebe87\",\"name\":\"indexpattern-datasource-layer-488a6893-9138-46f9-adbe-e8ce2c47e8bd\"}],\"state\":{\"visualization\":{\"layerId\":\"488a6893-9138-46f9-adbe-e8ce2c47e8bd\",\"layerType\":\"data\",\"metricAccessor\":\"6d005070-a8da-48b0-b946-da89fbabd90e\",\"breakdownByAccessor\":\"d990970c-7e22-4928-805b-18a6962b6799\",\"color\":\"#ededed\",\"maxCols\":1,\"collapseFn\":\"\"},\"query\":{\"query\":\"\",\"language\":\"kuery\"},\"filters\":[],\"datasourceStates\":{\"formBased\":{\"layers\":{\"488a6893-9138-46f9-adbe-e8ce2c47e8bd\":{\"columns\":{\"6d005070-a8da-48b0-b946-da89fbabd90e\":{\"label\":\"Avg Disk Size\",\"dataType\":\"number\",\"operationType\":\"average\",\"sourceField\":\"disk.size\",\"isBucketed\":false,\"scale\":\"ratio\",\"params\":{\"emptyAsNull\":true,\"format\":{\"id\":\"bytes\",\"params\":{\"decimals\":2}}},\"customLabel\":true},\"d990970c-7e22-4928-805b-18a6962b6799\":{\"label\":\"Operating System\",\"dataType\":\"string\",\"operationType\":\"terms\",\"scale\":\"ordinal\",\"sourceField\":\"host.os.platform\",\"isBucketed\":true,\"params\":{\"size\":3,\"orderBy\":{\"type\":\"column\",\"columnId\":\"6d005070-a8da-48b0-b946-da89fbabd90e\"},\"orderDirection\":\"desc\",\"otherBucket\":true,\"missingBucket\":false,\"parentFormat\":{\"id\":\"terms\"},\"include\":[],\"exclude\":[],\"includeIsRegex\":false,\"excludeIsRegex\":false},\"customLabel\":true}},\"columnOrder\":[\"d990970c-7e22-4928-805b-18a6962b6799\",\"6d005070-a8da-48b0-b946-da89fbabd90e\"],\"incompleteColumns\":{}}}},\"textBased\":{\"layers\":{}}},\"internalReferences\":[],\"adHocDataViews\":{}}},\"enhancements\":{}}},{\"version\":\"8.6.2\",\"type\":\"lens\",\"gridData\":{\"x\":28,\"y\":17,\"w\":5,\"h\":23,\"i\":\"db1eb37d-8675-44d1-891a-9a8a7c2e8ade\"},\"panelIndex\":\"db1eb37d-8675-44d1-891a-9a8a7c2e8ade\",\"embeddableConfig\":{\"attributes\":{\"title\":\"\",\"visualizationType\":\"lnsGauge\",\"type\":\"lens\",\"references\":[{\"type\":\"index-pattern\",\"id\":\"2dc584bc-c446-4150-b561-1415a45ebe87\",\"name\":\"indexpattern-datasource-layer-6d559375-a858-4fbb-a7cf-2f8fe9e1c7f3\"}],\"state\":{\"visualization\":{\"shape\":\"verticalBullet\",\"layerId\":\"6d559375-a858-4fbb-a7cf-2f8fe9e1c7f3\",\"layerType\":\"data\",\"ticksPosition\":\"bands\",\"labelMajorMode\":\"auto\",\"metricAccessor\":\"4f64099d-20b2-4d74-ba9e-05a9ff5c498e\",\"palette\":{\"name\":\"custom\",\"type\":\"palette\",\"params\":{\"steps\":3,\"name\":\"custom\",\"reverse\":false,\"rangeType\":\"percent\",\"rangeMin\":null,\"rangeMax\":null,\"progression\":\"fixed\",\"stops\":[{\"color\":\"#94C5F4\",\"stop\":33.33},{\"color\":\"#7AABDA\",\"stop\":66.66},{\"color\":\"#6092C0\",\"stop\":100}],\"colorStops\":[{\"color\":\"#94C5F4\",\"stop\":null},{\"color\":\"#7AABDA\",\"stop\":33.33},{\"color\":\"#6092C0\",\"stop\":66.66}],\"continuity\":\"all\",\"maxSteps\":5}},\"colorMode\":\"palette\"},\"query\":{\"query\":\"\",\"language\":\"kuery\"},\"filters\":[],\"datasourceStates\":{\"formBased\":{\"layers\":{\"6d559375-a858-4fbb-a7cf-2f8fe9e1c7f3\":{\"columns\":{\"4f64099d-20b2-4d74-ba9e-05a9ff5c498e\":{\"label\":\"System Disk\",\"dataType\":\"number\",\"operationType\":\"unique_count\",\"scale\":\"ratio\",\"sourceField\":\"disk.system\",\"isBucketed\":false,\"params\":{\"emptyAsNull\":true,\"format\":{\"id\":\"number\",\"params\":{\"decimals\":0}}},\"customLabel\":true}},\"columnOrder\":[\"4f64099d-20b2-4d74-ba9e-05a9ff5c498e\"],\"incompleteColumns\":{},\"sampling\":1}}},\"textBased\":{\"layers\":{}}},\"internalReferences\":[],\"adHocDataViews\":{}}},\"enhancements\":{}}},{\"version\":\"8.6.2\",\"type\":\"lens\",\"gridData\":{\"x\":33,\"y\":17,\"w\":5,\"h\":23,\"i\":\"f85bb00e-3b05-48b5-a447-fb210ba95ff9\"},\"panelIndex\":\"f85bb00e-3b05-48b5-a447-fb210ba95ff9\",\"embeddableConfig\":{\"attributes\":{\"title\":\"\",\"visualizationType\":\"lnsGauge\",\"type\":\"lens\",\"references\":[{\"type\":\"index-pattern\",\"id\":\"2dc584bc-c446-4150-b561-1415a45ebe87\",\"name\":\"indexpattern-datasource-layer-064d2f28-8ccf-4c45-a28e-5a5816cd7617\"}],\"state\":{\"visualization\":{\"layerId\":\"064d2f28-8ccf-4c45-a28e-5a5816cd7617\",\"layerType\":\"data\",\"shape\":\"verticalBullet\",\"palette\":{\"name\":\"custom\",\"type\":\"palette\",\"params\":{\"steps\":3,\"name\":\"custom\",\"reverse\":false,\"rangeType\":\"percent\",\"rangeMin\":null,\"rangeMax\":null,\"progression\":\"fixed\",\"stops\":[{\"color\":\"#94C5F4\",\"stop\":33.33},{\"color\":\"#7AABDA\",\"stop\":66.66},{\"color\":\"#6092C0\",\"stop\":100}],\"colorStops\":[{\"color\":\"#94C5F4\",\"stop\":null},{\"color\":\"#7AABDA\",\"stop\":33.33},{\"color\":\"#6092C0\",\"stop\":66.66}],\"continuity\":\"all\",\"maxSteps\":5}},\"ticksPosition\":\"bands\",\"labelMajorMode\":\"auto\",\"metricAccessor\":\"986480e5-18b5-4695-85ce-5266db9d4f47\",\"colorMode\":\"palette\"},\"query\":{\"query\":\"\",\"language\":\"kuery\"},\"filters\":[],\"datasourceStates\":{\"formBased\":{\"layers\":{\"064d2f28-8ccf-4c45-a28e-5a5816cd7617\":{\"columns\":{\"986480e5-18b5-4695-85ce-5266db9d4f47\":{\"label\":\"Bootable Drive\",\"dataType\":\"number\",\"operationType\":\"unique_count\",\"scale\":\"ratio\",\"sourceField\":\"disk.boot_from\",\"isBucketed\":false,\"params\":{\"emptyAsNull\":true},\"customLabel\":true}},\"columnOrder\":[\"986480e5-18b5-4695-85ce-5266db9d4f47\"],\"incompleteColumns\":{}}}},\"textBased\":{\"layers\":{}}},\"internalReferences\":[],\"adHocDataViews\":{}}},\"enhancements\":{}}},{\"version\":\"8.6.2\",\"type\":\"lens\",\"gridData\":{\"x\":38,\"y\":17,\"w\":5,\"h\":23,\"i\":\"d401251f-ad81-4c51-9844-f7b09319b927\"},\"panelIndex\":\"d401251f-ad81-4c51-9844-f7b09319b927\",\"embeddableConfig\":{\"attributes\":{\"title\":\"\",\"visualizationType\":\"lnsGauge\",\"type\":\"lens\",\"references\":[{\"type\":\"index-pattern\",\"id\":\"2dc584bc-c446-4150-b561-1415a45ebe87\",\"name\":\"indexpattern-datasource-layer-e8b77360-a165-4a1b-8178-1269a1ddcce0\"}],\"state\":{\"visualization\":{\"layerId\":\"e8b77360-a165-4a1b-8178-1269a1ddcce0\",\"layerType\":\"data\",\"shape\":\"verticalBullet\",\"palette\":{\"name\":\"custom\",\"type\":\"palette\",\"params\":{\"steps\":3,\"name\":\"custom\",\"reverse\":false,\"rangeType\":\"percent\",\"rangeMin\":null,\"rangeMax\":null,\"progression\":\"fixed\",\"stops\":[{\"color\":\"#94C5F4\",\"stop\":33.33},{\"color\":\"#7AABDA\",\"stop\":66.66},{\"color\":\"#6092C0\",\"stop\":100}],\"colorStops\":[{\"color\":\"#94C5F4\",\"stop\":null},{\"color\":\"#7AABDA\",\"stop\":33.33},{\"color\":\"#6092C0\",\"stop\":66.66}],\"continuity\":\"all\",\"maxSteps\":5}},\"ticksPosition\":\"bands\",\"labelMajorMode\":\"auto\",\"metricAccessor\":\"838e1571-1035-4b70-be49-400aec480639\",\"colorMode\":\"palette\"},\"query\":{\"query\":\"\",\"language\":\"kuery\"},\"filters\":[],\"datasourceStates\":{\"formBased\":{\"layers\":{\"e8b77360-a165-4a1b-8178-1269a1ddcce0\":{\"columns\":{\"838e1571-1035-4b70-be49-400aec480639\":{\"label\":\"Clustered\",\"dataType\":\"number\",\"operationType\":\"unique_count\",\"scale\":\"ratio\",\"sourceField\":\"disk.clustered\",\"isBucketed\":false,\"params\":{\"format\":{\"id\":\"number\",\"params\":{\"decimals\":0}},\"emptyAsNull\":false},\"customLabel\":true}},\"columnOrder\":[\"838e1571-1035-4b70-be49-400aec480639\"],\"incompleteColumns\":{}}}},\"textBased\":{\"layers\":{}}},\"internalReferences\":[],\"adHocDataViews\":{}}},\"enhancements\":{}}},{\"version\":\"8.6.2\",\"type\":\"lens\",\"gridData\":{\"x\":43,\"y\":17,\"w\":5,\"h\":23,\"i\":\"3d2627b6-09a8-41ff-8e43-9deb9125cf9b\"},\"panelIndex\":\"3d2627b6-09a8-41ff-8e43-9deb9125cf9b\",\"embeddableConfig\":{\"attributes\":{\"title\":\"\",\"visualizationType\":\"lnsGauge\",\"type\":\"lens\",\"references\":[{\"type\":\"index-pattern\",\"id\":\"2dc584bc-c446-4150-b561-1415a45ebe87\",\"name\":\"indexpattern-datasource-layer-9c59f356-6617-4fb4-8d1d-0a31def292f8\"}],\"state\":{\"visualization\":{\"layerId\":\"9c59f356-6617-4fb4-8d1d-0a31def292f8\",\"layerType\":\"data\",\"shape\":\"verticalBullet\",\"palette\":{\"name\":\"custom\",\"type\":\"palette\",\"params\":{\"steps\":3,\"name\":\"custom\",\"reverse\":false,\"rangeType\":\"percent\",\"rangeMin\":null,\"rangeMax\":null,\"progression\":\"fixed\",\"stops\":[{\"color\":\"#94C5F4\",\"stop\":33},{\"color\":\"#7AABDA\",\"stop\":66.5},{\"color\":\"#6092C0\",\"stop\":100}],\"colorStops\":[{\"color\":\"#94C5F4\",\"stop\":null},{\"color\":\"#7AABDA\",\"stop\":33},{\"color\":\"#6092C0\",\"stop\":66.5}],\"continuity\":\"all\",\"maxSteps\":5}},\"ticksPosition\":\"bands\",\"labelMajorMode\":\"auto\",\"metricAccessor\":\"771f348e-4c25-4739-ab12-de837a5611fb\",\"colorMode\":\"palette\"},\"query\":{\"query\":\"\",\"language\":\"kuery\"},\"filters\":[],\"datasourceStates\":{\"formBased\":{\"layers\":{\"9c59f356-6617-4fb4-8d1d-0a31def292f8\":{\"columns\":{\"771f348e-4c25-4739-ab12-de837a5611fb\":{\"label\":\"Highly Available\",\"dataType\":\"number\",\"operationType\":\"unique_count\",\"scale\":\"ratio\",\"sourceField\":\"disk.highly_available\",\"isBucketed\":false,\"params\":{\"emptyAsNull\":true},\"customLabel\":true}},\"columnOrder\":[\"771f348e-4c25-4739-ab12-de837a5611fb\"],\"incompleteColumns\":{}}}},\"textBased\":{\"layers\":{}}},\"internalReferences\":[],\"adHocDataViews\":{}}},\"enhancements\":{}}},{\"version\":\"8.6.2\",\"type\":\"lens\",\"gridData\":{\"x\":0,\"y\":27,\"w\":10,\"h\":13,\"i\":\"af88c038-d0f3-4189-acbc-4c61caca3bdb\"},\"panelIndex\":\"af88c038-d0f3-4189-acbc-4c61caca3bdb\",\"embeddableConfig\":{\"attributes\":{\"title\":\"\",\"visualizationType\":\"lnsPie\",\"type\":\"lens\",\"references\":[{\"type\":\"index-pattern\",\"id\":\"2dc584bc-c446-4150-b561-1415a45ebe87\",\"name\":\"indexpattern-datasource-layer-f62528d5-75c0-4261-a0e4-b78884ac618b\"}],\"state\":{\"visualization\":{\"shape\":\"donut\",\"palette\":{\"type\":\"palette\",\"name\":\"status\"},\"layers\":[{\"layerId\":\"f62528d5-75c0-4261-a0e4-b78884ac618b\",\"primaryGroups\":[\"64a6a506-ad81-42bf-9fef-6df18bacd6c7\"],\"metrics\":[\"4a013b2a-4c57-4c45-afb7-8f5a70f2bb3d\"],\"numberDisplay\":\"percent\",\"categoryDisplay\":\"hide\",\"legendDisplay\":\"hide\",\"nestedLegend\":false,\"layerType\":\"data\",\"emptySizeRatio\":0.7}]},\"query\":{\"query\":\"\",\"language\":\"kuery\"},\"filters\":[],\"datasourceStates\":{\"formBased\":{\"layers\":{\"f62528d5-75c0-4261-a0e4-b78884ac618b\":{\"columns\":{\"64a6a506-ad81-42bf-9fef-6df18bacd6c7\":{\"label\":\"Top 5 values of disk.health_status\",\"dataType\":\"string\",\"operationType\":\"terms\",\"scale\":\"ordinal\",\"sourceField\":\"disk.health_status\",\"isBucketed\":true,\"params\":{\"size\":5,\"orderBy\":{\"type\":\"column\",\"columnId\":\"4a013b2a-4c57-4c45-afb7-8f5a70f2bb3d\"},\"orderDirection\":\"desc\",\"otherBucket\":true,\"missingBucket\":false,\"parentFormat\":{\"id\":\"terms\"},\"include\":[],\"exclude\":[],\"includeIsRegex\":false,\"excludeIsRegex\":false}},\"4a013b2a-4c57-4c45-afb7-8f5a70f2bb3d\":{\"label\":\"Count of records\",\"dataType\":\"number\",\"operationType\":\"count\",\"isBucketed\":false,\"scale\":\"ratio\",\"sourceField\":\"___records___\",\"params\":{\"emptyAsNull\":true}}},\"columnOrder\":[\"64a6a506-ad81-42bf-9fef-6df18bacd6c7\",\"4a013b2a-4c57-4c45-afb7-8f5a70f2bb3d\"],\"incompleteColumns\":{},\"sampling\":1}}},\"textBased\":{\"layers\":{}}},\"internalReferences\":[],\"adHocDataViews\":{}}},\"hidePanelTitles\":false,\"enhancements\":{}},\"title\":\"Overall drive health\"},{\"version\":\"8.6.2\",\"type\":\"lens\",\"gridData\":{\"x\":10,\"y\":27,\"w\":10,\"h\":13,\"i\":\"452aa111-8e0c-4403-9c94-3602ec607617\"},\"panelIndex\":\"452aa111-8e0c-4403-9c94-3602ec607617\",\"embeddableConfig\":{\"attributes\":{\"title\":\"\",\"visualizationType\":\"lnsPie\",\"type\":\"lens\",\"references\":[{\"type\":\"index-pattern\",\"id\":\"2dc584bc-c446-4150-b561-1415a45ebe87\",\"name\":\"indexpattern-datasource-layer-b6a3c283-b27e-4ea5-a36d-ff799f06dc70\"}],\"state\":{\"visualization\":{\"shape\":\"donut\",\"palette\":{\"type\":\"palette\",\"name\":\"status\"},\"layers\":[{\"layerId\":\"b6a3c283-b27e-4ea5-a36d-ff799f06dc70\",\"primaryGroups\":[\"94813be9-4122-4d2d-a449-f24cc8a62167\"],\"metrics\":[\"a3a8c58a-64ec-4424-a1dd-355a86f6f615\"],\"numberDisplay\":\"hidden\",\"categoryDisplay\":\"hide\",\"legendDisplay\":\"hide\",\"nestedLegend\":false,\"layerType\":\"data\",\"emptySizeRatio\":0.7}]},\"query\":{\"query\":\"\",\"language\":\"kuery\"},\"filters\":[],\"datasourceStates\":{\"formBased\":{\"layers\":{\"b6a3c283-b27e-4ea5-a36d-ff799f06dc70\":{\"columns\":{\"a3a8c58a-64ec-4424-a1dd-355a86f6f615\":{\"label\":\"Count of records\",\"dataType\":\"number\",\"operationType\":\"count\",\"isBucketed\":false,\"scale\":\"ratio\",\"sourceField\":\"___records___\",\"params\":{\"emptyAsNull\":true}},\"94813be9-4122-4d2d-a449-f24cc8a62167\":{\"label\":\"Top 2 values of disk.offline\",\"dataType\":\"boolean\",\"operationType\":\"terms\",\"scale\":\"ordinal\",\"sourceField\":\"disk.offline\",\"isBucketed\":true,\"params\":{\"size\":2,\"orderBy\":{\"type\":\"column\",\"columnId\":\"a3a8c58a-64ec-4424-a1dd-355a86f6f615\"},\"orderDirection\":\"desc\",\"otherBucket\":true,\"missingBucket\":false,\"parentFormat\":{\"id\":\"terms\"},\"include\":[],\"exclude\":[],\"includeIsRegex\":false,\"excludeIsRegex\":false}}},\"columnOrder\":[\"94813be9-4122-4d2d-a449-f24cc8a62167\",\"a3a8c58a-64ec-4424-a1dd-355a86f6f615\"],\"incompleteColumns\":{},\"sampling\":1}}},\"textBased\":{\"layers\":{}}},\"internalReferences\":[],\"adHocDataViews\":{}}},\"hidePanelTitles\":false,\"enhancements\":{}},\"title\":\"Disk Offline\"},{\"version\":\"8.6.2\",\"type\":\"lens\",\"gridData\":{\"x\":20,\"y\":27,\"w\":8,\"h\":13,\"i\":\"56fbe10e-dff8-4436-8a42-588b38208cfc\"},\"panelIndex\":\"56fbe10e-dff8-4436-8a42-588b38208cfc\",\"embeddableConfig\":{\"attributes\":{\"title\":\"\",\"visualizationType\":\"lnsMetric\",\"type\":\"lens\",\"references\":[{\"type\":\"index-pattern\",\"id\":\"2dc584bc-c446-4150-b561-1415a45ebe87\",\"name\":\"indexpattern-datasource-layer-521e98b0-32d0-48f4-b3a8-1d5673af21ca\"}],\"state\":{\"visualization\":{\"layerId\":\"521e98b0-32d0-48f4-b3a8-1d5673af21ca\",\"layerType\":\"data\",\"breakdownByAccessor\":\"0dea645b-ae9c-4d11-8a3f-6823e94f2e6d\",\"metricAccessor\":\"c0892a53-0ed3-47c0-8dbc-03288c3acefa\",\"maxCols\":2,\"collapseFn\":\"\"},\"query\":{\"query\":\"\",\"language\":\"kuery\"},\"filters\":[],\"datasourceStates\":{\"formBased\":{\"layers\":{\"521e98b0-32d0-48f4-b3a8-1d5673af21ca\":{\"columns\":{\"0dea645b-ae9c-4d11-8a3f-6823e94f2e6d\":{\"label\":\"Top 2 values of disk.operational_status\",\"dataType\":\"string\",\"operationType\":\"terms\",\"scale\":\"ordinal\",\"sourceField\":\"disk.operational_status\",\"isBucketed\":true,\"params\":{\"size\":2,\"orderBy\":{\"type\":\"column\",\"columnId\":\"c0892a53-0ed3-47c0-8dbc-03288c3acefa\"},\"orderDirection\":\"desc\",\"otherBucket\":true,\"missingBucket\":false,\"parentFormat\":{\"id\":\"terms\"},\"include\":[],\"exclude\":[],\"includeIsRegex\":false,\"excludeIsRegex\":false}},\"c0892a53-0ed3-47c0-8dbc-03288c3acefa\":{\"label\":\"Count of Disks\",\"dataType\":\"number\",\"operationType\":\"unique_count\",\"scale\":\"ratio\",\"sourceField\":\"disk.serial_number\",\"isBucketed\":false,\"params\":{\"emptyAsNull\":true},\"customLabel\":true}},\"columnOrder\":[\"0dea645b-ae9c-4d11-8a3f-6823e94f2e6d\",\"c0892a53-0ed3-47c0-8dbc-03288c3acefa\"],\"incompleteColumns\":{}}}},\"textBased\":{\"layers\":{}}},\"internalReferences\":[],\"adHocDataViews\":{}}},\"enhancements\":{}}}]",
        "refreshInterval": {
            "pause": true,
            "value": 0
        },
        "timeFrom": "now-30d/d",
        "timeRestore": true,
        "timeTo": "now",
        "title": "[TYCHON] Host Drives",
        "version": 1
    },
    "coreMigrationVersion": "8.6.2",
    "created_at": "2023-08-23T19:54:38.220Z",
    "id": "tychon-8082ac00-3d41-11ee-9610-15dee918f31a-harddrive",
    "migrationVersion": {
        "dashboard": "8.6.0"
    },
    "references": [
        {
            "id": "2dc584bc-c446-4150-b561-1415a45ebe87",
            "name": "b5ddabd8-3016-4232-b28b-06d714106a89:indexpattern-datasource-layer-221c8cb0-1779-45ef-8d12-3923317e3366",
            "type": "index-pattern"
        },
        {
            "id": "2dc584bc-c446-4150-b561-1415a45ebe87",
            "name": "6859fbab-c985-4bfe-9100-8c5e5326021d:indexpattern-datasource-layer-002038df-af67-4b41-9b1c-06b855c4713e",
            "type": "index-pattern"
        },
        {
            "id": "2dc584bc-c446-4150-b561-1415a45ebe87",
            "name": "cb0c8de2-4fd0-4911-9e61-adab9c11c090:indexpattern-datasource-layer-488a6893-9138-46f9-adbe-e8ce2c47e8bd",
            "type": "index-pattern"
        },
        {
            "id": "2dc584bc-c446-4150-b561-1415a45ebe87",
            "name": "db1eb37d-8675-44d1-891a-9a8a7c2e8ade:indexpattern-datasource-layer-6d559375-a858-4fbb-a7cf-2f8fe9e1c7f3",
            "type": "index-pattern"
        },
        {
            "id": "2dc584bc-c446-4150-b561-1415a45ebe87",
            "name": "f85bb00e-3b05-48b5-a447-fb210ba95ff9:indexpattern-datasource-layer-064d2f28-8ccf-4c45-a28e-5a5816cd7617",
            "type": "index-pattern"
        },
        {
            "id": "2dc584bc-c446-4150-b561-1415a45ebe87",
            "name": "d401251f-ad81-4c51-9844-f7b09319b927:indexpattern-datasource-layer-e8b77360-a165-4a1b-8178-1269a1ddcce0",
            "type": "index-pattern"
        },
        {
            "id": "2dc584bc-c446-4150-b561-1415a45ebe87",
            "name": "3d2627b6-09a8-41ff-8e43-9deb9125cf9b:indexpattern-datasource-layer-9c59f356-6617-4fb4-8d1d-0a31def292f8",
            "type": "index-pattern"
        },
        {
            "id": "2dc584bc-c446-4150-b561-1415a45ebe87",
            "name": "af88c038-d0f3-4189-acbc-4c61caca3bdb:indexpattern-datasource-layer-f62528d5-75c0-4261-a0e4-b78884ac618b",
            "type": "index-pattern"
        },
        {
            "id": "2dc584bc-c446-4150-b561-1415a45ebe87",
            "name": "452aa111-8e0c-4403-9c94-3602ec607617:indexpattern-datasource-layer-b6a3c283-b27e-4ea5-a36d-ff799f06dc70",
            "type": "index-pattern"
        },
        {
            "id": "2dc584bc-c446-4150-b561-1415a45ebe87",
            "name": "56fbe10e-dff8-4436-8a42-588b38208cfc:indexpattern-datasource-layer-521e98b0-32d0-48f4-b3a8-1d5673af21ca",
            "type": "index-pattern"
        },
        {
            "id": "7f851220-3d41-11ee-9610-15dee918f31a",
            "name": "tag-ref-7f851220-3d41-11ee-9610-15dee918f31a",
            "type": "tag"
        },
        {
            "id": "e18d6100-3c85-11ee-9610-15dee918f31a",
            "name": "tag-ref-e18d6100-3c85-11ee-9610-15dee918f31a",
            "type": "tag"
        },
        {
            "id": "10af3800-10f3-11ee-af86-538da1394f27",
            "name": "tag-ref-10af3800-10f3-11ee-af86-538da1394f27",
            "type": "tag"
        },
        {
            "id": "5a3ae0c0-3dbf-11ee-9610-15dee918f31a",
            "name": "tag-ref-5a3ae0c0-3dbf-11ee-9610-15dee918f31a",
            "type": "tag"
        }
    ],
    "type": "dashboard",
    "updated_at": "2023-08-23T19:54:38.220Z",
    "version": "WzgxODg4MiwyMl0="
}