{
    "attributes": {
        "controlGroupInput": {
            "chainingSystem": "HIERARCHICAL",
            "controlStyle": "oneLine",
            "ignoreParentSettingsJSON": "{\"ignoreFilters\":false,\"ignoreQuery\":false,\"ignoreTimerange\":false,\"ignoreValidations\":false}",
            "panelsJSON": "{\"8c4d7403-b7c0-4274-9e12-cec69c62e01e\":{\"order\":0,\"width\":\"large\",\"grow\":true,\"type\":\"optionsListControl\",\"explicitInput\":{\"fieldName\":\"host.hostname\",\"title\":\"Hostname\",\"singleSelect\":true,\"hideExclude\":true,\"hideExists\":true,\"id\":\"8c4d7403-b7c0-4274-9e12-cec69c62e01e\",\"enhancements\":{},\"selectedOptions\":[]}}}"
        },
        "description": "The \"TYCHON Endpoint Browser\" dashboard provides host visualization data for a single endpoint at a time. The dashboard is a set of several individual views broken down by tabs near the top of the screen. The TYCHON Endpoint Browser – Vulnerabilities view displays all CVEs checked by TYCHON and reported as passed or failed.",
        "kibanaSavedObjectMeta": {
            "searchSourceJSON": "{\"query\":{\"query\":\"\",\"language\":\"kuery\"},\"filter\":[]}"
        },
        "optionsJSON": "{\"useMargins\":true,\"syncColors\":false,\"syncCursor\":true,\"syncTooltips\":false,\"hidePanelTitles\":false}",
        "panelsJSON": "[{\"version\":\"8.6.2\",\"type\":\"visualization\",\"gridData\":{\"x\":0,\"y\":0,\"w\":48,\"h\":3,\"i\":\"e243d9ab-d083-4b45-88a2-9581bf3689ae\"},\"panelIndex\":\"e243d9ab-d083-4b45-88a2-9581bf3689ae\",\"embeddableConfig\":{\"hidePanelTitles\":true,\"enhancements\":{}},\"panelRefName\":\"panel_e243d9ab-d083-4b45-88a2-9581bf3689ae\"},{\"version\":\"8.6.2\",\"type\":\"visualization\",\"gridData\":{\"x\":0,\"y\":3,\"w\":7,\"h\":8,\"i\":\"9c9464be-67ab-4220-bbab-50cfda4e211f\"},\"panelIndex\":\"9c9464be-67ab-4220-bbab-50cfda4e211f\",\"embeddableConfig\":{\"savedVis\":{\"id\":\"\",\"title\":\"\",\"description\":\"\",\"type\":\"markdown\",\"params\":{\"fontSize\":12,\"openLinksInNewTab\":false,\"markdown\":\"### Vulnerabilities\\nTYCHON will scan and report what CVEs are vulnerable on an endpoint, this is a local check using OVAL and customized content. Severity and third-party identifiers like IAVA and CISA dates are pre-correlated at the endpoint in its definition.\"},\"uiState\":{},\"data\":{\"aggs\":[],\"searchSource\":{\"query\":{\"query\":\"\",\"language\":\"kuery\"},\"filter\":[]}}},\"hidePanelTitles\":true,\"enhancements\":{}}},{\"version\":\"8.6.2\",\"type\":\"lens\",\"gridData\":{\"x\":16,\"y\":3,\"w\":8,\"h\":8,\"i\":\"18ef0327-ab0a-46d7-ac9c-bf8d01e28eba\"},\"panelIndex\":\"18ef0327-ab0a-46d7-ac9c-bf8d01e28eba\",\"embeddableConfig\":{\"attributes\":{\"title\":\"\",\"visualizationType\":\"lnsLegacyMetric\",\"type\":\"lens\",\"references\":[{\"type\":\"index-pattern\",\"id\":\"78931842-dc88-45d7-a6ee-d79fb9f615bd\",\"name\":\"indexpattern-datasource-layer-b5de6e20-9f56-4bec-b4b3-1acb9eb2e76b\"}],\"state\":{\"visualization\":{\"layerId\":\"b5de6e20-9f56-4bec-b4b3-1acb9eb2e76b\",\"accessor\":\"f0df1a7d-307a-40d6-9925-8afb18d9808c\",\"layerType\":\"data\",\"textAlign\":\"center\",\"titlePosition\":\"bottom\",\"size\":\"l\",\"colorMode\":\"Labels\",\"palette\":{\"name\":\"custom\",\"type\":\"palette\",\"params\":{\"steps\":3,\"name\":\"custom\",\"reverse\":false,\"rangeType\":\"number\",\"rangeMin\":null,\"rangeMax\":null,\"progression\":\"fixed\",\"stops\":[{\"color\":\"#209280\",\"stop\":0},{\"color\":\"#209280\",\"stop\":1},{\"color\":\"#cc5642\",\"stop\":100}],\"colorStops\":[{\"color\":\"#209280\",\"stop\":null},{\"color\":\"#209280\",\"stop\":0},{\"color\":\"#cc5642\",\"stop\":1}],\"continuity\":\"all\",\"maxSteps\":5}}},\"query\":{\"query\":\"vulnerability.due_date \u003c now and vulnerability.result : \\\"fail\\\" \",\"language\":\"kuery\"},\"filters\":[],\"datasourceStates\":{\"formBased\":{\"layers\":{\"b5de6e20-9f56-4bec-b4b3-1acb9eb2e76b\":{\"columns\":{\"f0df1a7d-307a-40d6-9925-8afb18d9808c\":{\"label\":\"Failed Vulnerabilities Pass Due\",\"dataType\":\"number\",\"operationType\":\"unique_count\",\"scale\":\"ratio\",\"sourceField\":\"vulnerability.id\",\"isBucketed\":false,\"params\":{\"emptyAsNull\":false},\"customLabel\":true}},\"columnOrder\":[\"f0df1a7d-307a-40d6-9925-8afb18d9808c\"],\"sampling\":1,\"incompleteColumns\":{}}}},\"textBased\":{\"layers\":{}}},\"internalReferences\":[],\"adHocDataViews\":{}}},\"hidePanelTitles\":true,\"enhancements\":{}}},{\"version\":\"8.6.2\",\"type\":\"lens\",\"gridData\":{\"x\":24,\"y\":3,\"w\":8,\"h\":8,\"i\":\"0f3331b8-da1a-452c-a1b0-39a5558a1379\"},\"panelIndex\":\"0f3331b8-da1a-452c-a1b0-39a5558a1379\",\"embeddableConfig\":{\"attributes\":{\"title\":\"\",\"visualizationType\":\"lnsLegacyMetric\",\"type\":\"lens\",\"references\":[{\"type\":\"index-pattern\",\"id\":\"78931842-dc88-45d7-a6ee-d79fb9f615bd\",\"name\":\"indexpattern-datasource-layer-b5de6e20-9f56-4bec-b4b3-1acb9eb2e76b\"}],\"state\":{\"visualization\":{\"layerId\":\"b5de6e20-9f56-4bec-b4b3-1acb9eb2e76b\",\"accessor\":\"f0df1a7d-307a-40d6-9925-8afb18d9808c\",\"layerType\":\"data\",\"textAlign\":\"center\",\"titlePosition\":\"bottom\",\"size\":\"l\"},\"query\":{\"query\":\"vulnerability.result : \\\"fail\\\" \",\"language\":\"kuery\"},\"filters\":[],\"datasourceStates\":{\"formBased\":{\"layers\":{\"b5de6e20-9f56-4bec-b4b3-1acb9eb2e76b\":{\"columns\":{\"f0df1a7d-307a-40d6-9925-8afb18d9808c\":{\"label\":\"Total Failed Vulnerabilities\",\"dataType\":\"number\",\"operationType\":\"unique_count\",\"scale\":\"ratio\",\"sourceField\":\"vulnerability.id\",\"isBucketed\":false,\"params\":{\"emptyAsNull\":false},\"customLabel\":true}},\"columnOrder\":[\"f0df1a7d-307a-40d6-9925-8afb18d9808c\"],\"sampling\":1,\"incompleteColumns\":{}}}},\"textBased\":{\"layers\":{}}},\"internalReferences\":[],\"adHocDataViews\":{}}},\"enhancements\":{},\"hidePanelTitles\":true}},{\"version\":\"8.6.2\",\"type\":\"lens\",\"gridData\":{\"x\":32,\"y\":3,\"w\":8,\"h\":8,\"i\":\"91a3fb55-660d-48ec-89f2-4e5b3122b49b\"},\"panelIndex\":\"91a3fb55-660d-48ec-89f2-4e5b3122b49b\",\"embeddableConfig\":{\"attributes\":{\"title\":\"\",\"visualizationType\":\"lnsLegacyMetric\",\"type\":\"lens\",\"references\":[{\"type\":\"index-pattern\",\"id\":\"78931842-dc88-45d7-a6ee-d79fb9f615bd\",\"name\":\"indexpattern-datasource-layer-b5de6e20-9f56-4bec-b4b3-1acb9eb2e76b\"}],\"state\":{\"visualization\":{\"layerId\":\"b5de6e20-9f56-4bec-b4b3-1acb9eb2e76b\",\"accessor\":\"f0df1a7d-307a-40d6-9925-8afb18d9808c\",\"layerType\":\"data\",\"textAlign\":\"center\",\"titlePosition\":\"bottom\",\"size\":\"l\"},\"query\":{\"query\":\"vulnerability.result : \\\"fail\\\" and vulnerability.due_date_reason : \\\"iava\\\" \",\"language\":\"kuery\"},\"filters\":[],\"datasourceStates\":{\"formBased\":{\"layers\":{\"b5de6e20-9f56-4bec-b4b3-1acb9eb2e76b\":{\"columns\":{\"f0df1a7d-307a-40d6-9925-8afb18d9808c\":{\"label\":\"Total IAVA Failed Vulnerabilities\",\"dataType\":\"number\",\"operationType\":\"unique_count\",\"scale\":\"ratio\",\"sourceField\":\"vulnerability.id\",\"isBucketed\":false,\"params\":{\"emptyAsNull\":false},\"customLabel\":true}},\"columnOrder\":[\"f0df1a7d-307a-40d6-9925-8afb18d9808c\"],\"sampling\":1,\"incompleteColumns\":{}}}},\"textBased\":{\"layers\":{}}},\"internalReferences\":[],\"adHocDataViews\":{}}},\"enhancements\":{},\"hidePanelTitles\":true},\"title\":\"\"},{\"version\":\"8.6.2\",\"type\":\"lens\",\"gridData\":{\"x\":40,\"y\":3,\"w\":8,\"h\":8,\"i\":\"ecee7b3f-f07e-4911-bb36-405e687f3ae0\"},\"panelIndex\":\"ecee7b3f-f07e-4911-bb36-405e687f3ae0\",\"embeddableConfig\":{\"attributes\":{\"title\":\"\",\"visualizationType\":\"lnsLegacyMetric\",\"type\":\"lens\",\"references\":[{\"type\":\"index-pattern\",\"id\":\"78931842-dc88-45d7-a6ee-d79fb9f615bd\",\"name\":\"indexpattern-datasource-layer-b5de6e20-9f56-4bec-b4b3-1acb9eb2e76b\"}],\"state\":{\"visualization\":{\"layerId\":\"b5de6e20-9f56-4bec-b4b3-1acb9eb2e76b\",\"accessor\":\"f0df1a7d-307a-40d6-9925-8afb18d9808c\",\"layerType\":\"data\",\"textAlign\":\"center\",\"titlePosition\":\"bottom\",\"size\":\"l\"},\"query\":{\"query\":\"vulnerability.result : \\\"fail\\\" and vulnerability.due_date_reason : \\\"cisa\\\" \",\"language\":\"kuery\"},\"filters\":[],\"datasourceStates\":{\"formBased\":{\"layers\":{\"b5de6e20-9f56-4bec-b4b3-1acb9eb2e76b\":{\"columns\":{\"f0df1a7d-307a-40d6-9925-8afb18d9808c\":{\"label\":\"Total CISA Failed Vulnerabilities\",\"dataType\":\"number\",\"operationType\":\"unique_count\",\"scale\":\"ratio\",\"sourceField\":\"vulnerability.id\",\"isBucketed\":false,\"params\":{\"emptyAsNull\":false},\"customLabel\":true}},\"columnOrder\":[\"f0df1a7d-307a-40d6-9925-8afb18d9808c\"],\"sampling\":1,\"incompleteColumns\":{}}}},\"textBased\":{\"layers\":{}}},\"internalReferences\":[],\"adHocDataViews\":{}}},\"enhancements\":{},\"hidePanelTitles\":true},\"title\":\"\"},{\"version\":\"8.6.2\",\"type\":\"lens\",\"gridData\":{\"x\":7,\"y\":3,\"w\":9,\"h\":8,\"i\":\"eadda9a3-732f-4ad7-81fb-7abc16fe4bd2\"},\"panelIndex\":\"eadda9a3-732f-4ad7-81fb-7abc16fe4bd2\",\"embeddableConfig\":{\"attributes\":{\"title\":\"\",\"visualizationType\":\"lnsLegacyMetric\",\"type\":\"lens\",\"references\":[{\"type\":\"index-pattern\",\"id\":\"78931842-dc88-45d7-a6ee-d79fb9f615bd\",\"name\":\"indexpattern-datasource-layer-cd8f844b-1401-4c37-9b58-7ee816064353\"}],\"state\":{\"visualization\":{\"layerId\":\"cd8f844b-1401-4c37-9b58-7ee816064353\",\"accessor\":\"4db8ade0-256f-4272-99a0-61495a90c327\",\"layerType\":\"data\",\"colorMode\":\"None\",\"size\":\"l\",\"titlePosition\":\"bottom\",\"textAlign\":\"center\"},\"query\":{\"query\":\"\",\"language\":\"kuery\"},\"filters\":[],\"datasourceStates\":{\"formBased\":{\"layers\":{\"cd8f844b-1401-4c37-9b58-7ee816064353\":{\"columns\":{\"4db8ade0-256f-4272-99a0-61495a90c327\":{\"label\":\"Total Vulnerabilities\",\"dataType\":\"number\",\"operationType\":\"unique_count\",\"scale\":\"ratio\",\"sourceField\":\"vulnerability.id\",\"isBucketed\":false,\"params\":{\"emptyAsNull\":false},\"customLabel\":true}},\"columnOrder\":[\"4db8ade0-256f-4272-99a0-61495a90c327\"],\"sampling\":1,\"incompleteColumns\":{}}}},\"textBased\":{\"layers\":{}}},\"internalReferences\":[],\"adHocDataViews\":{}}},\"hidePanelTitles\":true,\"enhancements\":{}}},{\"version\":\"8.6.2\",\"type\":\"lens\",\"gridData\":{\"x\":32,\"y\":11,\"w\":16,\"h\":16,\"i\":\"721cfff2-211b-4e21-a5a7-874dcd0e6edc\"},\"panelIndex\":\"721cfff2-211b-4e21-a5a7-874dcd0e6edc\",\"embeddableConfig\":{\"attributes\":{\"title\":\"\",\"visualizationType\":\"lnsXY\",\"type\":\"lens\",\"references\":[{\"type\":\"index-pattern\",\"id\":\"78931842-dc88-45d7-a6ee-d79fb9f615bd\",\"name\":\"indexpattern-datasource-layer-9f9cf1ce-1e59-4b0f-a264-04b877d4dfba\"}],\"state\":{\"visualization\":{\"title\":\"Empty XY chart\",\"legend\":{\"isVisible\":true,\"position\":\"right\"},\"valueLabels\":\"hide\",\"preferredSeriesType\":\"bar_horizontal\",\"layers\":[{\"layerId\":\"9f9cf1ce-1e59-4b0f-a264-04b877d4dfba\",\"accessors\":[\"c3ae2971-d1a3-447e-9679-439492ce7757\"],\"position\":\"top\",\"seriesType\":\"bar_horizontal\",\"showGridlines\":false,\"layerType\":\"data\",\"xAccessor\":\"efb8128a-a1e5-46bb-8278-9c81fb97f741\",\"yConfig\":[{\"forAccessor\":\"c3ae2971-d1a3-447e-9679-439492ce7757\",\"color\":\"#6092c0\"}]}]},\"query\":{\"query\":\"\",\"language\":\"kuery\"},\"filters\":[],\"datasourceStates\":{\"formBased\":{\"layers\":{\"9f9cf1ce-1e59-4b0f-a264-04b877d4dfba\":{\"columns\":{\"efb8128a-a1e5-46bb-8278-9c81fb97f741\":{\"label\":\"Severity\",\"dataType\":\"string\",\"operationType\":\"terms\",\"scale\":\"ordinal\",\"sourceField\":\"vulnerability.severity\",\"isBucketed\":true,\"params\":{\"size\":5,\"orderBy\":{\"type\":\"column\",\"columnId\":\"c3ae2971-d1a3-447e-9679-439492ce7757\"},\"orderDirection\":\"desc\",\"otherBucket\":true,\"missingBucket\":false,\"parentFormat\":{\"id\":\"terms\"},\"include\":[],\"exclude\":[],\"includeIsRegex\":false,\"excludeIsRegex\":false},\"customLabel\":true},\"c3ae2971-d1a3-447e-9679-439492ce7757\":{\"label\":\"Unique count of vulnerability.id\",\"dataType\":\"number\",\"operationType\":\"unique_count\",\"scale\":\"ratio\",\"sourceField\":\"vulnerability.id\",\"isBucketed\":false,\"params\":{\"emptyAsNull\":true}}},\"columnOrder\":[\"efb8128a-a1e5-46bb-8278-9c81fb97f741\",\"c3ae2971-d1a3-447e-9679-439492ce7757\"],\"sampling\":1,\"incompleteColumns\":{}}}},\"textBased\":{\"layers\":{}}},\"internalReferences\":[],\"adHocDataViews\":{}}},\"hidePanelTitles\":false,\"enhancements\":{}},\"title\":\"Vulnerabilities By Severity\"},{\"version\":\"8.6.2\",\"type\":\"lens\",\"gridData\":{\"x\":0,\"y\":11,\"w\":32,\"h\":15,\"i\":\"30647fae-03f0-46a0-b6a6-96f4b9692227\"},\"panelIndex\":\"30647fae-03f0-46a0-b6a6-96f4b9692227\",\"embeddableConfig\":{\"attributes\":{\"title\":\"\",\"visualizationType\":\"lnsDatatable\",\"type\":\"lens\",\"references\":[{\"type\":\"index-pattern\",\"id\":\"78931842-dc88-45d7-a6ee-d79fb9f615bd\",\"name\":\"indexpattern-datasource-layer-d268dc70-0f0d-443b-b702-d08241bc0733\"}],\"state\":{\"visualization\":{\"columns\":[{\"isTransposed\":false,\"columnId\":\"ac337e99-130a-4af6-a771-32b72b41ea02\",\"alignment\":\"left\"},{\"columnId\":\"5e9e7b30-a800-4757-b55c-e7bc60ed32be\",\"isTransposed\":false},{\"columnId\":\"9d6c754b-aacd-4f6a-8f86-1fb01e957616\",\"isTransposed\":false,\"alignment\":\"center\",\"colorMode\":\"cell\",\"palette\":{\"name\":\"custom\",\"type\":\"palette\",\"params\":{\"steps\":5,\"stops\":[{\"color\":\"#D6BF57\",\"stop\":4},{\"color\":\"#d69d57\",\"stop\":6},{\"color\":\"#e7664c\",\"stop\":8},{\"color\":\"#cc5642\",\"stop\":100}],\"name\":\"custom\",\"colorStops\":[{\"color\":\"#D6BF57\",\"stop\":0},{\"color\":\"#d69d57\",\"stop\":4},{\"color\":\"#e7664c\",\"stop\":6},{\"color\":\"#cc5642\",\"stop\":8}],\"continuity\":\"above\",\"reverse\":false,\"rangeMin\":0,\"rangeMax\":null}}},{\"columnId\":\"eeb56262-f4a7-451c-9a81-dfb12bc296c6\",\"isTransposed\":false},{\"columnId\":\"7c5f284d-4d53-4b1d-bde1-dd7d0b6eaac9\",\"isTransposed\":false,\"alignment\":\"center\"},{\"columnId\":\"c97d1951-13d7-4266-a021-151ea9e8b441\",\"isTransposed\":false},{\"columnId\":\"05257a37-66cb-4415-979e-b99535b47e1d\",\"isTransposed\":false,\"alignment\":\"center\"}],\"layerId\":\"d268dc70-0f0d-443b-b702-d08241bc0733\",\"layerType\":\"data\",\"sorting\":{\"columnId\":\"eeb56262-f4a7-451c-9a81-dfb12bc296c6\",\"direction\":\"asc\"}},\"query\":{\"query\":\"vulnerability.result : \\\"fail\\\" \",\"language\":\"kuery\"},\"filters\":[],\"datasourceStates\":{\"formBased\":{\"layers\":{\"d268dc70-0f0d-443b-b702-d08241bc0733\":{\"columns\":{\"ac337e99-130a-4af6-a771-32b72b41ea02\":{\"label\":\"Vulnerability ID\",\"dataType\":\"string\",\"operationType\":\"terms\",\"scale\":\"ordinal\",\"sourceField\":\"vulnerability.id\",\"isBucketed\":true,\"params\":{\"size\":200,\"orderBy\":{\"type\":\"column\",\"columnId\":\"9d6c754b-aacd-4f6a-8f86-1fb01e957616\"},\"orderDirection\":\"desc\",\"otherBucket\":false,\"missingBucket\":false,\"parentFormat\":{\"id\":\"terms\"},\"include\":[],\"exclude\":[],\"includeIsRegex\":false,\"excludeIsRegex\":false},\"customLabel\":true},\"5e9e7b30-a800-4757-b55c-e7bc60ed32be\":{\"label\":\"Title\",\"dataType\":\"string\",\"operationType\":\"terms\",\"scale\":\"ordinal\",\"sourceField\":\"vulnerability.title\",\"isBucketed\":true,\"params\":{\"size\":1,\"orderBy\":{\"type\":\"column\",\"columnId\":\"9d6c754b-aacd-4f6a-8f86-1fb01e957616\"},\"orderDirection\":\"desc\",\"otherBucket\":true,\"missingBucket\":true,\"parentFormat\":{\"id\":\"terms\"},\"include\":[],\"exclude\":[],\"includeIsRegex\":false,\"excludeIsRegex\":false,\"secondaryFields\":[]},\"customLabel\":true},\"9d6c754b-aacd-4f6a-8f86-1fb01e957616\":{\"label\":\"NVD Score\",\"dataType\":\"number\",\"operationType\":\"max\",\"sourceField\":\"vulnerability.score.base\",\"isBucketed\":false,\"scale\":\"ratio\",\"filter\":{\"query\":\"vulnerability.result: *\",\"language\":\"kuery\"},\"params\":{\"emptyAsNull\":true},\"customLabel\":true},\"eeb56262-f4a7-451c-9a81-dfb12bc296c6\":{\"label\":\"Result\",\"dataType\":\"string\",\"operationType\":\"terms\",\"scale\":\"ordinal\",\"sourceField\":\"vulnerability.result\",\"isBucketed\":true,\"params\":{\"size\":3,\"orderBy\":{\"type\":\"column\",\"columnId\":\"9d6c754b-aacd-4f6a-8f86-1fb01e957616\"},\"orderDirection\":\"desc\",\"otherBucket\":true,\"missingBucket\":false,\"parentFormat\":{\"id\":\"terms\"},\"include\":[],\"exclude\":[],\"includeIsRegex\":false,\"excludeIsRegex\":false},\"customLabel\":true},\"7c5f284d-4d53-4b1d-bde1-dd7d0b6eaac9\":{\"label\":\"IAVA\",\"dataType\":\"string\",\"operationType\":\"terms\",\"scale\":\"ordinal\",\"sourceField\":\"vulnerability.iava\",\"isBucketed\":true,\"params\":{\"size\":3,\"orderBy\":{\"type\":\"column\",\"columnId\":\"9d6c754b-aacd-4f6a-8f86-1fb01e957616\"},\"orderDirection\":\"desc\",\"otherBucket\":true,\"missingBucket\":false,\"parentFormat\":{\"id\":\"terms\"},\"include\":[],\"exclude\":[],\"includeIsRegex\":false,\"excludeIsRegex\":false},\"customLabel\":true},\"c97d1951-13d7-4266-a021-151ea9e8b441\":{\"label\":\"Due Date\",\"dataType\":\"date\",\"operationType\":\"last_value\",\"isBucketed\":false,\"scale\":\"ratio\",\"sourceField\":\"vulnerability.due_date\",\"filter\":{\"query\":\"vulnerability.due_date: *\",\"language\":\"kuery\"},\"params\":{\"sortField\":\"@timestamp\"},\"customLabel\":true},\"05257a37-66cb-4415-979e-b99535b47e1d\":{\"label\":\"Due Date Category\",\"dataType\":\"string\",\"operationType\":\"terms\",\"scale\":\"ordinal\",\"sourceField\":\"vulnerability.due_date_reason\",\"isBucketed\":true,\"params\":{\"size\":3,\"orderBy\":{\"type\":\"column\",\"columnId\":\"9d6c754b-aacd-4f6a-8f86-1fb01e957616\"},\"orderDirection\":\"desc\",\"otherBucket\":true,\"missingBucket\":false,\"parentFormat\":{\"id\":\"terms\"},\"include\":[],\"exclude\":[],\"includeIsRegex\":false,\"excludeIsRegex\":false},\"customLabel\":true}},\"columnOrder\":[\"ac337e99-130a-4af6-a771-32b72b41ea02\",\"5e9e7b30-a800-4757-b55c-e7bc60ed32be\",\"eeb56262-f4a7-451c-9a81-dfb12bc296c6\",\"7c5f284d-4d53-4b1d-bde1-dd7d0b6eaac9\",\"05257a37-66cb-4415-979e-b99535b47e1d\",\"c97d1951-13d7-4266-a021-151ea9e8b441\",\"9d6c754b-aacd-4f6a-8f86-1fb01e957616\"],\"incompleteColumns\":{},\"sampling\":1}}},\"textBased\":{\"layers\":{}}},\"internalReferences\":[],\"adHocDataViews\":{}}},\"hidePanelTitles\":false,\"enhancements\":{}},\"title\":\"Failed CVEs\"},{\"version\":\"8.6.2\",\"type\":\"lens\",\"gridData\":{\"x\":32,\"y\":27,\"w\":16,\"h\":18,\"i\":\"b146db26-e963-43f4-b2cd-60eb96128506\"},\"panelIndex\":\"b146db26-e963-43f4-b2cd-60eb96128506\",\"embeddableConfig\":{\"attributes\":{\"title\":\"\",\"visualizationType\":\"lnsPie\",\"type\":\"lens\",\"references\":[{\"type\":\"index-pattern\",\"id\":\"78931842-dc88-45d7-a6ee-d79fb9f615bd\",\"name\":\"indexpattern-datasource-layer-52771762-574a-44e5-b312-212bca766745\"}],\"state\":{\"visualization\":{\"shape\":\"pie\",\"palette\":{\"type\":\"palette\",\"name\":\"complimentary\"},\"layers\":[{\"layerId\":\"52771762-574a-44e5-b312-212bca766745\",\"primaryGroups\":[\"21eb78e0-4d9a-4896-b595-ed36a4c81086\"],\"metrics\":[\"d694059d-3e12-48e0-8534-c02795963840\"],\"numberDisplay\":\"value\",\"categoryDisplay\":\"default\",\"legendDisplay\":\"default\",\"nestedLegend\":false,\"layerType\":\"data\"}]},\"query\":{\"query\":\"\",\"language\":\"kuery\"},\"filters\":[],\"datasourceStates\":{\"formBased\":{\"layers\":{\"52771762-574a-44e5-b312-212bca766745\":{\"columns\":{\"21eb78e0-4d9a-4896-b595-ed36a4c81086\":{\"label\":\"Top 20 values of vulnerability.year\",\"dataType\":\"number\",\"operationType\":\"terms\",\"scale\":\"ordinal\",\"sourceField\":\"vulnerability.year\",\"isBucketed\":true,\"params\":{\"size\":20,\"orderBy\":{\"type\":\"column\",\"columnId\":\"d694059d-3e12-48e0-8534-c02795963840\"},\"orderDirection\":\"desc\",\"otherBucket\":false,\"missingBucket\":false,\"parentFormat\":{\"id\":\"terms\"},\"include\":[],\"exclude\":[],\"includeIsRegex\":false,\"excludeIsRegex\":false}},\"d694059d-3e12-48e0-8534-c02795963840\":{\"label\":\"Unique count of vulnerability.id\",\"dataType\":\"number\",\"operationType\":\"unique_count\",\"scale\":\"ratio\",\"sourceField\":\"vulnerability.id\",\"isBucketed\":false,\"params\":{\"emptyAsNull\":true}}},\"columnOrder\":[\"21eb78e0-4d9a-4896-b595-ed36a4c81086\",\"d694059d-3e12-48e0-8534-c02795963840\"],\"incompleteColumns\":{},\"sampling\":1}}},\"textBased\":{\"layers\":{}}},\"internalReferences\":[],\"adHocDataViews\":{}}},\"hidePanelTitles\":false,\"enhancements\":{}},\"title\":\"Vulnerabilities by Year\"},{\"version\":\"8.6.2\",\"type\":\"lens\",\"gridData\":{\"x\":0,\"y\":26,\"w\":32,\"h\":19,\"i\":\"a004f187-6f6e-4875-b63e-2b50db064884\"},\"panelIndex\":\"a004f187-6f6e-4875-b63e-2b50db064884\",\"embeddableConfig\":{\"attributes\":{\"title\":\"\",\"visualizationType\":\"lnsDatatable\",\"type\":\"lens\",\"references\":[{\"type\":\"index-pattern\",\"id\":\"78931842-dc88-45d7-a6ee-d79fb9f615bd\",\"name\":\"indexpattern-datasource-layer-d268dc70-0f0d-443b-b702-d08241bc0733\"}],\"state\":{\"visualization\":{\"columns\":[{\"isTransposed\":false,\"columnId\":\"ac337e99-130a-4af6-a771-32b72b41ea02\",\"alignment\":\"left\"},{\"columnId\":\"5e9e7b30-a800-4757-b55c-e7bc60ed32be\",\"isTransposed\":false},{\"columnId\":\"9d6c754b-aacd-4f6a-8f86-1fb01e957616\",\"isTransposed\":false,\"alignment\":\"center\",\"colorMode\":\"cell\",\"palette\":{\"name\":\"custom\",\"type\":\"palette\",\"params\":{\"steps\":5,\"stops\":[{\"color\":\"#45e245\",\"stop\":3},{\"color\":\"#d69d57\",\"stop\":5},{\"color\":\"#df7d6c\",\"stop\":7},{\"color\":\"#e63410\",\"stop\":7.599999904632568}],\"name\":\"custom\",\"colorStops\":[{\"color\":\"#45e245\",\"stop\":1},{\"color\":\"#d69d57\",\"stop\":3},{\"color\":\"#df7d6c\",\"stop\":5},{\"color\":\"#e63410\",\"stop\":7}],\"continuity\":\"none\",\"reverse\":false,\"rangeMin\":1,\"rangeMax\":10,\"rangeType\":\"number\"}}},{\"columnId\":\"eeb56262-f4a7-451c-9a81-dfb12bc296c6\",\"isTransposed\":false},{\"columnId\":\"cc9726cd-0333-4030-8ef7-8ca6a134cd74\",\"isTransposed\":false,\"alignment\":\"center\"}],\"layerId\":\"d268dc70-0f0d-443b-b702-d08241bc0733\",\"layerType\":\"data\",\"sorting\":{\"columnId\":\"eeb56262-f4a7-451c-9a81-dfb12bc296c6\",\"direction\":\"asc\"}},\"query\":{\"query\":\"vulnerability.result : \\\"pass\\\" \",\"language\":\"kuery\"},\"filters\":[],\"datasourceStates\":{\"formBased\":{\"layers\":{\"d268dc70-0f0d-443b-b702-d08241bc0733\":{\"columns\":{\"ac337e99-130a-4af6-a771-32b72b41ea02\":{\"label\":\"Vulnerability ID\",\"dataType\":\"string\",\"operationType\":\"terms\",\"scale\":\"ordinal\",\"sourceField\":\"vulnerability.id\",\"isBucketed\":true,\"params\":{\"size\":200,\"orderBy\":{\"type\":\"column\",\"columnId\":\"9d6c754b-aacd-4f6a-8f86-1fb01e957616\"},\"orderDirection\":\"desc\",\"otherBucket\":false,\"missingBucket\":false,\"parentFormat\":{\"id\":\"terms\"},\"include\":[],\"exclude\":[],\"includeIsRegex\":false,\"excludeIsRegex\":false},\"customLabel\":true},\"5e9e7b30-a800-4757-b55c-e7bc60ed32be\":{\"label\":\"Title\",\"dataType\":\"string\",\"operationType\":\"terms\",\"scale\":\"ordinal\",\"sourceField\":\"vulnerability.title\",\"isBucketed\":true,\"params\":{\"size\":1,\"orderBy\":{\"type\":\"column\",\"columnId\":\"9d6c754b-aacd-4f6a-8f86-1fb01e957616\"},\"orderDirection\":\"desc\",\"otherBucket\":true,\"missingBucket\":true,\"parentFormat\":{\"id\":\"terms\"},\"include\":[],\"exclude\":[],\"includeIsRegex\":false,\"excludeIsRegex\":false,\"secondaryFields\":[]},\"customLabel\":true},\"9d6c754b-aacd-4f6a-8f86-1fb01e957616\":{\"label\":\"NVD Score\",\"dataType\":\"number\",\"operationType\":\"max\",\"sourceField\":\"vulnerability.score.base\",\"isBucketed\":false,\"scale\":\"ratio\",\"filter\":{\"query\":\"vulnerability.result: *\",\"language\":\"kuery\"},\"params\":{\"emptyAsNull\":true},\"customLabel\":true},\"eeb56262-f4a7-451c-9a81-dfb12bc296c6\":{\"label\":\"Result\",\"dataType\":\"string\",\"operationType\":\"terms\",\"scale\":\"ordinal\",\"sourceField\":\"vulnerability.result\",\"isBucketed\":true,\"params\":{\"size\":3,\"orderBy\":{\"type\":\"column\",\"columnId\":\"9d6c754b-aacd-4f6a-8f86-1fb01e957616\"},\"orderDirection\":\"desc\",\"otherBucket\":true,\"missingBucket\":false,\"parentFormat\":{\"id\":\"terms\"},\"include\":[],\"exclude\":[],\"includeIsRegex\":false,\"excludeIsRegex\":false},\"customLabel\":true},\"cc9726cd-0333-4030-8ef7-8ca6a134cd74\":{\"label\":\"IAVA\",\"dataType\":\"string\",\"operationType\":\"terms\",\"scale\":\"ordinal\",\"sourceField\":\"vulnerability.iava\",\"isBucketed\":true,\"params\":{\"size\":3,\"orderBy\":{\"type\":\"column\",\"columnId\":\"9d6c754b-aacd-4f6a-8f86-1fb01e957616\"},\"orderDirection\":\"desc\",\"otherBucket\":true,\"missingBucket\":false,\"parentFormat\":{\"id\":\"terms\"},\"include\":[],\"exclude\":[],\"includeIsRegex\":false,\"excludeIsRegex\":false},\"customLabel\":true}},\"columnOrder\":[\"ac337e99-130a-4af6-a771-32b72b41ea02\",\"5e9e7b30-a800-4757-b55c-e7bc60ed32be\",\"eeb56262-f4a7-451c-9a81-dfb12bc296c6\",\"cc9726cd-0333-4030-8ef7-8ca6a134cd74\",\"9d6c754b-aacd-4f6a-8f86-1fb01e957616\"],\"incompleteColumns\":{},\"sampling\":1}}},\"textBased\":{\"layers\":{}}},\"internalReferences\":[],\"adHocDataViews\":{}}},\"hidePanelTitles\":false,\"enhancements\":{}},\"title\":\"Passed CVEs\"}]",
        "refreshInterval": {
            "pause": true,
            "value": 0
        },
        "timeFrom": "now-30d/d",
        "timeRestore": true,
        "timeTo": "now",
        "title": "[TYCHON] Endpoint Browser - Vulnerabilities ",
        "version": 1
    },
    "coreMigrationVersion": "8.6.2",
    "created_at": "2023-08-23T20:51:50.468Z",
    "id": "tychon-2de7a3c0-3e08-11ee-9610-15dee918f31a-cve",
    "migrationVersion": {
        "dashboard": "8.6.0"
    },
    "references": [
        {
            "id": "tychon-ee4b44b0-40e6-11ee-8111-21f5f34f6dfc",
            "name": "e243d9ab-d083-4b45-88a2-9581bf3689ae:panel_e243d9ab-d083-4b45-88a2-9581bf3689ae",
            "type": "visualization"
        },
        {
            "id": "78931842-dc88-45d7-a6ee-d79fb9f615bd",
            "name": "18ef0327-ab0a-46d7-ac9c-bf8d01e28eba:indexpattern-datasource-layer-b5de6e20-9f56-4bec-b4b3-1acb9eb2e76b",
            "type": "index-pattern"
        },
        {
            "id": "78931842-dc88-45d7-a6ee-d79fb9f615bd",
            "name": "0f3331b8-da1a-452c-a1b0-39a5558a1379:indexpattern-datasource-layer-b5de6e20-9f56-4bec-b4b3-1acb9eb2e76b",
            "type": "index-pattern"
        },
        {
            "id": "78931842-dc88-45d7-a6ee-d79fb9f615bd",
            "name": "91a3fb55-660d-48ec-89f2-4e5b3122b49b:indexpattern-datasource-layer-b5de6e20-9f56-4bec-b4b3-1acb9eb2e76b",
            "type": "index-pattern"
        },
        {
            "id": "78931842-dc88-45d7-a6ee-d79fb9f615bd",
            "name": "ecee7b3f-f07e-4911-bb36-405e687f3ae0:indexpattern-datasource-layer-b5de6e20-9f56-4bec-b4b3-1acb9eb2e76b",
            "type": "index-pattern"
        },
        {
            "id": "78931842-dc88-45d7-a6ee-d79fb9f615bd",
            "name": "eadda9a3-732f-4ad7-81fb-7abc16fe4bd2:indexpattern-datasource-layer-cd8f844b-1401-4c37-9b58-7ee816064353",
            "type": "index-pattern"
        },
        {
            "id": "78931842-dc88-45d7-a6ee-d79fb9f615bd",
            "name": "721cfff2-211b-4e21-a5a7-874dcd0e6edc:indexpattern-datasource-layer-9f9cf1ce-1e59-4b0f-a264-04b877d4dfba",
            "type": "index-pattern"
        },
        {
            "id": "78931842-dc88-45d7-a6ee-d79fb9f615bd",
            "name": "30647fae-03f0-46a0-b6a6-96f4b9692227:indexpattern-datasource-layer-d268dc70-0f0d-443b-b702-d08241bc0733",
            "type": "index-pattern"
        },
        {
            "id": "78931842-dc88-45d7-a6ee-d79fb9f615bd",
            "name": "b146db26-e963-43f4-b2cd-60eb96128506:indexpattern-datasource-layer-52771762-574a-44e5-b312-212bca766745",
            "type": "index-pattern"
        },
        {
            "id": "78931842-dc88-45d7-a6ee-d79fb9f615bd",
            "name": "a004f187-6f6e-4875-b63e-2b50db064884:indexpattern-datasource-layer-d268dc70-0f0d-443b-b702-d08241bc0733",
            "type": "index-pattern"
        },
        {
            "id": "bb5226cd-c099-46d2-bb71-0257232c7d82",
            "name": "controlGroup_8c4d7403-b7c0-4274-9e12-cec69c62e01e:optionsListDataView",
            "type": "index-pattern"
        },
        {
            "id": "tychon-a3922360-3de6-11ee-9610-15dee918f31a",
            "name": "tag-ref-a3922360-3de6-11ee-9610-15dee918f31a",
            "type": "tag"
        },
        {
            "id": "tychon-9c222660-1100-11ee-af86-538da1394f27",
            "name": "tag-ref-9c222660-1100-11ee-af86-538da1394f27",
            "type": "tag"
        },
        {
            "id": "tychon-10af3800-10f3-11ee-af86-538da1394f27",
            "name": "tag-ref-10af3800-10f3-11ee-af86-538da1394f27",
            "type": "tag"
        },
        {
            "id": "tychon-39b55820-10f2-11ee-af86-538da1394f27",
            "name": "tag-ref-39b55820-10f2-11ee-af86-538da1394f27",
            "type": "tag"
        },
        {
            "id": "tychon-e18d6100-3c85-11ee-9610-15dee918f31a",
            "name": "tag-ref-e18d6100-3c85-11ee-9610-15dee918f31a",
            "type": "tag"
        }
    ],
    "type": "dashboard",
    "updated_at": "2023-08-23T20:51:50.468Z",
    "version": "WzgyMTUxMywyMl0="
}