{
    "attributes": {
        "controlGroupInput": {
            "chainingSystem": "HIERARCHICAL",
            "controlStyle": "oneLine",
            "ignoreParentSettingsJSON": "{\"ignoreFilters\":false,\"ignoreQuery\":false,\"ignoreTimerange\":false,\"ignoreValidations\":false}",
            "panelsJSON": "{\"8f5ba1f4-07f6-41a9-85c0-6060d10c200a\":{\"order\":0,\"width\":\"large\",\"grow\":true,\"type\":\"optionsListControl\",\"explicitInput\":{\"fieldName\":\"host.hostname\",\"title\":\"Hostname\",\"singleSelect\":true,\"hideExists\":true,\"hideExclude\":true,\"id\":\"8f5ba1f4-07f6-41a9-85c0-6060d10c200a\",\"enhancements\":{}}}}"
        },
        "description": "The \"TYCHON Endpoint Browser\" dashboard provides host visualization data for a single endpoint at a time. The dashboard is a set of several individual views broken down by tabs near the top of the screen. The TYCHON Endpoint Browser – Software Inventory view displays all installed Applications and Products on a computer, its version, and the last time it was seen.",
        "kibanaSavedObjectMeta": {
            "searchSourceJSON": "{\"query\":{\"query\":\"\",\"language\":\"kuery\"},\"filter\":[]}"
        },
        "optionsJSON": "{\"useMargins\":true,\"syncColors\":true,\"syncCursor\":true,\"syncTooltips\":true,\"hidePanelTitles\":false}",
        "panelsJSON": "[{\"version\":\"8.6.2\",\"type\":\"visualization\",\"gridData\":{\"x\":0,\"y\":0,\"w\":48,\"h\":3,\"i\":\"341d7ddd-16bc-4f9d-ab47-a7f337ad3a76\"},\"panelIndex\":\"341d7ddd-16bc-4f9d-ab47-a7f337ad3a76\",\"embeddableConfig\":{\"enhancements\":{},\"hidePanelTitles\":true},\"panelRefName\":\"panel_341d7ddd-16bc-4f9d-ab47-a7f337ad3a76\"},{\"version\":\"8.6.2\",\"type\":\"visualization\",\"gridData\":{\"x\":0,\"y\":3,\"w\":5,\"h\":10,\"i\":\"f9aaeeaf-3553-4857-b4e6-d6d73056341e\"},\"panelIndex\":\"f9aaeeaf-3553-4857-b4e6-d6d73056341e\",\"embeddableConfig\":{\"savedVis\":{\"id\":\"\",\"title\":\"\",\"description\":\"\",\"type\":\"markdown\",\"params\":{\"fontSize\":12,\"openLinksInNewTab\":false,\"markdown\":\"### Software Installed\\nTYCHON reports both Windows Store applications and typical installed programs. TYCHON does not drop records when applications are removed and will update apps when they are added or upgraded.\"},\"uiState\":{},\"data\":{\"aggs\":[],\"searchSource\":{\"query\":{\"query\":\"\",\"language\":\"kuery\"},\"filter\":[]}}},\"hidePanelTitles\":true,\"enhancements\":{}}},{\"version\":\"8.6.2\",\"type\":\"lens\",\"gridData\":{\"x\":5,\"y\":3,\"w\":7,\"h\":10,\"i\":\"ea1f4eb7-c8ef-4907-a106-734dac97ec4b\"},\"panelIndex\":\"ea1f4eb7-c8ef-4907-a106-734dac97ec4b\",\"embeddableConfig\":{\"attributes\":{\"title\":\"\",\"visualizationType\":\"lnsLegacyMetric\",\"type\":\"lens\",\"references\":[{\"type\":\"index-pattern\",\"id\":\"e0015160-781d-4885-9ae6-04230d059bfb\",\"name\":\"indexpattern-datasource-layer-8edfce3b-22f2-4c48-a63f-825b9418bcf3\"}],\"state\":{\"visualization\":{\"layerId\":\"8edfce3b-22f2-4c48-a63f-825b9418bcf3\",\"accessor\":\"e78025b8-c96b-45bd-8202-8b5a06fb8355\",\"layerType\":\"data\",\"titlePosition\":\"bottom\",\"size\":\"l\",\"textAlign\":\"center\"},\"query\":{\"query\":\"\",\"language\":\"kuery\"},\"filters\":[],\"datasourceStates\":{\"formBased\":{\"layers\":{\"8edfce3b-22f2-4c48-a63f-825b9418bcf3\":{\"columns\":{\"e78025b8-c96b-45bd-8202-8b5a06fb8355\":{\"label\":\"Total Software Installed\",\"dataType\":\"number\",\"operationType\":\"unique_count\",\"scale\":\"ratio\",\"sourceField\":\"package.id\",\"isBucketed\":false,\"params\":{\"emptyAsNull\":false},\"customLabel\":true}},\"columnOrder\":[\"e78025b8-c96b-45bd-8202-8b5a06fb8355\"],\"sampling\":1,\"incompleteColumns\":{}}}},\"textBased\":{\"layers\":{}}},\"internalReferences\":[],\"adHocDataViews\":{}}},\"hidePanelTitles\":true,\"enhancements\":{}}},{\"version\":\"8.6.2\",\"type\":\"lens\",\"gridData\":{\"x\":12,\"y\":3,\"w\":10,\"h\":10,\"i\":\"b75181e4-77ee-4c10-b857-154234080c8c\"},\"panelIndex\":\"b75181e4-77ee-4c10-b857-154234080c8c\",\"embeddableConfig\":{\"attributes\":{\"title\":\"\",\"visualizationType\":\"lnsPie\",\"type\":\"lens\",\"references\":[{\"type\":\"index-pattern\",\"id\":\"e0015160-781d-4885-9ae6-04230d059bfb\",\"name\":\"indexpattern-datasource-layer-03a2e212-519d-46f5-868b-a7c914f289e0\"}],\"state\":{\"visualization\":{\"shape\":\"mosaic\",\"palette\":{\"type\":\"palette\",\"name\":\"cool\"},\"layers\":[{\"layerId\":\"03a2e212-519d-46f5-868b-a7c914f289e0\",\"primaryGroups\":[\"cbf846c8-f838-4483-8097-2225de0b3d57\"],\"secondaryGroups\":[],\"metrics\":[\"dd21a1e4-6110-4b11-a1a7-674a03e262c0\"],\"numberDisplay\":\"percent\",\"categoryDisplay\":\"default\",\"legendDisplay\":\"default\",\"nestedLegend\":false,\"layerType\":\"data\",\"allowMultipleMetrics\":false}]},\"query\":{\"query\":\"\",\"language\":\"kuery\"},\"filters\":[],\"datasourceStates\":{\"formBased\":{\"layers\":{\"03a2e212-519d-46f5-868b-a7c914f289e0\":{\"columns\":{\"cbf846c8-f838-4483-8097-2225de0b3d57\":{\"label\":\"Package Types\",\"dataType\":\"string\",\"operationType\":\"terms\",\"scale\":\"ordinal\",\"sourceField\":\"package.type\",\"isBucketed\":true,\"params\":{\"size\":5,\"orderBy\":{\"type\":\"column\",\"columnId\":\"dd21a1e4-6110-4b11-a1a7-674a03e262c0\"},\"orderDirection\":\"desc\",\"otherBucket\":true,\"missingBucket\":false,\"parentFormat\":{\"id\":\"terms\"},\"include\":[],\"exclude\":[],\"includeIsRegex\":false,\"excludeIsRegex\":false},\"customLabel\":true},\"dd21a1e4-6110-4b11-a1a7-674a03e262c0\":{\"label\":\"Count of records\",\"dataType\":\"number\",\"operationType\":\"count\",\"isBucketed\":false,\"scale\":\"ratio\",\"sourceField\":\"___records___\",\"params\":{\"emptyAsNull\":true}}},\"columnOrder\":[\"cbf846c8-f838-4483-8097-2225de0b3d57\",\"dd21a1e4-6110-4b11-a1a7-674a03e262c0\"],\"incompleteColumns\":{},\"sampling\":1}}},\"textBased\":{\"layers\":{}}},\"internalReferences\":[],\"adHocDataViews\":{}}},\"hidePanelTitles\":false,\"enhancements\":{}},\"title\":\"Software Type\"},{\"version\":\"8.6.2\",\"type\":\"lens\",\"gridData\":{\"x\":22,\"y\":3,\"w\":26,\"h\":10,\"i\":\"92b47b97-ad52-40c2-9b89-bbde77e7f00e\"},\"panelIndex\":\"92b47b97-ad52-40c2-9b89-bbde77e7f00e\",\"embeddableConfig\":{\"attributes\":{\"title\":\"\",\"visualizationType\":\"lnsXY\",\"type\":\"lens\",\"references\":[{\"type\":\"index-pattern\",\"id\":\"e0015160-781d-4885-9ae6-04230d059bfb\",\"name\":\"indexpattern-datasource-layer-057703a5-7f81-4be1-82c4-2f27bbf2615c\"}],\"state\":{\"visualization\":{\"legend\":{\"isVisible\":true,\"position\":\"right\"},\"valueLabels\":\"hide\",\"fittingFunction\":\"None\",\"axisTitlesVisibilitySettings\":{\"x\":true,\"yLeft\":true,\"yRight\":true},\"tickLabelsVisibilitySettings\":{\"x\":true,\"yLeft\":true,\"yRight\":true},\"labelsOrientation\":{\"x\":0,\"yLeft\":0,\"yRight\":0},\"gridlinesVisibilitySettings\":{\"x\":true,\"yLeft\":true,\"yRight\":true},\"preferredSeriesType\":\"bar_horizontal\",\"layers\":[{\"layerId\":\"057703a5-7f81-4be1-82c4-2f27bbf2615c\",\"accessors\":[\"3ffc6314-731f-4048-b5b6-a1d673384858\"],\"position\":\"top\",\"seriesType\":\"bar_horizontal\",\"showGridlines\":false,\"layerType\":\"data\",\"xAccessor\":\"888ceeac-4036-4b29-a96a-c49d9b4602c3\",\"yConfig\":[{\"forAccessor\":\"3ffc6314-731f-4048-b5b6-a1d673384858\",\"color\":\"#6092c0\"}]}]},\"query\":{\"query\":\"\",\"language\":\"kuery\"},\"filters\":[],\"datasourceStates\":{\"formBased\":{\"layers\":{\"057703a5-7f81-4be1-82c4-2f27bbf2615c\":{\"columns\":{\"888ceeac-4036-4b29-a96a-c49d9b4602c3\":{\"label\":\"Publisher\",\"dataType\":\"string\",\"operationType\":\"terms\",\"scale\":\"ordinal\",\"sourceField\":\"package.publisher\",\"isBucketed\":true,\"params\":{\"size\":10,\"orderBy\":{\"type\":\"column\",\"columnId\":\"3ffc6314-731f-4048-b5b6-a1d673384858\"},\"orderDirection\":\"desc\",\"otherBucket\":true,\"missingBucket\":false,\"parentFormat\":{\"id\":\"terms\"},\"include\":[],\"exclude\":[],\"includeIsRegex\":false,\"excludeIsRegex\":false},\"customLabel\":true},\"3ffc6314-731f-4048-b5b6-a1d673384858\":{\"label\":\"Count of records\",\"dataType\":\"number\",\"operationType\":\"count\",\"isBucketed\":false,\"scale\":\"ratio\",\"sourceField\":\"___records___\",\"params\":{\"emptyAsNull\":true}}},\"columnOrder\":[\"888ceeac-4036-4b29-a96a-c49d9b4602c3\",\"3ffc6314-731f-4048-b5b6-a1d673384858\"],\"incompleteColumns\":{},\"sampling\":1}}},\"textBased\":{\"layers\":{}}},\"internalReferences\":[],\"adHocDataViews\":{}}},\"hidePanelTitles\":false,\"enhancements\":{}},\"title\":\"Software By Publisher\"},{\"version\":\"8.6.2\",\"type\":\"lens\",\"gridData\":{\"x\":0,\"y\":13,\"w\":48,\"h\":33,\"i\":\"6e3b23f2-6754-4dda-a428-f68e622ed411\"},\"panelIndex\":\"6e3b23f2-6754-4dda-a428-f68e622ed411\",\"embeddableConfig\":{\"attributes\":{\"title\":\"\",\"visualizationType\":\"lnsDatatable\",\"type\":\"lens\",\"references\":[{\"type\":\"index-pattern\",\"id\":\"e0015160-781d-4885-9ae6-04230d059bfb\",\"name\":\"indexpattern-datasource-layer-a8eb0e1b-2c4e-4717-b533-0b39e227a2a8\"}],\"state\":{\"visualization\":{\"layerId\":\"a8eb0e1b-2c4e-4717-b533-0b39e227a2a8\",\"layerType\":\"data\",\"columns\":[{\"columnId\":\"bd55582e-c727-4f43-93cf-c1dfbfc46c40\",\"alignment\":\"left\"},{\"columnId\":\"529bf337-2458-4752-a815-7a5d0d84dc32\",\"hidden\":true},{\"columnId\":\"a4df1e47-a590-44d4-8bc5-e120c094a1ca\",\"isTransposed\":false,\"alignment\":\"left\"},{\"columnId\":\"a20d1958-fa8e-476c-acf9-74c0323c65d3\",\"isTransposed\":false,\"alignment\":\"center\"},{\"columnId\":\"28fd934b-7413-4196-b397-f42832cfa4c1\",\"isTransposed\":false,\"alignment\":\"center\"}]},\"query\":{\"query\":\"\",\"language\":\"kuery\"},\"filters\":[],\"datasourceStates\":{\"formBased\":{\"layers\":{\"a8eb0e1b-2c4e-4717-b533-0b39e227a2a8\":{\"columns\":{\"bd55582e-c727-4f43-93cf-c1dfbfc46c40\":{\"label\":\"Name\",\"dataType\":\"string\",\"operationType\":\"terms\",\"scale\":\"ordinal\",\"sourceField\":\"package.name\",\"isBucketed\":true,\"params\":{\"size\":500,\"orderBy\":{\"type\":\"column\",\"columnId\":\"529bf337-2458-4752-a815-7a5d0d84dc32\"},\"orderDirection\":\"desc\",\"otherBucket\":true,\"missingBucket\":false,\"parentFormat\":{\"id\":\"terms\"},\"include\":[],\"exclude\":[],\"includeIsRegex\":false,\"excludeIsRegex\":false},\"customLabel\":true},\"529bf337-2458-4752-a815-7a5d0d84dc32\":{\"label\":\"Count of records\",\"dataType\":\"number\",\"operationType\":\"count\",\"isBucketed\":false,\"scale\":\"ratio\",\"sourceField\":\"___records___\",\"params\":{\"emptyAsNull\":true}},\"a4df1e47-a590-44d4-8bc5-e120c094a1ca\":{\"label\":\"Version\",\"dataType\":\"string\",\"operationType\":\"terms\",\"scale\":\"ordinal\",\"sourceField\":\"package.version\",\"isBucketed\":true,\"params\":{\"size\":3,\"orderBy\":{\"type\":\"column\",\"columnId\":\"529bf337-2458-4752-a815-7a5d0d84dc32\"},\"orderDirection\":\"desc\",\"otherBucket\":true,\"missingBucket\":false,\"parentFormat\":{\"id\":\"terms\"},\"include\":[],\"exclude\":[],\"includeIsRegex\":false,\"excludeIsRegex\":false},\"customLabel\":true},\"a20d1958-fa8e-476c-acf9-74c0323c65d3\":{\"label\":\"Type\",\"dataType\":\"string\",\"operationType\":\"terms\",\"scale\":\"ordinal\",\"sourceField\":\"package.type\",\"isBucketed\":true,\"params\":{\"size\":3,\"orderBy\":{\"type\":\"column\",\"columnId\":\"529bf337-2458-4752-a815-7a5d0d84dc32\"},\"orderDirection\":\"desc\",\"otherBucket\":true,\"missingBucket\":false,\"parentFormat\":{\"id\":\"terms\"},\"include\":[],\"exclude\":[],\"includeIsRegex\":false,\"excludeIsRegex\":false,\"secondaryFields\":[]},\"customLabel\":true},\"28fd934b-7413-4196-b397-f42832cfa4c1\":{\"label\":\"Last Seen\",\"dataType\":\"date\",\"operationType\":\"last_value\",\"isBucketed\":false,\"scale\":\"ratio\",\"sourceField\":\"@timestamp\",\"filter\":{\"query\":\"@timestamp: *\",\"language\":\"kuery\"},\"params\":{\"sortField\":\"@timestamp\"},\"customLabel\":true}},\"columnOrder\":[\"bd55582e-c727-4f43-93cf-c1dfbfc46c40\",\"a4df1e47-a590-44d4-8bc5-e120c094a1ca\",\"a20d1958-fa8e-476c-acf9-74c0323c65d3\",\"529bf337-2458-4752-a815-7a5d0d84dc32\",\"28fd934b-7413-4196-b397-f42832cfa4c1\"],\"incompleteColumns\":{},\"sampling\":1}}},\"textBased\":{\"layers\":{}}},\"internalReferences\":[],\"adHocDataViews\":{}}},\"hidePanelTitles\":false,\"enhancements\":{}},\"title\":\"Installed Software and Applications\"}]",
        "refreshInterval": {
            "pause": true,
            "value": 0
        },
        "timeFrom": "now-24h/h",
        "timeRestore": true,
        "timeTo": "now",
        "title": "[TYCHON] Endpoint Browser - Software Inventory",
        "version": 1
    },
    "coreMigrationVersion": "8.6.2",
    "created_at": "2023-08-23T20:46:31.347Z",
    "id": "tychon-2bd4ca50-3dfd-11ee-9610-15dee918f31a-softwareinventory",
    "migrationVersion": {
        "dashboard": "8.6.0"
    },
    "references": [
        {
            "id": "tychon-ee4b44b0-40e6-11ee-8111-21f5f34f6dfc",
            "name": "341d7ddd-16bc-4f9d-ab47-a7f337ad3a76:panel_341d7ddd-16bc-4f9d-ab47-a7f337ad3a76",
            "type": "visualization"
        },
        {
            "id": "e0015160-781d-4885-9ae6-04230d059bfb",
            "name": "ea1f4eb7-c8ef-4907-a106-734dac97ec4b:indexpattern-datasource-layer-8edfce3b-22f2-4c48-a63f-825b9418bcf3",
            "type": "index-pattern"
        },
        {
            "id": "e0015160-781d-4885-9ae6-04230d059bfb",
            "name": "b75181e4-77ee-4c10-b857-154234080c8c:indexpattern-datasource-layer-03a2e212-519d-46f5-868b-a7c914f289e0",
            "type": "index-pattern"
        },
        {
            "id": "e0015160-781d-4885-9ae6-04230d059bfb",
            "name": "92b47b97-ad52-40c2-9b89-bbde77e7f00e:indexpattern-datasource-layer-057703a5-7f81-4be1-82c4-2f27bbf2615c",
            "type": "index-pattern"
        },
        {
            "id": "e0015160-781d-4885-9ae6-04230d059bfb",
            "name": "6e3b23f2-6754-4dda-a428-f68e622ed411:indexpattern-datasource-layer-a8eb0e1b-2c4e-4717-b533-0b39e227a2a8",
            "type": "index-pattern"
        },
        {
            "id": "bb5226cd-c099-46d2-bb71-0257232c7d82",
            "name": "controlGroup_8f5ba1f4-07f6-41a9-85c0-6060d10c200a:optionsListDataView",
            "type": "index-pattern"
        },
        {
            "id": "a3922360-3de6-11ee-9610-15dee918f31a",
            "name": "tag-ref-a3922360-3de6-11ee-9610-15dee918f31a",
            "type": "tag"
        },
        {
            "id": "e18d6100-3c85-11ee-9610-15dee918f31a",
            "name": "tag-ref-e18d6100-3c85-11ee-9610-15dee918f31a",
            "type": "tag"
        },
        {
            "id": "10af3800-10f3-11ee-af86-538da1394f27",
            "name": "tag-ref-10af3800-10f3-11ee-af86-538da1394f27",
            "type": "tag"
        },
        {
            "id": "27edf330-3dfd-11ee-9610-15dee918f31a",
            "name": "tag-ref-27edf330-3dfd-11ee-9610-15dee918f31a",
            "type": "tag"
        }
    ],
    "type": "dashboard",
    "updated_at": "2023-08-23T20:46:31.347Z",
    "version": "WzgyMDk3MSwyMl0="
}