{
    "attributes": {
        "controlGroupInput": {
            "chainingSystem": "HIERARCHICAL",
            "controlStyle": "oneLine",
            "ignoreParentSettingsJSON": "{\"ignoreFilters\":false,\"ignoreQuery\":false,\"ignoreTimerange\":false,\"ignoreValidations\":false}",
            "panelsJSON": "{\"b1548c53-ca3d-47b3-bc05-664ddc1e045a\":{\"order\":0,\"width\":\"large\",\"grow\":true,\"type\":\"optionsListControl\",\"explicitInput\":{\"fieldName\":\"host.hostname\",\"title\":\"Hostname\",\"singleSelect\":true,\"hideExclude\":true,\"hideExists\":true,\"id\":\"b1548c53-ca3d-47b3-bc05-664ddc1e045a\",\"enhancements\":{},\"selectedOptions\":[]}}}"
        },
        "description": "The \"TYCHON Endpoint Browser\" dashboard provides host visualization data for a single endpoint at a time. The dashboard is a set of several individual views broken down by tabs near the top of the screen. The TYCHON Endpoint Browser – Services and Ports view displays all Services found on hosts, as well as listening ports and ARP Tables.",
        "kibanaSavedObjectMeta": {
            "searchSourceJSON": "{\"query\":{\"query\":\"\",\"language\":\"kuery\"},\"filter\":[]}"
        },
        "optionsJSON": "{\"useMargins\":true,\"syncColors\":false,\"syncCursor\":true,\"syncTooltips\":false,\"hidePanelTitles\":false}",
        "panelsJSON": "[{\"version\":\"8.6.2\",\"type\":\"visualization\",\"gridData\":{\"x\":0,\"y\":0,\"w\":48,\"h\":3,\"i\":\"7ce4caed-f1dc-4d52-934f-bf01a1c79c50\"},\"panelIndex\":\"7ce4caed-f1dc-4d52-934f-bf01a1c79c50\",\"embeddableConfig\":{\"hidePanelTitles\":true,\"enhancements\":{}},\"panelRefName\":\"panel_7ce4caed-f1dc-4d52-934f-bf01a1c79c50\"},{\"version\":\"8.6.2\",\"type\":\"visualization\",\"gridData\":{\"x\":0,\"y\":3,\"w\":16,\"h\":5,\"i\":\"79df6d59-56ab-4ee3-addd-87cd507061e9\"},\"panelIndex\":\"79df6d59-56ab-4ee3-addd-87cd507061e9\",\"embeddableConfig\":{\"savedVis\":{\"id\":\"\",\"title\":\"\",\"description\":\"\",\"type\":\"markdown\",\"params\":{\"fontSize\":12,\"openLinksInNewTab\":false,\"markdown\":\"### Services and Ports\\nTYCHON reports what ports are open at the time of the check. It records what process and command was used to open the port and correlates that process if it was started as a service.\"},\"uiState\":{},\"data\":{\"aggs\":[],\"searchSource\":{\"query\":{\"query\":\"\",\"language\":\"kuery\"},\"filter\":[]}}},\"hidePanelTitles\":true,\"enhancements\":{}}},{\"version\":\"8.6.2\",\"type\":\"lens\",\"gridData\":{\"x\":16,\"y\":3,\"w\":32,\"h\":51,\"i\":\"90112a9f-2161-4263-bc42-8af46aeb05e4\"},\"panelIndex\":\"90112a9f-2161-4263-bc42-8af46aeb05e4\",\"embeddableConfig\":{\"attributes\":{\"title\":\"\",\"visualizationType\":\"lnsDatatable\",\"type\":\"lens\",\"references\":[{\"type\":\"index-pattern\",\"id\":\"c6b645d3-dd29-43f2-b831-49e29ffd5b6c\",\"name\":\"indexpattern-datasource-layer-9a26db3f-b1d3-4fb3-8b88-91eec3c3bac6\"}],\"state\":{\"visualization\":{\"columns\":[{\"isTransposed\":false,\"columnId\":\"f0f0e83f-7af8-46e0-8e52-bfb7c6a96968\",\"width\":259.0666666666667},{\"isTransposed\":false,\"columnId\":\"8816caf5-40ad-44a7-8196-f8d2c3ca0edf\",\"hidden\":true},{\"columnId\":\"66204765-468d-419c-9ea9-d073900e559f\",\"isTransposed\":false,\"alignment\":\"center\",\"width\":110.39999999999998},{\"columnId\":\"6ec1bb1d-7e6e-4b12-ab95-bcec881d02fc\",\"isTransposed\":false},{\"columnId\":\"bfbad6ce-a8e2-4f07-96e3-f2e0ee3de92d\",\"isTransposed\":false,\"alignment\":\"center\",\"width\":169.39999999999998},{\"columnId\":\"8d7e5159-9321-4909-b291-9d44a246e217\",\"isTransposed\":false,\"width\":413.5666666666666},{\"columnId\":\"70ec6dba-dbad-4f8c-81a9-b7f5c094e641\",\"isTransposed\":false},{\"columnId\":\"baacc6bf-fc31-430c-b112-2ba01c97aa21\",\"isTransposed\":false,\"alignment\":\"center\"},{\"columnId\":\"7bcc4134-d33c-44a4-aa9f-cc143f006e31\",\"isTransposed\":false,\"alignment\":\"center\"},{\"columnId\":\"1738b58d-80b9-4562-98ef-316a0319e8d1\",\"isTransposed\":false}],\"layerId\":\"9a26db3f-b1d3-4fb3-8b88-91eec3c3bac6\",\"layerType\":\"data\"},\"query\":{\"query\":\"\",\"language\":\"kuery\"},\"filters\":[],\"datasourceStates\":{\"formBased\":{\"layers\":{\"9a26db3f-b1d3-4fb3-8b88-91eec3c3bac6\":{\"columns\":{\"f0f0e83f-7af8-46e0-8e52-bfb7c6a96968\":{\"label\":\"Service Name\",\"dataType\":\"string\",\"operationType\":\"terms\",\"scale\":\"ordinal\",\"sourceField\":\"service.name\",\"isBucketed\":true,\"params\":{\"size\":150,\"orderBy\":{\"type\":\"column\",\"columnId\":\"7bcc4134-d33c-44a4-aa9f-cc143f006e31\"},\"orderDirection\":\"desc\",\"otherBucket\":true,\"missingBucket\":true,\"parentFormat\":{\"id\":\"terms\"},\"include\":[],\"exclude\":[],\"includeIsRegex\":false,\"excludeIsRegex\":false},\"customLabel\":true},\"8816caf5-40ad-44a7-8196-f8d2c3ca0edf\":{\"label\":\"Count of records\",\"dataType\":\"number\",\"operationType\":\"count\",\"isBucketed\":false,\"scale\":\"ratio\",\"sourceField\":\"___records___\",\"params\":{\"emptyAsNull\":true}},\"66204765-468d-419c-9ea9-d073900e559f\":{\"label\":\"Protocol\",\"dataType\":\"string\",\"operationType\":\"terms\",\"scale\":\"ordinal\",\"sourceField\":\"network.transport\",\"isBucketed\":true,\"params\":{\"size\":3,\"orderBy\":{\"type\":\"column\",\"columnId\":\"8816caf5-40ad-44a7-8196-f8d2c3ca0edf\"},\"orderDirection\":\"desc\",\"otherBucket\":true,\"missingBucket\":false,\"parentFormat\":{\"id\":\"terms\"},\"include\":[],\"exclude\":[],\"includeIsRegex\":false,\"excludeIsRegex\":false},\"customLabel\":true},\"6ec1bb1d-7e6e-4b12-ab95-bcec881d02fc\":{\"label\":\"Command Line Used\",\"dataType\":\"string\",\"operationType\":\"terms\",\"scale\":\"ordinal\",\"sourceField\":\"process.command_line\",\"isBucketed\":true,\"params\":{\"size\":10,\"orderBy\":{\"type\":\"column\",\"columnId\":\"8816caf5-40ad-44a7-8196-f8d2c3ca0edf\"},\"orderDirection\":\"desc\",\"otherBucket\":true,\"missingBucket\":true,\"parentFormat\":{\"id\":\"terms\"},\"include\":[],\"exclude\":[],\"includeIsRegex\":false,\"excludeIsRegex\":false},\"customLabel\":true},\"bfbad6ce-a8e2-4f07-96e3-f2e0ee3de92d\":{\"label\":\"Port Number\",\"dataType\":\"number\",\"operationType\":\"terms\",\"scale\":\"ordinal\",\"sourceField\":\"source.port\",\"isBucketed\":true,\"params\":{\"size\":3,\"orderBy\":{\"type\":\"column\",\"columnId\":\"8816caf5-40ad-44a7-8196-f8d2c3ca0edf\"},\"orderDirection\":\"desc\",\"otherBucket\":false,\"missingBucket\":false,\"parentFormat\":{\"id\":\"terms\"},\"include\":[],\"exclude\":[],\"includeIsRegex\":false,\"excludeIsRegex\":false},\"customLabel\":true},\"8d7e5159-9321-4909-b291-9d44a246e217\":{\"label\":\"User\",\"dataType\":\"string\",\"operationType\":\"terms\",\"scale\":\"ordinal\",\"sourceField\":\"process.user.name\",\"isBucketed\":true,\"params\":{\"size\":3,\"orderBy\":{\"type\":\"column\",\"columnId\":\"8816caf5-40ad-44a7-8196-f8d2c3ca0edf\"},\"orderDirection\":\"desc\",\"otherBucket\":true,\"missingBucket\":true,\"parentFormat\":{\"id\":\"terms\"},\"include\":[],\"exclude\":[],\"includeIsRegex\":false,\"excludeIsRegex\":false},\"customLabel\":true},\"70ec6dba-dbad-4f8c-81a9-b7f5c094e641\":{\"label\":\"Service Description\",\"dataType\":\"string\",\"operationType\":\"terms\",\"scale\":\"ordinal\",\"sourceField\":\"service.description\",\"isBucketed\":true,\"params\":{\"size\":1,\"orderBy\":{\"type\":\"column\",\"columnId\":\"8816caf5-40ad-44a7-8196-f8d2c3ca0edf\"},\"orderDirection\":\"desc\",\"otherBucket\":true,\"missingBucket\":true,\"parentFormat\":{\"id\":\"terms\"},\"include\":[],\"exclude\":[],\"includeIsRegex\":false,\"excludeIsRegex\":false},\"customLabel\":true},\"baacc6bf-fc31-430c-b112-2ba01c97aa21\":{\"label\":\"Last State\",\"dataType\":\"string\",\"operationType\":\"terms\",\"scale\":\"ordinal\",\"sourceField\":\"service.state\",\"isBucketed\":true,\"params\":{\"size\":5,\"orderBy\":{\"type\":\"column\",\"columnId\":\"8816caf5-40ad-44a7-8196-f8d2c3ca0edf\"},\"orderDirection\":\"desc\",\"otherBucket\":true,\"missingBucket\":true,\"parentFormat\":{\"id\":\"terms\"},\"include\":[],\"exclude\":[],\"includeIsRegex\":false,\"excludeIsRegex\":false},\"customLabel\":true},\"7bcc4134-d33c-44a4-aa9f-cc143f006e31\":{\"label\":\"Last Seen\",\"dataType\":\"date\",\"operationType\":\"last_value\",\"isBucketed\":false,\"scale\":\"ratio\",\"sourceField\":\"@timestamp\",\"filter\":{\"query\":\"@timestamp: *\",\"language\":\"kuery\"},\"params\":{\"sortField\":\"@timestamp\"},\"customLabel\":true},\"1738b58d-80b9-4562-98ef-316a0319e8d1\":{\"label\":\"Process Name\",\"dataType\":\"string\",\"operationType\":\"terms\",\"scale\":\"ordinal\",\"sourceField\":\"process.name\",\"isBucketed\":true,\"params\":{\"size\":100,\"orderBy\":{\"type\":\"column\",\"columnId\":\"7bcc4134-d33c-44a4-aa9f-cc143f006e31\"},\"orderDirection\":\"desc\",\"otherBucket\":false,\"missingBucket\":false,\"parentFormat\":{\"id\":\"terms\"},\"include\":[],\"exclude\":[],\"includeIsRegex\":false,\"excludeIsRegex\":false},\"customLabel\":true}},\"columnOrder\":[\"1738b58d-80b9-4562-98ef-316a0319e8d1\",\"f0f0e83f-7af8-46e0-8e52-bfb7c6a96968\",\"70ec6dba-dbad-4f8c-81a9-b7f5c094e641\",\"bfbad6ce-a8e2-4f07-96e3-f2e0ee3de92d\",\"66204765-468d-419c-9ea9-d073900e559f\",\"6ec1bb1d-7e6e-4b12-ab95-bcec881d02fc\",\"8d7e5159-9321-4909-b291-9d44a246e217\",\"baacc6bf-fc31-430c-b112-2ba01c97aa21\",\"8816caf5-40ad-44a7-8196-f8d2c3ca0edf\",\"7bcc4134-d33c-44a4-aa9f-cc143f006e31\"],\"incompleteColumns\":{},\"sampling\":1}}},\"textBased\":{\"layers\":{}}},\"internalReferences\":[],\"adHocDataViews\":{}}},\"enhancements\":{},\"hidePanelTitles\":false},\"title\":\"Listening Ports\"},{\"version\":\"8.6.2\",\"type\":\"lens\",\"gridData\":{\"x\":0,\"y\":8,\"w\":8,\"h\":8,\"i\":\"d43241be-bffb-4076-9153-27424a7c9154\"},\"panelIndex\":\"d43241be-bffb-4076-9153-27424a7c9154\",\"embeddableConfig\":{\"attributes\":{\"title\":\"\",\"visualizationType\":\"lnsLegacyMetric\",\"type\":\"lens\",\"references\":[{\"type\":\"index-pattern\",\"id\":\"c6b645d3-dd29-43f2-b831-49e29ffd5b6c\",\"name\":\"indexpattern-datasource-layer-dd4e1981-717a-4e31-a959-c13317ad6f77\"}],\"state\":{\"visualization\":{\"layerId\":\"dd4e1981-717a-4e31-a959-c13317ad6f77\",\"accessor\":\"ff8cf41e-40d1-4bf9-a828-aa521b19ea54\",\"layerType\":\"data\",\"titlePosition\":\"bottom\",\"textAlign\":\"center\",\"size\":\"l\"},\"query\":{\"query\":\"\",\"language\":\"kuery\"},\"filters\":[],\"datasourceStates\":{\"formBased\":{\"layers\":{\"dd4e1981-717a-4e31-a959-c13317ad6f77\":{\"columns\":{\"ff8cf41e-40d1-4bf9-a828-aa521b19ea54\":{\"label\":\"Total Unique Listening Ports\",\"dataType\":\"number\",\"operationType\":\"unique_count\",\"scale\":\"ratio\",\"sourceField\":\"source.port\",\"isBucketed\":false,\"params\":{\"emptyAsNull\":false},\"customLabel\":true}},\"columnOrder\":[\"ff8cf41e-40d1-4bf9-a828-aa521b19ea54\"],\"incompleteColumns\":{}}}},\"textBased\":{\"layers\":{}}},\"internalReferences\":[],\"adHocDataViews\":{}}},\"hidePanelTitles\":true,\"enhancements\":{}}},{\"version\":\"8.6.2\",\"type\":\"lens\",\"gridData\":{\"x\":8,\"y\":8,\"w\":8,\"h\":8,\"i\":\"39d605bd-cd52-4e81-90fc-15dde8a50450\"},\"panelIndex\":\"39d605bd-cd52-4e81-90fc-15dde8a50450\",\"embeddableConfig\":{\"attributes\":{\"title\":\"\",\"visualizationType\":\"lnsLegacyMetric\",\"type\":\"lens\",\"references\":[{\"type\":\"index-pattern\",\"id\":\"c6b645d3-dd29-43f2-b831-49e29ffd5b6c\",\"name\":\"indexpattern-datasource-layer-4bcc97dc-80c1-4c57-9a0c-aacd0a6a6be1\"}],\"state\":{\"visualization\":{\"layerId\":\"4bcc97dc-80c1-4c57-9a0c-aacd0a6a6be1\",\"accessor\":\"216dce16-7856-405d-8c0d-92246e7c3511\",\"layerType\":\"data\",\"size\":\"l\",\"textAlign\":\"center\",\"titlePosition\":\"bottom\"},\"query\":{\"query\":\"\",\"language\":\"kuery\"},\"filters\":[],\"datasourceStates\":{\"formBased\":{\"layers\":{\"4bcc97dc-80c1-4c57-9a0c-aacd0a6a6be1\":{\"columns\":{\"216dce16-7856-405d-8c0d-92246e7c3511\":{\"label\":\"Total Unique Processes Hosting Ports\",\"dataType\":\"number\",\"operationType\":\"unique_count\",\"scale\":\"ratio\",\"sourceField\":\"process.hash.sha1\",\"isBucketed\":false,\"params\":{\"emptyAsNull\":false},\"customLabel\":true}},\"columnOrder\":[\"216dce16-7856-405d-8c0d-92246e7c3511\"],\"incompleteColumns\":{}}}},\"textBased\":{\"layers\":{}}},\"internalReferences\":[],\"adHocDataViews\":{}}},\"hidePanelTitles\":true,\"enhancements\":{}}},{\"version\":\"8.6.2\",\"type\":\"lens\",\"gridData\":{\"x\":0,\"y\":16,\"w\":8,\"h\":8,\"i\":\"fd1293f8-ebe9-460f-81ab-a4ada0b42050\"},\"panelIndex\":\"fd1293f8-ebe9-460f-81ab-a4ada0b42050\",\"embeddableConfig\":{\"attributes\":{\"title\":\"\",\"visualizationType\":\"lnsLegacyMetric\",\"type\":\"lens\",\"references\":[{\"type\":\"index-pattern\",\"id\":\"c6b645d3-dd29-43f2-b831-49e29ffd5b6c\",\"name\":\"indexpattern-datasource-layer-dd4e1981-717a-4e31-a959-c13317ad6f77\"}],\"state\":{\"visualization\":{\"layerId\":\"dd4e1981-717a-4e31-a959-c13317ad6f77\",\"accessor\":\"ff8cf41e-40d1-4bf9-a828-aa521b19ea54\",\"layerType\":\"data\",\"titlePosition\":\"bottom\",\"textAlign\":\"center\",\"size\":\"l\"},\"query\":{\"query\":\"\",\"language\":\"kuery\"},\"filters\":[],\"datasourceStates\":{\"formBased\":{\"layers\":{\"dd4e1981-717a-4e31-a959-c13317ad6f77\":{\"columns\":{\"ff8cf41e-40d1-4bf9-a828-aa521b19ea54\":{\"label\":\"Total Unique Users Hosting Ports\",\"dataType\":\"number\",\"operationType\":\"unique_count\",\"scale\":\"ratio\",\"sourceField\":\"process.user.name\",\"isBucketed\":false,\"params\":{\"emptyAsNull\":false},\"customLabel\":true}},\"columnOrder\":[\"ff8cf41e-40d1-4bf9-a828-aa521b19ea54\"],\"incompleteColumns\":{}}}},\"textBased\":{\"layers\":{}}},\"internalReferences\":[],\"adHocDataViews\":{}}},\"enhancements\":{},\"hidePanelTitles\":true}},{\"version\":\"8.6.2\",\"type\":\"lens\",\"gridData\":{\"x\":8,\"y\":16,\"w\":8,\"h\":8,\"i\":\"9c36f7cb-cd04-43e3-80c7-8ec29e797343\"},\"panelIndex\":\"9c36f7cb-cd04-43e3-80c7-8ec29e797343\",\"embeddableConfig\":{\"attributes\":{\"title\":\"\",\"visualizationType\":\"lnsLegacyMetric\",\"type\":\"lens\",\"references\":[{\"type\":\"index-pattern\",\"id\":\"c6b645d3-dd29-43f2-b831-49e29ffd5b6c\",\"name\":\"indexpattern-datasource-layer-dd4e1981-717a-4e31-a959-c13317ad6f77\"}],\"state\":{\"visualization\":{\"layerId\":\"dd4e1981-717a-4e31-a959-c13317ad6f77\",\"accessor\":\"ff8cf41e-40d1-4bf9-a828-aa521b19ea54\",\"layerType\":\"data\",\"titlePosition\":\"bottom\",\"textAlign\":\"center\",\"size\":\"l\"},\"query\":{\"query\":\"\",\"language\":\"kuery\"},\"filters\":[],\"datasourceStates\":{\"formBased\":{\"layers\":{\"dd4e1981-717a-4e31-a959-c13317ad6f77\":{\"columns\":{\"ff8cf41e-40d1-4bf9-a828-aa521b19ea54\":{\"label\":\"Total Unique Services Hosting Ports\",\"dataType\":\"number\",\"operationType\":\"unique_count\",\"scale\":\"ratio\",\"sourceField\":\"service.name\",\"isBucketed\":false,\"params\":{\"emptyAsNull\":false},\"customLabel\":true}},\"columnOrder\":[\"ff8cf41e-40d1-4bf9-a828-aa521b19ea54\"],\"incompleteColumns\":{}}}},\"textBased\":{\"layers\":{}}},\"internalReferences\":[],\"adHocDataViews\":{}}},\"enhancements\":{},\"hidePanelTitles\":true}},{\"version\":\"8.6.2\",\"type\":\"lens\",\"gridData\":{\"x\":0,\"y\":24,\"w\":16,\"h\":30,\"i\":\"4c945e75-db31-435b-b558-76d8cf5b391c\"},\"panelIndex\":\"4c945e75-db31-435b-b558-76d8cf5b391c\",\"embeddableConfig\":{\"attributes\":{\"title\":\"\",\"visualizationType\":\"lnsDatatable\",\"type\":\"lens\",\"references\":[{\"type\":\"index-pattern\",\"id\":\"8532a0b4-2a02-4dfa-b6aa-aabe01125b61\",\"name\":\"indexpattern-datasource-layer-f5451e54-90d4-4c69-a6a9-c600ac385e14\"}],\"state\":{\"visualization\":{\"layerId\":\"f5451e54-90d4-4c69-a6a9-c600ac385e14\",\"layerType\":\"data\",\"columns\":[{\"columnId\":\"6b3d57ed-b00b-44ac-a81e-d944444689bb\"},{\"columnId\":\"5a004af6-8051-49f8-9cd3-76e2fef40ee1\",\"isTransposed\":false},{\"columnId\":\"92d6eed0-f933-4ac5-bdf6-6c7baf36f8fa\",\"isTransposed\":false,\"alignment\":\"center\"},{\"columnId\":\"304d888e-452b-4c1c-8433-f9bf5ccc9483\",\"isTransposed\":false}]},\"query\":{\"query\":\"\",\"language\":\"kuery\"},\"filters\":[],\"datasourceStates\":{\"formBased\":{\"layers\":{\"f5451e54-90d4-4c69-a6a9-c600ac385e14\":{\"columns\":{\"6b3d57ed-b00b-44ac-a81e-d944444689bb\":{\"label\":\"IP Address\",\"dataType\":\"ip\",\"operationType\":\"terms\",\"scale\":\"ordinal\",\"sourceField\":\"destination.ip\",\"isBucketed\":true,\"params\":{\"size\":100,\"orderBy\":{\"type\":\"column\",\"columnId\":\"92d6eed0-f933-4ac5-bdf6-6c7baf36f8fa\"},\"orderDirection\":\"desc\",\"otherBucket\":true,\"missingBucket\":false,\"parentFormat\":{\"id\":\"terms\"},\"include\":[],\"exclude\":[],\"includeIsRegex\":false,\"excludeIsRegex\":false},\"customLabel\":true},\"5a004af6-8051-49f8-9cd3-76e2fef40ee1\":{\"label\":\"MAC\",\"dataType\":\"string\",\"operationType\":\"terms\",\"scale\":\"ordinal\",\"sourceField\":\"destination.mac\",\"isBucketed\":true,\"params\":{\"size\":5,\"orderBy\":{\"type\":\"column\",\"columnId\":\"92d6eed0-f933-4ac5-bdf6-6c7baf36f8fa\"},\"orderDirection\":\"desc\",\"otherBucket\":true,\"missingBucket\":false,\"parentFormat\":{\"id\":\"terms\"},\"include\":[],\"exclude\":[],\"includeIsRegex\":false,\"excludeIsRegex\":false},\"customLabel\":true},\"92d6eed0-f933-4ac5-bdf6-6c7baf36f8fa\":{\"label\":\"Last Seen\",\"dataType\":\"date\",\"operationType\":\"last_value\",\"isBucketed\":false,\"scale\":\"ratio\",\"sourceField\":\"event.ingested\",\"filter\":{\"query\":\"event.ingested: *\",\"language\":\"kuery\"},\"params\":{\"sortField\":\"@timestamp\"},\"customLabel\":true},\"304d888e-452b-4c1c-8433-f9bf5ccc9483\":{\"label\":\"Hostname\",\"dataType\":\"string\",\"operationType\":\"terms\",\"scale\":\"ordinal\",\"sourceField\":\"destination.hostname\",\"isBucketed\":true,\"params\":{\"size\":3,\"orderBy\":{\"type\":\"column\",\"columnId\":\"92d6eed0-f933-4ac5-bdf6-6c7baf36f8fa\"},\"orderDirection\":\"desc\",\"otherBucket\":true,\"missingBucket\":false,\"parentFormat\":{\"id\":\"terms\"},\"include\":[],\"exclude\":[],\"includeIsRegex\":false,\"excludeIsRegex\":false},\"customLabel\":true}},\"columnOrder\":[\"6b3d57ed-b00b-44ac-a81e-d944444689bb\",\"5a004af6-8051-49f8-9cd3-76e2fef40ee1\",\"304d888e-452b-4c1c-8433-f9bf5ccc9483\",\"92d6eed0-f933-4ac5-bdf6-6c7baf36f8fa\"],\"incompleteColumns\":{},\"sampling\":1}}},\"textBased\":{\"layers\":{}}},\"internalReferences\":[],\"adHocDataViews\":{}}},\"hidePanelTitles\":false,\"enhancements\":{}},\"title\":\"Arp History\"}]",
        "refreshInterval": {
            "pause": true,
            "value": 0
        },
        "timeFrom": "now-24h/h",
        "timeRestore": true,
        "timeTo": "now",
        "title": "[TYCHON] Endpoint Browser - Services and Ports",
        "version": 1
    },
    "coreMigrationVersion": "8.6.2",
    "created_at": "2023-08-23T20:49:39.888Z",
    "id": "tychon-0c036be0-3de5-11ee-9610-15dee918f31a-exposedservice",
    "migrationVersion": {
        "dashboard": "8.6.0"
    },
    "references": [
        {
            "id": "tychon-ee4b44b0-40e6-11ee-8111-21f5f34f6dfc",
            "name": "7ce4caed-f1dc-4d52-934f-bf01a1c79c50:panel_7ce4caed-f1dc-4d52-934f-bf01a1c79c50",
            "type": "visualization"
        },
        {
            "id": "c6b645d3-dd29-43f2-b831-49e29ffd5b6c",
            "name": "90112a9f-2161-4263-bc42-8af46aeb05e4:indexpattern-datasource-layer-9a26db3f-b1d3-4fb3-8b88-91eec3c3bac6",
            "type": "index-pattern"
        },
        {
            "id": "c6b645d3-dd29-43f2-b831-49e29ffd5b6c",
            "name": "d43241be-bffb-4076-9153-27424a7c9154:indexpattern-datasource-layer-dd4e1981-717a-4e31-a959-c13317ad6f77",
            "type": "index-pattern"
        },
        {
            "id": "c6b645d3-dd29-43f2-b831-49e29ffd5b6c",
            "name": "39d605bd-cd52-4e81-90fc-15dde8a50450:indexpattern-datasource-layer-4bcc97dc-80c1-4c57-9a0c-aacd0a6a6be1",
            "type": "index-pattern"
        },
        {
            "id": "c6b645d3-dd29-43f2-b831-49e29ffd5b6c",
            "name": "fd1293f8-ebe9-460f-81ab-a4ada0b42050:indexpattern-datasource-layer-dd4e1981-717a-4e31-a959-c13317ad6f77",
            "type": "index-pattern"
        },
        {
            "id": "c6b645d3-dd29-43f2-b831-49e29ffd5b6c",
            "name": "9c36f7cb-cd04-43e3-80c7-8ec29e797343:indexpattern-datasource-layer-dd4e1981-717a-4e31-a959-c13317ad6f77",
            "type": "index-pattern"
        },
        {
            "id": "8532a0b4-2a02-4dfa-b6aa-aabe01125b61",
            "name": "4c945e75-db31-435b-b558-76d8cf5b391c:indexpattern-datasource-layer-f5451e54-90d4-4c69-a6a9-c600ac385e14",
            "type": "index-pattern"
        },
        {
            "id": "bb5226cd-c099-46d2-bb71-0257232c7d82",
            "name": "controlGroup_b1548c53-ca3d-47b3-bc05-664ddc1e045a:optionsListDataView",
            "type": "index-pattern"
        },
        {
            "id": "c957d710-3d4c-11ee-9610-15dee918f31a",
            "name": "tag-ref-c957d710-3d4c-11ee-9610-15dee918f31a",
            "type": "tag"
        },
        {
            "id": "a3922360-3de6-11ee-9610-15dee918f31a",
            "name": "tag-ref-a3922360-3de6-11ee-9610-15dee918f31a",
            "type": "tag"
        },
        {
            "id": "026431f0-3de5-11ee-9610-15dee918f31a",
            "name": "tag-ref-026431f0-3de5-11ee-9610-15dee918f31a",
            "type": "tag"
        },
        {
            "id": "e2bb7d40-3de4-11ee-9610-15dee918f31a",
            "name": "tag-ref-e2bb7d40-3de4-11ee-9610-15dee918f31a",
            "type": "tag"
        },
        {
            "id": "10af3800-10f3-11ee-af86-538da1394f27",
            "name": "tag-ref-10af3800-10f3-11ee-af86-538da1394f27",
            "type": "tag"
        },
        {
            "id": "e18d6100-3c85-11ee-9610-15dee918f31a",
            "name": "tag-ref-e18d6100-3c85-11ee-9610-15dee918f31a",
            "type": "tag"
        }
    ],
    "type": "dashboard",
    "updated_at": "2023-08-23T20:49:39.888Z",
    "version": "WzgyMTMzMiwyMl0="
}