{
    "attributes": {
        "description": "TYCHON Collects information about all the hardware attached to a device and centrally reports them for device identification and alerting.",
        "kibanaSavedObjectMeta": {
            "searchSourceJSON": "{\"query\":{\"query\":\"\",\"language\":\"kuery\"},\"filter\":[]}"
        },
        "optionsJSON": "{\"useMargins\":true,\"syncColors\":false,\"syncCursor\":true,\"syncTooltips\":false,\"hidePanelTitles\":false}",
        "panelsJSON": "[{\"version\":\"8.6.2\",\"type\":\"visualization\",\"gridData\":{\"x\":0,\"y\":0,\"w\":7,\"h\":9,\"i\":\"17c7be63-f9af-43b2-b072-46419958ea46\"},\"panelIndex\":\"17c7be63-f9af-43b2-b072-46419958ea46\",\"embeddableConfig\":{\"savedVis\":{\"id\":\"\",\"title\":\"\",\"description\":\"\",\"type\":\"markdown\",\"params\":{\"fontSize\":12,\"openLinksInNewTab\":false,\"markdown\":\"### Hardware\\nTYCHON collects information about all the hardware attached to a device, this is a running configuration which means devices will update on each execution of its check.\"},\"uiState\":{},\"data\":{\"aggs\":[],\"searchSource\":{\"query\":{\"query\":\"\",\"language\":\"kuery\"},\"filter\":[]}}},\"hidePanelTitles\":true,\"enhancements\":{}}},{\"version\":\"8.6.2\",\"type\":\"lens\",\"gridData\":{\"x\":7,\"y\":0,\"w\":6,\"h\":9,\"i\":\"7ba08a47-401e-4d22-a992-9c49fc569971\"},\"panelIndex\":\"7ba08a47-401e-4d22-a992-9c49fc569971\",\"embeddableConfig\":{\"attributes\":{\"title\":\"\",\"visualizationType\":\"lnsLegacyMetric\",\"type\":\"lens\",\"references\":[{\"type\":\"index-pattern\",\"id\":\"a57870ef-07d8-4d12-a067-8c66eefd10ca\",\"name\":\"indexpattern-datasource-layer-a1cda907-11f0-4670-aa5e-e3e30f1d24e9\"}],\"state\":{\"visualization\":{\"layerId\":\"a1cda907-11f0-4670-aa5e-e3e30f1d24e9\",\"accessor\":\"fc348028-9e09-4cd5-940b-ef83d2359eed\",\"layerType\":\"data\",\"size\":\"xl\",\"textAlign\":\"center\",\"titlePosition\":\"bottom\"},\"query\":{\"query\":\"\",\"language\":\"kuery\"},\"filters\":[],\"datasourceStates\":{\"formBased\":{\"layers\":{\"a1cda907-11f0-4670-aa5e-e3e30f1d24e9\":{\"columns\":{\"fc348028-9e09-4cd5-940b-ef83d2359eed\":{\"label\":\"Total Number of Devices\",\"dataType\":\"number\",\"operationType\":\"count\",\"isBucketed\":false,\"scale\":\"ratio\",\"sourceField\":\"___records___\",\"params\":{\"emptyAsNull\":true},\"customLabel\":true}},\"columnOrder\":[\"fc348028-9e09-4cd5-940b-ef83d2359eed\"],\"sampling\":1}}},\"textBased\":{\"layers\":{}}},\"internalReferences\":[],\"adHocDataViews\":{}}},\"hidePanelTitles\":true,\"enhancements\":{}}},{\"version\":\"8.6.2\",\"type\":\"lens\",\"gridData\":{\"x\":13,\"y\":0,\"w\":5,\"h\":9,\"i\":\"2e2bf3e3-dff8-43f1-a238-14c583057748\"},\"panelIndex\":\"2e2bf3e3-dff8-43f1-a238-14c583057748\",\"embeddableConfig\":{\"attributes\":{\"title\":\"\",\"visualizationType\":\"lnsMetric\",\"type\":\"lens\",\"references\":[{\"type\":\"index-pattern\",\"id\":\"a57870ef-07d8-4d12-a067-8c66eefd10ca\",\"name\":\"indexpattern-datasource-layer-180f9fce-b975-42dc-b910-16129cc7ce18\"}],\"state\":{\"visualization\":{\"layerId\":\"180f9fce-b975-42dc-b910-16129cc7ce18\",\"layerType\":\"data\",\"metricAccessor\":\"11470769-8f79-4e86-82ee-4ca06d1d68b9\",\"maxAccessor\":\"a1bf5eb6-4030-44c9-9be1-f817716c0c81\",\"showBar\":true},\"query\":{\"query\":\"\",\"language\":\"kuery\"},\"filters\":[],\"datasourceStates\":{\"formBased\":{\"layers\":{\"180f9fce-b975-42dc-b910-16129cc7ce18\":{\"columns\":{\"11470769-8f79-4e86-82ee-4ca06d1d68b9\":{\"label\":\"Total Missing\",\"dataType\":\"number\",\"operationType\":\"count\",\"isBucketed\":false,\"scale\":\"ratio\",\"sourceField\":\"___records___\",\"filter\":{\"query\":\"device.present : false \",\"language\":\"kuery\"},\"params\":{\"emptyAsNull\":false},\"customLabel\":true},\"a1bf5eb6-4030-44c9-9be1-f817716c0c81\":{\"label\":\"Total Devices\",\"dataType\":\"number\",\"operationType\":\"count\",\"isBucketed\":false,\"scale\":\"ratio\",\"sourceField\":\"___records___\",\"params\":{\"emptyAsNull\":true},\"customLabel\":true}},\"columnOrder\":[\"11470769-8f79-4e86-82ee-4ca06d1d68b9\",\"a1bf5eb6-4030-44c9-9be1-f817716c0c81\"],\"incompleteColumns\":{},\"sampling\":1}}},\"textBased\":{\"layers\":{}}},\"internalReferences\":[],\"adHocDataViews\":{}}},\"hidePanelTitles\":true,\"enhancements\":{}}},{\"version\":\"8.6.2\",\"type\":\"lens\",\"gridData\":{\"x\":18,\"y\":0,\"w\":30,\"h\":9,\"i\":\"c113e347-dd42-4bc1-9aef-335a839532a6\"},\"panelIndex\":\"c113e347-dd42-4bc1-9aef-335a839532a6\",\"embeddableConfig\":{\"attributes\":{\"title\":\"\",\"visualizationType\":\"lnsXY\",\"type\":\"lens\",\"references\":[{\"type\":\"index-pattern\",\"id\":\"df491fbb-3f09-4ab0-995a-c2c549a9bc21\",\"name\":\"indexpattern-datasource-layer-98992589-ad15-4ced-9b63-1024a02e5ffc\"}],\"state\":{\"visualization\":{\"title\":\"Empty XY chart\",\"legend\":{\"isVisible\":true,\"position\":\"right\"},\"valueLabels\":\"hide\",\"preferredSeriesType\":\"area\",\"layers\":[{\"layerId\":\"98992589-ad15-4ced-9b63-1024a02e5ffc\",\"accessors\":[\"65039f2f-1a79-47a9-8bce-bc7973880d19\"],\"position\":\"top\",\"seriesType\":\"area\",\"showGridlines\":false,\"layerType\":\"data\",\"xAccessor\":\"6cf9b997-b221-4440-b5eb-2e5ca62085c6\",\"yConfig\":[{\"forAccessor\":\"65039f2f-1a79-47a9-8bce-bc7973880d19\",\"color\":\"#6092c0\"}]}]},\"query\":{\"query\":\"\",\"language\":\"kuery\"},\"filters\":[],\"datasourceStates\":{\"formBased\":{\"layers\":{\"98992589-ad15-4ced-9b63-1024a02e5ffc\":{\"columns\":{\"6cf9b997-b221-4440-b5eb-2e5ca62085c6\":{\"label\":\"@timestamp\",\"dataType\":\"date\",\"operationType\":\"date_histogram\",\"sourceField\":\"@timestamp\",\"isBucketed\":true,\"scale\":\"interval\",\"params\":{\"interval\":\"auto\",\"includeEmptyRows\":true,\"dropPartials\":false}},\"65039f2f-1a79-47a9-8bce-bc7973880d19\":{\"label\":\"Completed\",\"dataType\":\"number\",\"operationType\":\"count\",\"isBucketed\":false,\"scale\":\"ratio\",\"sourceField\":\"___records___\",\"filter\":{\"query\":\"event.provider : \\\"TYCHON\\\" and event.code: 8572 \",\"language\":\"kuery\"},\"params\":{\"emptyAsNull\":true},\"customLabel\":true}},\"columnOrder\":[\"6cf9b997-b221-4440-b5eb-2e5ca62085c6\",\"65039f2f-1a79-47a9-8bce-bc7973880d19\"],\"sampling\":1,\"incompleteColumns\":{}}}},\"textBased\":{\"layers\":{}}},\"internalReferences\":[],\"adHocDataViews\":{}}},\"hidePanelTitles\":false,\"enhancements\":{}},\"title\":\"Hardware Check Runs\"},{\"version\":\"8.6.2\",\"type\":\"lens\",\"gridData\":{\"x\":0,\"y\":9,\"w\":9,\"h\":32,\"i\":\"dddc033e-26c8-4d25-8eaf-7a71e4ede5d1\"},\"panelIndex\":\"dddc033e-26c8-4d25-8eaf-7a71e4ede5d1\",\"embeddableConfig\":{\"attributes\":{\"title\":\"\",\"visualizationType\":\"lnsDatatable\",\"type\":\"lens\",\"references\":[{\"type\":\"index-pattern\",\"id\":\"a57870ef-07d8-4d12-a067-8c66eefd10ca\",\"name\":\"indexpattern-datasource-layer-de0ffd5a-a84b-408a-8918-277dff49c8b3\"}],\"state\":{\"visualization\":{\"columns\":[{\"isTransposed\":false,\"columnId\":\"365f3728-0ff7-4aa1-b698-5c0f73e18885\"},{\"isTransposed\":false,\"columnId\":\"a2dd15c9-029c-45c5-9ffc-2128d8339b73\"}],\"layerId\":\"de0ffd5a-a84b-408a-8918-277dff49c8b3\",\"layerType\":\"data\"},\"query\":{\"query\":\"\",\"language\":\"kuery\"},\"filters\":[],\"datasourceStates\":{\"formBased\":{\"layers\":{\"de0ffd5a-a84b-408a-8918-277dff49c8b3\":{\"columns\":{\"365f3728-0ff7-4aa1-b698-5c0f73e18885\":{\"label\":\"Class Name\",\"dataType\":\"string\",\"operationType\":\"terms\",\"scale\":\"ordinal\",\"sourceField\":\"device.class\",\"isBucketed\":true,\"params\":{\"size\":100,\"orderBy\":{\"type\":\"column\",\"columnId\":\"a2dd15c9-029c-45c5-9ffc-2128d8339b73\"},\"orderDirection\":\"desc\",\"otherBucket\":true,\"missingBucket\":false,\"parentFormat\":{\"id\":\"terms\"},\"include\":[],\"exclude\":[],\"includeIsRegex\":false,\"excludeIsRegex\":false},\"customLabel\":true},\"a2dd15c9-029c-45c5-9ffc-2128d8339b73\":{\"label\":\"Count of records\",\"dataType\":\"number\",\"operationType\":\"count\",\"isBucketed\":false,\"scale\":\"ratio\",\"sourceField\":\"___records___\",\"params\":{\"emptyAsNull\":true}}},\"columnOrder\":[\"365f3728-0ff7-4aa1-b698-5c0f73e18885\",\"a2dd15c9-029c-45c5-9ffc-2128d8339b73\"],\"incompleteColumns\":{},\"sampling\":1}}},\"textBased\":{\"layers\":{}}},\"internalReferences\":[],\"adHocDataViews\":{}}},\"hidePanelTitles\":false,\"enhancements\":{}},\"title\":\"Device Class\"},{\"version\":\"8.6.2\",\"type\":\"lens\",\"gridData\":{\"x\":9,\"y\":9,\"w\":17,\"h\":32,\"i\":\"c8b42e5a-83d8-4825-a492-da98c13a1a08\"},\"panelIndex\":\"c8b42e5a-83d8-4825-a492-da98c13a1a08\",\"embeddableConfig\":{\"attributes\":{\"title\":\"\",\"visualizationType\":\"lnsDatatable\",\"type\":\"lens\",\"references\":[{\"type\":\"index-pattern\",\"id\":\"a57870ef-07d8-4d12-a067-8c66eefd10ca\",\"name\":\"indexpattern-datasource-layer-34a2436c-07dc-498a-be40-8cb262419c05\"}],\"state\":{\"visualization\":{\"columns\":[{\"isTransposed\":false,\"columnId\":\"a95f71cb-2e47-4697-bf7e-85ad057c2d40\"},{\"isTransposed\":false,\"columnId\":\"81d20c1a-4966-49ba-b8f7-8bd498efe960\"}],\"layerId\":\"34a2436c-07dc-498a-be40-8cb262419c05\",\"layerType\":\"data\"},\"query\":{\"query\":\"\",\"language\":\"kuery\"},\"filters\":[],\"datasourceStates\":{\"formBased\":{\"layers\":{\"34a2436c-07dc-498a-be40-8cb262419c05\":{\"columns\":{\"a95f71cb-2e47-4697-bf7e-85ad057c2d40\":{\"label\":\"Device Name\",\"dataType\":\"string\",\"operationType\":\"terms\",\"scale\":\"ordinal\",\"sourceField\":\"device.name\",\"isBucketed\":true,\"params\":{\"size\":150,\"orderBy\":{\"type\":\"column\",\"columnId\":\"81d20c1a-4966-49ba-b8f7-8bd498efe960\"},\"orderDirection\":\"desc\",\"otherBucket\":true,\"missingBucket\":true,\"parentFormat\":{\"id\":\"terms\"},\"include\":[],\"exclude\":[],\"includeIsRegex\":false,\"excludeIsRegex\":false},\"customLabel\":true},\"81d20c1a-4966-49ba-b8f7-8bd498efe960\":{\"label\":\"Count of records\",\"dataType\":\"number\",\"operationType\":\"count\",\"isBucketed\":false,\"scale\":\"ratio\",\"sourceField\":\"___records___\",\"params\":{\"emptyAsNull\":true}}},\"columnOrder\":[\"a95f71cb-2e47-4697-bf7e-85ad057c2d40\",\"81d20c1a-4966-49ba-b8f7-8bd498efe960\"],\"incompleteColumns\":{},\"sampling\":1}}},\"textBased\":{\"layers\":{}}},\"internalReferences\":[],\"adHocDataViews\":{}}},\"hidePanelTitles\":false,\"enhancements\":{}},\"title\":\"Device List\"},{\"version\":\"8.6.2\",\"type\":\"lens\",\"gridData\":{\"x\":26,\"y\":9,\"w\":22,\"h\":32,\"i\":\"4ac216eb-8bcc-494f-9b81-a9fe59ae81ab\"},\"panelIndex\":\"4ac216eb-8bcc-494f-9b81-a9fe59ae81ab\",\"embeddableConfig\":{\"attributes\":{\"title\":\"\",\"visualizationType\":\"lnsDatatable\",\"type\":\"lens\",\"references\":[{\"type\":\"index-pattern\",\"id\":\"a57870ef-07d8-4d12-a067-8c66eefd10ca\",\"name\":\"indexpattern-datasource-layer-ac03e011-a4b2-4b4d-aa4a-cd03927d0caa\"}],\"state\":{\"visualization\":{\"layerId\":\"ac03e011-a4b2-4b4d-aa4a-cd03927d0caa\",\"layerType\":\"data\",\"columns\":[{\"isTransposed\":false,\"columnId\":\"620db13d-b1cc-43ca-9c44-3ebce5134c4b\"},{\"columnId\":\"4ef80e17-b12d-4590-b3d6-ea41e57bb312\"},{\"columnId\":\"598c6951-5020-415f-a8a8-db6f45a2b048\",\"isTransposed\":false,\"oneClickFilter\":true},{\"columnId\":\"28411865-706a-414c-b332-07d027efcd8d\",\"isTransposed\":false}]},\"query\":{\"query\":\"\",\"language\":\"kuery\"},\"filters\":[],\"datasourceStates\":{\"formBased\":{\"layers\":{\"ac03e011-a4b2-4b4d-aa4a-cd03927d0caa\":{\"columns\":{\"620db13d-b1cc-43ca-9c44-3ebce5134c4b\":{\"label\":\"IP\",\"dataType\":\"ip\",\"operationType\":\"terms\",\"scale\":\"ordinal\",\"sourceField\":\"host.ip\",\"isBucketed\":true,\"params\":{\"size\":1,\"orderBy\":{\"type\":\"alphabetical\",\"fallback\":false},\"orderDirection\":\"asc\",\"otherBucket\":true,\"missingBucket\":false,\"parentFormat\":{\"id\":\"terms\"},\"include\":[],\"exclude\":[],\"includeIsRegex\":false,\"excludeIsRegex\":false},\"customLabel\":true},\"4ef80e17-b12d-4590-b3d6-ea41e57bb312\":{\"label\":\"Count of records\",\"dataType\":\"number\",\"operationType\":\"count\",\"isBucketed\":false,\"scale\":\"ratio\",\"sourceField\":\"___records___\",\"params\":{\"emptyAsNull\":true}},\"598c6951-5020-415f-a8a8-db6f45a2b048\":{\"label\":\"Hostname\",\"dataType\":\"string\",\"operationType\":\"terms\",\"scale\":\"ordinal\",\"sourceField\":\"host.name\",\"isBucketed\":true,\"params\":{\"size\":100,\"orderBy\":{\"type\":\"column\",\"columnId\":\"4ef80e17-b12d-4590-b3d6-ea41e57bb312\"},\"orderDirection\":\"desc\",\"otherBucket\":true,\"missingBucket\":false,\"parentFormat\":{\"id\":\"terms\"},\"include\":[],\"exclude\":[],\"includeIsRegex\":false,\"excludeIsRegex\":false},\"customLabel\":true},\"28411865-706a-414c-b332-07d027efcd8d\":{\"label\":\"Domain\",\"dataType\":\"string\",\"operationType\":\"terms\",\"scale\":\"ordinal\",\"sourceField\":\"host.domain\",\"isBucketed\":true,\"params\":{\"size\":3,\"orderBy\":{\"type\":\"column\",\"columnId\":\"4ef80e17-b12d-4590-b3d6-ea41e57bb312\"},\"orderDirection\":\"desc\",\"otherBucket\":true,\"missingBucket\":true,\"parentFormat\":{\"id\":\"terms\"},\"include\":[],\"exclude\":[],\"includeIsRegex\":false,\"excludeIsRegex\":false},\"customLabel\":true}},\"columnOrder\":[\"598c6951-5020-415f-a8a8-db6f45a2b048\",\"620db13d-b1cc-43ca-9c44-3ebce5134c4b\",\"28411865-706a-414c-b332-07d027efcd8d\",\"4ef80e17-b12d-4590-b3d6-ea41e57bb312\"],\"incompleteColumns\":{},\"sampling\":1}}},\"textBased\":{\"layers\":{}}},\"internalReferences\":[],\"adHocDataViews\":{}}},\"hidePanelTitles\":false,\"enhancements\":{\"dynamicActions\":{\"events\":[{\"eventId\":\"90abb6a6-a494-4eb6-a02d-c2a1e8ee11a8\",\"triggers\":[\"FILTER_TRIGGER\"],\"action\":{\"factoryId\":\"DASHBOARD_TO_DASHBOARD_DRILLDOWN\",\"name\":\"Hardware Info in Endpoint Browser\",\"config\":{\"useCurrentFilters\":true,\"useCurrentDateRange\":true,\"openInNewTab\":false}}}]}}},\"title\":\"Top 100 Hosts\"},{\"version\":\"8.6.2\",\"type\":\"lens\",\"gridData\":{\"x\":0,\"y\":41,\"w\":26,\"h\":26,\"i\":\"0d51f28d-c2bd-4b50-ab4f-ffb355da70e6\"},\"panelIndex\":\"0d51f28d-c2bd-4b50-ab4f-ffb355da70e6\",\"embeddableConfig\":{\"attributes\":{\"title\":\"\",\"visualizationType\":\"lnsPie\",\"type\":\"lens\",\"references\":[{\"type\":\"index-pattern\",\"id\":\"a57870ef-07d8-4d12-a067-8c66eefd10ca\",\"name\":\"indexpattern-datasource-layer-81933fcc-92fd-4aff-a302-cb7b541a46d7\"}],\"state\":{\"visualization\":{\"shape\":\"donut\",\"layers\":[{\"layerId\":\"81933fcc-92fd-4aff-a302-cb7b541a46d7\",\"primaryGroups\":[\"f827526d-46e8-4209-8473-083bd58d1690\"],\"metrics\":[\"a8290c50-0d81-465f-b289-1d4f0b891052\"],\"numberDisplay\":\"percent\",\"categoryDisplay\":\"default\",\"legendDisplay\":\"show\",\"nestedLegend\":false,\"layerType\":\"data\",\"legendPosition\":\"top\",\"legendMaxLines\":2}]},\"query\":{\"query\":\"\",\"language\":\"kuery\"},\"filters\":[],\"datasourceStates\":{\"formBased\":{\"layers\":{\"81933fcc-92fd-4aff-a302-cb7b541a46d7\":{\"columns\":{\"f827526d-46e8-4209-8473-083bd58d1690\":{\"label\":\"Top 10 values of device.manufacturer\",\"dataType\":\"string\",\"operationType\":\"terms\",\"scale\":\"ordinal\",\"sourceField\":\"device.manufacturer\",\"isBucketed\":true,\"params\":{\"size\":10,\"orderBy\":{\"type\":\"column\",\"columnId\":\"a8290c50-0d81-465f-b289-1d4f0b891052\"},\"orderDirection\":\"desc\",\"otherBucket\":true,\"missingBucket\":true,\"parentFormat\":{\"id\":\"terms\"},\"include\":[],\"exclude\":[],\"includeIsRegex\":false,\"excludeIsRegex\":false}},\"a8290c50-0d81-465f-b289-1d4f0b891052\":{\"label\":\"Count of records\",\"dataType\":\"number\",\"operationType\":\"count\",\"isBucketed\":false,\"scale\":\"ratio\",\"sourceField\":\"___records___\",\"params\":{\"emptyAsNull\":true}}},\"columnOrder\":[\"f827526d-46e8-4209-8473-083bd58d1690\",\"a8290c50-0d81-465f-b289-1d4f0b891052\"],\"sampling\":1,\"incompleteColumns\":{}}}},\"textBased\":{\"layers\":{}}},\"internalReferences\":[],\"adHocDataViews\":{}}},\"enhancements\":{}}},{\"version\":\"8.6.2\",\"type\":\"lens\",\"gridData\":{\"x\":26,\"y\":41,\"w\":22,\"h\":26,\"i\":\"3c97fa95-19e7-468c-8f1e-b0c7792b4efd\"},\"panelIndex\":\"3c97fa95-19e7-468c-8f1e-b0c7792b4efd\",\"embeddableConfig\":{\"attributes\":{\"title\":\"\",\"visualizationType\":\"lnsXY\",\"type\":\"lens\",\"references\":[{\"type\":\"index-pattern\",\"id\":\"a57870ef-07d8-4d12-a067-8c66eefd10ca\",\"name\":\"indexpattern-datasource-layer-b2e94ae9-2e1f-4a2f-b746-c80ae4d5f2d1\"}],\"state\":{\"visualization\":{\"legend\":{\"isVisible\":true,\"position\":\"right\"},\"valueLabels\":\"hide\",\"fittingFunction\":\"None\",\"axisTitlesVisibilitySettings\":{\"x\":true,\"yLeft\":true,\"yRight\":true},\"tickLabelsVisibilitySettings\":{\"x\":true,\"yLeft\":true,\"yRight\":true},\"labelsOrientation\":{\"x\":0,\"yLeft\":0,\"yRight\":0},\"gridlinesVisibilitySettings\":{\"x\":true,\"yLeft\":true,\"yRight\":true},\"preferredSeriesType\":\"bar_horizontal\",\"layers\":[{\"layerId\":\"b2e94ae9-2e1f-4a2f-b746-c80ae4d5f2d1\",\"accessors\":[\"e4ac8fc3-809c-4fd0-aa94-e68a0a59a4a2\"],\"position\":\"top\",\"seriesType\":\"bar_horizontal\",\"showGridlines\":false,\"layerType\":\"data\",\"xAccessor\":\"9385acc2-ff0d-4789-98d1-8da9ca6e54d9\",\"yConfig\":[{\"forAccessor\":\"e4ac8fc3-809c-4fd0-aa94-e68a0a59a4a2\",\"color\":\"#6092c0\"}]}]},\"query\":{\"query\":\"\",\"language\":\"kuery\"},\"filters\":[],\"datasourceStates\":{\"formBased\":{\"layers\":{\"b2e94ae9-2e1f-4a2f-b746-c80ae4d5f2d1\":{\"columns\":{\"9385acc2-ff0d-4789-98d1-8da9ca6e54d9\":{\"label\":\"Operating System\",\"dataType\":\"string\",\"operationType\":\"terms\",\"scale\":\"ordinal\",\"sourceField\":\"host.os.name\",\"isBucketed\":true,\"params\":{\"size\":10,\"orderBy\":{\"type\":\"column\",\"columnId\":\"e4ac8fc3-809c-4fd0-aa94-e68a0a59a4a2\"},\"orderDirection\":\"desc\",\"otherBucket\":true,\"missingBucket\":false,\"parentFormat\":{\"id\":\"terms\"},\"include\":[],\"exclude\":[],\"includeIsRegex\":false,\"excludeIsRegex\":false},\"customLabel\":true},\"e4ac8fc3-809c-4fd0-aa94-e68a0a59a4a2\":{\"label\":\"Total Endpoints\",\"dataType\":\"number\",\"operationType\":\"unique_count\",\"scale\":\"ratio\",\"sourceField\":\"tychon.id\",\"isBucketed\":false,\"params\":{\"emptyAsNull\":true},\"customLabel\":true}},\"columnOrder\":[\"9385acc2-ff0d-4789-98d1-8da9ca6e54d9\",\"e4ac8fc3-809c-4fd0-aa94-e68a0a59a4a2\"],\"incompleteColumns\":{},\"sampling\":1}}},\"textBased\":{\"layers\":{}}},\"internalReferences\":[],\"adHocDataViews\":{}}},\"enhancements\":{}}}]",
        "refreshInterval": {
            "pause": true,
            "value": 0
        },
        "timeFrom": "now-30d/d",
        "timeRestore": true,
        "timeTo": "now",
        "title": "[TYCHON] Hardware Inventory",
        "version": 1
    },
    "coreMigrationVersion": "8.6.2",
    "created_at": "2023-08-28T11:39:42.189Z",
    "id": "tychon-19325010-4597-11ee-83e4-c92ed141b9e5-hardware",
    "migrationVersion": {
        "dashboard": "8.6.0"
    },
    "references": [
        {
            "id": "a57870ef-07d8-4d12-a067-8c66eefd10ca",
            "name": "7ba08a47-401e-4d22-a992-9c49fc569971:indexpattern-datasource-layer-a1cda907-11f0-4670-aa5e-e3e30f1d24e9",
            "type": "index-pattern"
        },
        {
            "id": "a57870ef-07d8-4d12-a067-8c66eefd10ca",
            "name": "2e2bf3e3-dff8-43f1-a238-14c583057748:indexpattern-datasource-layer-180f9fce-b975-42dc-b910-16129cc7ce18",
            "type": "index-pattern"
        },
        {
            "id": "df491fbb-3f09-4ab0-995a-c2c549a9bc21",
            "name": "c113e347-dd42-4bc1-9aef-335a839532a6:indexpattern-datasource-layer-98992589-ad15-4ced-9b63-1024a02e5ffc",
            "type": "index-pattern"
        },
        {
            "id": "a57870ef-07d8-4d12-a067-8c66eefd10ca",
            "name": "dddc033e-26c8-4d25-8eaf-7a71e4ede5d1:indexpattern-datasource-layer-de0ffd5a-a84b-408a-8918-277dff49c8b3",
            "type": "index-pattern"
        },
        {
            "id": "a57870ef-07d8-4d12-a067-8c66eefd10ca",
            "name": "c8b42e5a-83d8-4825-a492-da98c13a1a08:indexpattern-datasource-layer-34a2436c-07dc-498a-be40-8cb262419c05",
            "type": "index-pattern"
        },
        {
            "id": "a57870ef-07d8-4d12-a067-8c66eefd10ca",
            "name": "4ac216eb-8bcc-494f-9b81-a9fe59ae81ab:indexpattern-datasource-layer-ac03e011-a4b2-4b4d-aa4a-cd03927d0caa",
            "type": "index-pattern"
        },
        {
            "id": "tychon-993e07a0-3e02-11ee-9610-15dee918f31a-hardware",
            "name": "4ac216eb-8bcc-494f-9b81-a9fe59ae81ab:drilldown:DASHBOARD_TO_DASHBOARD_DRILLDOWN:90abb6a6-a494-4eb6-a02d-c2a1e8ee11a8:dashboardId",
            "type": "dashboard"
        },
        {
            "id": "a57870ef-07d8-4d12-a067-8c66eefd10ca",
            "name": "0d51f28d-c2bd-4b50-ab4f-ffb355da70e6:indexpattern-datasource-layer-81933fcc-92fd-4aff-a302-cb7b541a46d7",
            "type": "index-pattern"
        },
        {
            "id": "a57870ef-07d8-4d12-a067-8c66eefd10ca",
            "name": "3c97fa95-19e7-468c-8f1e-b0c7792b4efd:indexpattern-datasource-layer-b2e94ae9-2e1f-4a2f-b746-c80ae4d5f2d1",
            "type": "index-pattern"
        },
        {
            "id": "tychon-5a3ae0c0-3dbf-11ee-9610-15dee918f31a",
            "name": "tag-ref-tychon-5a3ae0c0-3dbf-11ee-9610-15dee918f31a",
            "type": "tag"
        },
        {
            "id": "tychon-7b7ab4c0-3e02-11ee-9610-15dee918f31a",
            "name": "tag-ref-tychon-7b7ab4c0-3e02-11ee-9610-15dee918f31a",
            "type": "tag"
        },
        {
            "id": "tychon-e18d6100-3c85-11ee-9610-15dee918f31a",
            "name": "tag-ref-tychon-e18d6100-3c85-11ee-9610-15dee918f31a",
            "type": "tag"
        },
        {
            "id": "tychon-10af3800-10f3-11ee-af86-538da1394f27",
            "name": "tag-ref-tychon-10af3800-10f3-11ee-af86-538da1394f27",
            "type": "tag"
        }
    ],
    "type": "dashboard",
    "updated_at": "2023-08-28T11:39:42.189Z",
    "version": "Wzg5NjcxNywyMl0="
}