{
    "attributes": {
        "controlGroupInput": {
            "chainingSystem": "HIERARCHICAL",
            "controlStyle": "oneLine",
            "ignoreParentSettingsJSON": "{\"ignoreFilters\":false,\"ignoreQuery\":false,\"ignoreTimerange\":false,\"ignoreValidations\":false}",
            "panelsJSON": "{\"2b9581fc-f55b-46f5-bf71-0cbfba5cc9ae\":{\"order\":0,\"width\":\"medium\",\"grow\":true,\"type\":\"optionsListControl\",\"explicitInput\":{\"fieldName\":\"host.hostname\",\"title\":\"Hostname\",\"singleSelect\":true,\"hideExclude\":true,\"hideExists\":true,\"id\":\"2b9581fc-f55b-46f5-bf71-0cbfba5cc9ae\",\"enhancements\":{},\"selectedOptions\":[]}}}"
        },
        "description": "The \"TYCHON Endpoint Browser\" dashboard provides host visualization data for a single endpoint at a time. The dashboard is a set of several individual views broken down by tabs near the top of the screen. The TYCHON Endpoint Browser – Hardware Inventory view displays all hardware currently or previously attached to a computer.",
        "kibanaSavedObjectMeta": {
            "searchSourceJSON": "{\"query\":{\"query\":\"\",\"language\":\"kuery\"},\"filter\":[]}"
        },
        "optionsJSON": "{\"useMargins\":true,\"syncColors\":false,\"syncCursor\":true,\"syncTooltips\":false,\"hidePanelTitles\":false}",
        "panelsJSON": "[{\"version\":\"8.6.2\",\"type\":\"visualization\",\"gridData\":{\"x\":0,\"y\":0,\"w\":48,\"h\":3,\"i\":\"ae9194f3-7df8-415d-870c-3480f12e4971\"},\"panelIndex\":\"ae9194f3-7df8-415d-870c-3480f12e4971\",\"embeddableConfig\":{\"hidePanelTitles\":true,\"enhancements\":{}},\"panelRefName\":\"panel_ae9194f3-7df8-415d-870c-3480f12e4971\"},{\"version\":\"8.6.2\",\"type\":\"lens\",\"gridData\":{\"x\":28,\"y\":3,\"w\":20,\"h\":14,\"i\":\"f065275d-50bf-4f95-a7a8-90d7bbaafacb\"},\"panelIndex\":\"f065275d-50bf-4f95-a7a8-90d7bbaafacb\",\"embeddableConfig\":{\"attributes\":{\"title\":\"\",\"visualizationType\":\"lnsXY\",\"type\":\"lens\",\"references\":[{\"type\":\"index-pattern\",\"id\":\"a57870ef-07d8-4d12-a067-8c66eefd10ca\",\"name\":\"indexpattern-datasource-layer-7c2eef60-6291-469e-976b-a5f2ed860552\"}],\"state\":{\"visualization\":{\"title\":\"Empty XY chart\",\"legend\":{\"isVisible\":true,\"position\":\"right\"},\"valueLabels\":\"hide\",\"preferredSeriesType\":\"bar_horizontal\",\"layers\":[{\"layerId\":\"7c2eef60-6291-469e-976b-a5f2ed860552\",\"accessors\":[\"431903e4-23c5-4170-b4b6-5b4c46d85fba\"],\"position\":\"top\",\"seriesType\":\"bar_horizontal\",\"showGridlines\":false,\"layerType\":\"data\",\"xAccessor\":\"76354b85-6c58-49a1-a1f7-2f0d0fd30970\",\"yConfig\":[{\"forAccessor\":\"431903e4-23c5-4170-b4b6-5b4c46d85fba\",\"color\":\"#6092c0\"}]}]},\"query\":{\"query\":\"\",\"language\":\"kuery\"},\"filters\":[],\"datasourceStates\":{\"formBased\":{\"layers\":{\"7c2eef60-6291-469e-976b-a5f2ed860552\":{\"columns\":{\"76354b85-6c58-49a1-a1f7-2f0d0fd30970\":{\"label\":\"Manufacturer\",\"dataType\":\"string\",\"operationType\":\"terms\",\"scale\":\"ordinal\",\"sourceField\":\"device.manufacturer\",\"isBucketed\":true,\"params\":{\"size\":15,\"orderBy\":{\"type\":\"column\",\"columnId\":\"431903e4-23c5-4170-b4b6-5b4c46d85fba\"},\"orderDirection\":\"desc\",\"otherBucket\":false,\"missingBucket\":false,\"parentFormat\":{\"id\":\"terms\"},\"include\":[],\"exclude\":[],\"includeIsRegex\":false,\"excludeIsRegex\":false},\"customLabel\":true},\"431903e4-23c5-4170-b4b6-5b4c46d85fba\":{\"label\":\"Count of device.manufacturer\",\"dataType\":\"number\",\"operationType\":\"count\",\"isBucketed\":false,\"scale\":\"ratio\",\"sourceField\":\"device.manufacturer\",\"params\":{\"emptyAsNull\":true}}},\"columnOrder\":[\"76354b85-6c58-49a1-a1f7-2f0d0fd30970\",\"431903e4-23c5-4170-b4b6-5b4c46d85fba\"],\"sampling\":1,\"incompleteColumns\":{}}}},\"textBased\":{\"layers\":{}}},\"internalReferences\":[],\"adHocDataViews\":{}}},\"hidePanelTitles\":false,\"enhancements\":{}},\"title\":\"Top 15 Device Manufacturers\"},{\"version\":\"8.6.2\",\"type\":\"lens\",\"gridData\":{\"x\":0,\"y\":3,\"w\":6,\"h\":14,\"i\":\"fe594ff8-c22c-40c4-9ab2-e9b2fea85847\"},\"panelIndex\":\"fe594ff8-c22c-40c4-9ab2-e9b2fea85847\",\"embeddableConfig\":{\"attributes\":{\"title\":\"\",\"visualizationType\":\"lnsLegacyMetric\",\"type\":\"lens\",\"references\":[{\"type\":\"index-pattern\",\"id\":\"a57870ef-07d8-4d12-a067-8c66eefd10ca\",\"name\":\"indexpattern-datasource-layer-6c93481d-09a6-47eb-857d-e98b13758ec8\"}],\"state\":{\"visualization\":{\"layerId\":\"6c93481d-09a6-47eb-857d-e98b13758ec8\",\"accessor\":\"8bf6ff37-6dc7-442a-bbd5-629562840b8c\",\"layerType\":\"data\",\"titlePosition\":\"bottom\",\"size\":\"l\",\"textAlign\":\"center\"},\"query\":{\"query\":\"\",\"language\":\"kuery\"},\"filters\":[],\"datasourceStates\":{\"formBased\":{\"layers\":{\"6c93481d-09a6-47eb-857d-e98b13758ec8\":{\"columns\":{\"8bf6ff37-6dc7-442a-bbd5-629562840b8c\":{\"label\":\"Total Device Count\",\"dataType\":\"number\",\"operationType\":\"count\",\"isBucketed\":false,\"scale\":\"ratio\",\"sourceField\":\"___records___\",\"params\":{\"emptyAsNull\":false},\"customLabel\":true}},\"columnOrder\":[\"8bf6ff37-6dc7-442a-bbd5-629562840b8c\"],\"sampling\":1,\"incompleteColumns\":{}}}},\"textBased\":{\"layers\":{}}},\"internalReferences\":[],\"adHocDataViews\":{}}},\"hidePanelTitles\":true,\"enhancements\":{}}},{\"version\":\"8.6.2\",\"type\":\"lens\",\"gridData\":{\"x\":6,\"y\":3,\"w\":12,\"h\":7,\"i\":\"26f1102d-2afc-4e57-ac53-25d4cb848ed5\"},\"panelIndex\":\"26f1102d-2afc-4e57-ac53-25d4cb848ed5\",\"embeddableConfig\":{\"attributes\":{\"title\":\"\",\"visualizationType\":\"lnsMetric\",\"type\":\"lens\",\"references\":[{\"type\":\"index-pattern\",\"id\":\"a57870ef-07d8-4d12-a067-8c66eefd10ca\",\"name\":\"indexpattern-datasource-layer-16326d6b-8de2-4f2f-945f-3d9a23538c43\"}],\"state\":{\"visualization\":{\"layerId\":\"16326d6b-8de2-4f2f-945f-3d9a23538c43\",\"layerType\":\"data\",\"metricAccessor\":\"3e10af95-976a-44c0-8a98-d7fade76dda6\",\"maxAccessor\":\"e1a9c4eb-e9e4-425a-abdd-7c0a829be528\",\"showBar\":true},\"query\":{\"query\":\"\",\"language\":\"kuery\"},\"filters\":[],\"datasourceStates\":{\"formBased\":{\"layers\":{\"16326d6b-8de2-4f2f-945f-3d9a23538c43\":{\"columns\":{\"3e10af95-976a-44c0-8a98-d7fade76dda6\":{\"label\":\"Total Present\",\"dataType\":\"number\",\"operationType\":\"count\",\"isBucketed\":false,\"scale\":\"ratio\",\"sourceField\":\"device.present\",\"filter\":{\"query\":\"device.present : true\",\"language\":\"kuery\"},\"params\":{\"emptyAsNull\":false},\"customLabel\":true},\"e1a9c4eb-e9e4-425a-abdd-7c0a829be528\":{\"label\":\"Count of records\",\"dataType\":\"number\",\"operationType\":\"count\",\"isBucketed\":false,\"scale\":\"ratio\",\"sourceField\":\"___records___\",\"params\":{\"emptyAsNull\":true}}},\"columnOrder\":[\"3e10af95-976a-44c0-8a98-d7fade76dda6\",\"e1a9c4eb-e9e4-425a-abdd-7c0a829be528\"],\"sampling\":1,\"incompleteColumns\":{}}}},\"textBased\":{\"layers\":{}}},\"internalReferences\":[],\"adHocDataViews\":{}}},\"hidePanelTitles\":true,\"enhancements\":{}}},{\"version\":\"8.6.2\",\"type\":\"lens\",\"gridData\":{\"x\":18,\"y\":3,\"w\":10,\"h\":14,\"i\":\"0ef9aa2c-73b1-4b65-89cc-1c68441fe5b9\"},\"panelIndex\":\"0ef9aa2c-73b1-4b65-89cc-1c68441fe5b9\",\"embeddableConfig\":{\"attributes\":{\"title\":\"\",\"visualizationType\":\"lnsPie\",\"type\":\"lens\",\"references\":[{\"type\":\"index-pattern\",\"id\":\"a57870ef-07d8-4d12-a067-8c66eefd10ca\",\"name\":\"indexpattern-datasource-layer-82dd98f7-71b6-4e8f-84b2-a5bacc5afa97\"}],\"state\":{\"visualization\":{\"shape\":\"donut\",\"layers\":[{\"layerId\":\"82dd98f7-71b6-4e8f-84b2-a5bacc5afa97\",\"primaryGroups\":[\"bf8b9c18-8de4-41de-9651-3b2bf7787362\"],\"metrics\":[\"ba99dfe6-7e5f-45d3-a688-2bd52ef92c5f\"],\"numberDisplay\":\"percent\",\"categoryDisplay\":\"default\",\"legendDisplay\":\"default\",\"nestedLegend\":false,\"layerType\":\"data\"}]},\"query\":{\"query\":\"\",\"language\":\"kuery\"},\"filters\":[],\"datasourceStates\":{\"formBased\":{\"layers\":{\"82dd98f7-71b6-4e8f-84b2-a5bacc5afa97\":{\"columns\":{\"bf8b9c18-8de4-41de-9651-3b2bf7787362\":{\"label\":\"Device Type\",\"dataType\":\"string\",\"operationType\":\"terms\",\"scale\":\"ordinal\",\"sourceField\":\"device.class\",\"isBucketed\":true,\"params\":{\"size\":15,\"orderBy\":{\"type\":\"column\",\"columnId\":\"ba99dfe6-7e5f-45d3-a688-2bd52ef92c5f\"},\"orderDirection\":\"desc\",\"otherBucket\":false,\"missingBucket\":false,\"parentFormat\":{\"id\":\"terms\"},\"include\":[],\"exclude\":[\"System\"],\"includeIsRegex\":false,\"excludeIsRegex\":false},\"customLabel\":true},\"ba99dfe6-7e5f-45d3-a688-2bd52ef92c5f\":{\"label\":\"Count of records\",\"dataType\":\"number\",\"operationType\":\"count\",\"isBucketed\":false,\"scale\":\"ratio\",\"sourceField\":\"___records___\",\"params\":{\"emptyAsNull\":true}}},\"columnOrder\":[\"bf8b9c18-8de4-41de-9651-3b2bf7787362\",\"ba99dfe6-7e5f-45d3-a688-2bd52ef92c5f\"],\"sampling\":1,\"incompleteColumns\":{}}}},\"textBased\":{\"layers\":{}}},\"internalReferences\":[],\"adHocDataViews\":{}}},\"hidePanelTitles\":false,\"enhancements\":{}},\"title\":\"Device Type Breakdown\"},{\"version\":\"8.6.2\",\"type\":\"lens\",\"gridData\":{\"x\":6,\"y\":10,\"w\":12,\"h\":7,\"i\":\"ce341abb-5aea-4712-969d-9748b4de78af\"},\"panelIndex\":\"ce341abb-5aea-4712-969d-9748b4de78af\",\"embeddableConfig\":{\"attributes\":{\"title\":\"\",\"visualizationType\":\"lnsMetric\",\"type\":\"lens\",\"references\":[{\"type\":\"index-pattern\",\"id\":\"a57870ef-07d8-4d12-a067-8c66eefd10ca\",\"name\":\"indexpattern-datasource-layer-16326d6b-8de2-4f2f-945f-3d9a23538c43\"}],\"state\":{\"visualization\":{\"layerId\":\"16326d6b-8de2-4f2f-945f-3d9a23538c43\",\"layerType\":\"data\",\"metricAccessor\":\"3e10af95-976a-44c0-8a98-d7fade76dda6\",\"maxAccessor\":\"e1a9c4eb-e9e4-425a-abdd-7c0a829be528\",\"showBar\":true},\"query\":{\"query\":\"\",\"language\":\"kuery\"},\"filters\":[],\"datasourceStates\":{\"formBased\":{\"layers\":{\"16326d6b-8de2-4f2f-945f-3d9a23538c43\":{\"columns\":{\"3e10af95-976a-44c0-8a98-d7fade76dda6\":{\"label\":\"Total Missing\",\"dataType\":\"number\",\"operationType\":\"count\",\"isBucketed\":false,\"scale\":\"ratio\",\"sourceField\":\"device.present\",\"filter\":{\"query\":\"device.present : false \",\"language\":\"kuery\"},\"params\":{\"emptyAsNull\":false},\"customLabel\":true},\"e1a9c4eb-e9e4-425a-abdd-7c0a829be528\":{\"label\":\"Count of records\",\"dataType\":\"number\",\"operationType\":\"count\",\"isBucketed\":false,\"scale\":\"ratio\",\"sourceField\":\"___records___\",\"params\":{\"emptyAsNull\":true}}},\"columnOrder\":[\"3e10af95-976a-44c0-8a98-d7fade76dda6\",\"e1a9c4eb-e9e4-425a-abdd-7c0a829be528\"],\"sampling\":1,\"incompleteColumns\":{}}}},\"textBased\":{\"layers\":{}}},\"internalReferences\":[],\"adHocDataViews\":{}}},\"hidePanelTitles\":true,\"enhancements\":{}},\"title\":\"\"},{\"version\":\"8.6.2\",\"type\":\"lens\",\"gridData\":{\"x\":0,\"y\":17,\"w\":48,\"h\":36,\"i\":\"5ff3e63e-e71b-4b11-a07c-9c1315d604ce\"},\"panelIndex\":\"5ff3e63e-e71b-4b11-a07c-9c1315d604ce\",\"embeddableConfig\":{\"attributes\":{\"title\":\"\",\"visualizationType\":\"lnsDatatable\",\"type\":\"lens\",\"references\":[{\"type\":\"index-pattern\",\"id\":\"a57870ef-07d8-4d12-a067-8c66eefd10ca\",\"name\":\"indexpattern-datasource-layer-4f761e14-aaf2-4318-ad8c-83d391b55ef3\"}],\"state\":{\"visualization\":{\"columns\":[{\"columnId\":\"83a1475f-1b10-4670-8a5c-d02639c31b16\",\"isTransposed\":false},{\"columnId\":\"807673da-bcf0-4a23-8fc6-e49efcfcd6d3\",\"isTransposed\":false,\"alignment\":\"center\"},{\"columnId\":\"5d04b4db-7c47-429b-baa4-dcde47c17256\",\"isTransposed\":false},{\"columnId\":\"206f4ddf-480c-4fa8-b76b-a277ee56c6d3\",\"isTransposed\":false,\"alignment\":\"center\"},{\"columnId\":\"bd378ce9-b1e3-4ee9-ac61-dcac3c668582\",\"isTransposed\":false,\"alignment\":\"center\"},{\"columnId\":\"b6aaa1bc-ba97-4a64-be3e-7b165d3c84b7\",\"isTransposed\":false,\"alignment\":\"center\"}],\"layerId\":\"4f761e14-aaf2-4318-ad8c-83d391b55ef3\",\"layerType\":\"data\"},\"query\":{\"query\":\"\",\"language\":\"kuery\"},\"filters\":[],\"datasourceStates\":{\"formBased\":{\"layers\":{\"4f761e14-aaf2-4318-ad8c-83d391b55ef3\":{\"columns\":{\"83a1475f-1b10-4670-8a5c-d02639c31b16\":{\"label\":\"Name\",\"dataType\":\"string\",\"operationType\":\"terms\",\"scale\":\"ordinal\",\"sourceField\":\"device.name\",\"isBucketed\":true,\"params\":{\"size\":250,\"orderBy\":{\"type\":\"column\",\"columnId\":\"807673da-bcf0-4a23-8fc6-e49efcfcd6d3\"},\"orderDirection\":\"desc\",\"otherBucket\":true,\"missingBucket\":false,\"parentFormat\":{\"id\":\"terms\"},\"include\":[],\"exclude\":[],\"includeIsRegex\":false,\"excludeIsRegex\":false},\"customLabel\":true},\"807673da-bcf0-4a23-8fc6-e49efcfcd6d3\":{\"label\":\"Last Reported\",\"dataType\":\"date\",\"operationType\":\"last_value\",\"isBucketed\":false,\"scale\":\"ratio\",\"sourceField\":\"@timestamp\",\"filter\":{\"query\":\"@timestamp: *\",\"language\":\"kuery\"},\"params\":{\"sortField\":\"@timestamp\"},\"customLabel\":true},\"5d04b4db-7c47-429b-baa4-dcde47c17256\":{\"label\":\"Manufacturer\",\"dataType\":\"string\",\"operationType\":\"terms\",\"scale\":\"ordinal\",\"sourceField\":\"device.manufacturer\",\"isBucketed\":true,\"params\":{\"size\":3,\"orderBy\":{\"type\":\"column\",\"columnId\":\"807673da-bcf0-4a23-8fc6-e49efcfcd6d3\"},\"orderDirection\":\"desc\",\"otherBucket\":false,\"missingBucket\":true,\"parentFormat\":{\"id\":\"terms\"},\"include\":[],\"exclude\":[],\"includeIsRegex\":false,\"excludeIsRegex\":false,\"secondaryFields\":[]},\"customLabel\":true},\"206f4ddf-480c-4fa8-b76b-a277ee56c6d3\":{\"label\":\"Present\",\"dataType\":\"boolean\",\"operationType\":\"terms\",\"scale\":\"ordinal\",\"sourceField\":\"device.present\",\"isBucketed\":true,\"params\":{\"size\":3,\"orderBy\":{\"type\":\"column\",\"columnId\":\"807673da-bcf0-4a23-8fc6-e49efcfcd6d3\"},\"orderDirection\":\"desc\",\"otherBucket\":true,\"missingBucket\":false,\"parentFormat\":{\"id\":\"terms\"},\"include\":[],\"exclude\":[],\"includeIsRegex\":false,\"excludeIsRegex\":false},\"customLabel\":true},\"bd378ce9-b1e3-4ee9-ac61-dcac3c668582\":{\"label\":\"Device Type\",\"dataType\":\"string\",\"operationType\":\"terms\",\"scale\":\"ordinal\",\"sourceField\":\"device.class\",\"isBucketed\":true,\"params\":{\"size\":3,\"orderBy\":{\"type\":\"column\",\"columnId\":\"807673da-bcf0-4a23-8fc6-e49efcfcd6d3\"},\"orderDirection\":\"desc\",\"otherBucket\":false,\"missingBucket\":true,\"parentFormat\":{\"id\":\"terms\"},\"include\":[],\"exclude\":[],\"includeIsRegex\":false,\"excludeIsRegex\":false},\"customLabel\":true},\"b6aaa1bc-ba97-4a64-be3e-7b165d3c84b7\":{\"label\":\"ID\",\"dataType\":\"string\",\"operationType\":\"terms\",\"scale\":\"ordinal\",\"sourceField\":\"device.id\",\"isBucketed\":true,\"params\":{\"size\":1,\"orderBy\":{\"type\":\"column\",\"columnId\":\"807673da-bcf0-4a23-8fc6-e49efcfcd6d3\"},\"orderDirection\":\"desc\",\"otherBucket\":false,\"missingBucket\":true,\"parentFormat\":{\"id\":\"terms\"},\"include\":[],\"exclude\":[],\"includeIsRegex\":false,\"excludeIsRegex\":false},\"customLabel\":true}},\"columnOrder\":[\"83a1475f-1b10-4670-8a5c-d02639c31b16\",\"5d04b4db-7c47-429b-baa4-dcde47c17256\",\"206f4ddf-480c-4fa8-b76b-a277ee56c6d3\",\"bd378ce9-b1e3-4ee9-ac61-dcac3c668582\",\"b6aaa1bc-ba97-4a64-be3e-7b165d3c84b7\",\"807673da-bcf0-4a23-8fc6-e49efcfcd6d3\"],\"sampling\":1,\"incompleteColumns\":{}}}},\"textBased\":{\"layers\":{}}},\"internalReferences\":[],\"adHocDataViews\":{}}},\"hidePanelTitles\":false,\"enhancements\":{}},\"title\":\"Device List\"}]",
        "refreshInterval": {
            "pause": true,
            "value": 0
        },
        "timeFrom": "now-7d/d",
        "timeRestore": true,
        "timeTo": "now",
        "title": "[TYCHON] Endpoint Browser - Hardware Inventory",
        "version": 1
    },
    "coreMigrationVersion": "8.6.2",
    "created_at": "2023-08-23T20:47:46.348Z",
    "id": "tychon-993e07a0-3e02-11ee-9610-15dee918f31a-hardware",
    "migrationVersion": {
        "dashboard": "8.6.0"
    },
    "references": [
        {
            "id": "tychon-ee4b44b0-40e6-11ee-8111-21f5f34f6dfc",
            "name": "ae9194f3-7df8-415d-870c-3480f12e4971:panel_ae9194f3-7df8-415d-870c-3480f12e4971",
            "type": "visualization"
        },
        {
            "id": "a57870ef-07d8-4d12-a067-8c66eefd10ca",
            "name": "f065275d-50bf-4f95-a7a8-90d7bbaafacb:indexpattern-datasource-layer-7c2eef60-6291-469e-976b-a5f2ed860552",
            "type": "index-pattern"
        },
        {
            "id": "a57870ef-07d8-4d12-a067-8c66eefd10ca",
            "name": "fe594ff8-c22c-40c4-9ab2-e9b2fea85847:indexpattern-datasource-layer-6c93481d-09a6-47eb-857d-e98b13758ec8",
            "type": "index-pattern"
        },
        {
            "id": "a57870ef-07d8-4d12-a067-8c66eefd10ca",
            "name": "26f1102d-2afc-4e57-ac53-25d4cb848ed5:indexpattern-datasource-layer-16326d6b-8de2-4f2f-945f-3d9a23538c43",
            "type": "index-pattern"
        },
        {
            "id": "a57870ef-07d8-4d12-a067-8c66eefd10ca",
            "name": "0ef9aa2c-73b1-4b65-89cc-1c68441fe5b9:indexpattern-datasource-layer-82dd98f7-71b6-4e8f-84b2-a5bacc5afa97",
            "type": "index-pattern"
        },
        {
            "id": "a57870ef-07d8-4d12-a067-8c66eefd10ca",
            "name": "ce341abb-5aea-4712-969d-9748b4de78af:indexpattern-datasource-layer-16326d6b-8de2-4f2f-945f-3d9a23538c43",
            "type": "index-pattern"
        },
        {
            "id": "a57870ef-07d8-4d12-a067-8c66eefd10ca",
            "name": "5ff3e63e-e71b-4b11-a07c-9c1315d604ce:indexpattern-datasource-layer-4f761e14-aaf2-4318-ad8c-83d391b55ef3",
            "type": "index-pattern"
        },
        {
            "id": "bb5226cd-c099-46d2-bb71-0257232c7d82",
            "name": "controlGroup_2b9581fc-f55b-46f5-bf71-0cbfba5cc9ae:optionsListDataView",
            "type": "index-pattern"
        },
        {
            "id": "a3922360-3de6-11ee-9610-15dee918f31a",
            "name": "tag-ref-a3922360-3de6-11ee-9610-15dee918f31a",
            "type": "tag"
        },
        {
            "id": "10af3800-10f3-11ee-af86-538da1394f27",
            "name": "tag-ref-10af3800-10f3-11ee-af86-538da1394f27",
            "type": "tag"
        },
        {
            "id": "e18d6100-3c85-11ee-9610-15dee918f31a",
            "name": "tag-ref-e18d6100-3c85-11ee-9610-15dee918f31a",
            "type": "tag"
        },
        {
            "id": "7b7ab4c0-3e02-11ee-9610-15dee918f31a",
            "name": "tag-ref-7b7ab4c0-3e02-11ee-9610-15dee918f31a",
            "type": "tag"
        }
    ],
    "type": "dashboard",
    "updated_at": "2023-08-23T20:47:46.348Z",
    "version": "WzgyMTE0NywyMl0="
}