{
    "attributes": {
        "controlGroupInput": {
            "chainingSystem": "HIERARCHICAL",
            "controlStyle": "oneLine",
            "ignoreParentSettingsJSON": "{\"ignoreFilters\":false,\"ignoreQuery\":false,\"ignoreTimerange\":false,\"ignoreValidations\":false}",
            "panelsJSON": "{\"fddd86d2-bc58-48d0-880d-f1d537f90bdc\":{\"order\":0,\"width\":\"large\",\"grow\":true,\"type\":\"optionsListControl\",\"explicitInput\":{\"fieldName\":\"host.hostname\",\"title\":\"Hostname\",\"singleSelect\":true,\"hideExclude\":true,\"hideExists\":true,\"id\":\"fddd86d2-bc58-48d0-880d-f1d537f90bdc\",\"enhancements\":{}}}}"
        },
        "description": "The \"TYCHON Endpoint Browser\" dashboard provides host visualization data for a single endpoint at a time. The dashboard is a set of several individual views broken down by tabs near the top of the screen. The TYCHON Endpoint Browser – Drives and Disks view displays current Hard Drive and Partitions attached to endpoints at the time TYCHON performed its check.",
        "kibanaSavedObjectMeta": {
            "searchSourceJSON": "{\"query\":{\"query\":\"\",\"language\":\"kuery\"},\"filter\":[]}"
        },
        "optionsJSON": "{\"useMargins\":true,\"syncColors\":false,\"syncCursor\":true,\"syncTooltips\":false,\"hidePanelTitles\":false}",
        "panelsJSON": "[{\"version\":\"8.6.2\",\"type\":\"visualization\",\"gridData\":{\"x\":0,\"y\":0,\"w\":48,\"h\":3,\"i\":\"d8ad9dec-a73f-4cc6-b9d3-c175e2b6feea\"},\"panelIndex\":\"d8ad9dec-a73f-4cc6-b9d3-c175e2b6feea\",\"embeddableConfig\":{\"savedVis\":{\"id\":\"\",\"title\":\"\",\"description\":\"\",\"type\":\"markdown\",\"params\":{\"fontSize\":12,\"openLinksInNewTab\":false,\"markdown\":\"[Host Info](/app/dashboards#/view/6165bf50-3dbf-11ee-9610-15dee918f31a) | [Drives and Disks](/app/dashboards#/view/380b6c10-3dbd-11ee-9610-15dee918f31a) | [Apps and Software](/app/dashboards#/view/2bd4ca50-3dfd-11ee-9610-15dee918f31a) | [Hardware](/app/dashboards#/view/993e07a0-3e02-11ee-9610-15dee918f31a) | [Vulnerabilities](/app/dashboards#/view/2de7a3c0-3e08-11ee-9610-15dee918f31a) | Benchmark Results | Patches | [Services and Ports](/app/dashboards#/view/0c036be0-3de5-11ee-9610-15dee918f31a) | Protections\"},\"uiState\":{},\"data\":{\"aggs\":[],\"searchSource\":{\"query\":{\"query\":\"\",\"language\":\"kuery\"},\"filter\":[]}}},\"hidePanelTitles\":true,\"enhancements\":{}},\"panelRefName\":\"panel_d8ad9dec-a73f-4cc6-b9d3-c175e2b6feea\"},{\"version\":\"8.6.2\",\"type\":\"visualization\",\"gridData\":{\"x\":0,\"y\":3,\"w\":6,\"h\":12,\"i\":\"fa484c10-d1a8-45e8-9385-be1a0df6ddba\"},\"panelIndex\":\"fa484c10-d1a8-45e8-9385-be1a0df6ddba\",\"embeddableConfig\":{\"savedVis\":{\"id\":\"\",\"title\":\"\",\"description\":\"\",\"type\":\"markdown\",\"params\":{\"fontSize\":12,\"openLinksInNewTab\":false,\"markdown\":\"### Drives and Volumes\\nInvestigate the hard drives and volumes attached to this endpoint. TYCHON will evaluate this dataset every hour and report all attached drives (hard drives, cd roms, etc.) and all assigned volumes (c:\\\\, d:\\\\, boot, etc.). You will be able to investigate the hardware in-use, the size of the volume and other datapoints critical to the function of the compute on this device.\"},\"uiState\":{},\"data\":{\"aggs\":[],\"searchSource\":{\"query\":{\"query\":\"\",\"language\":\"kuery\"},\"filter\":[]}}},\"hidePanelTitles\":true,\"enhancements\":{}}},{\"version\":\"8.6.2\",\"type\":\"lens\",\"gridData\":{\"x\":6,\"y\":3,\"w\":5,\"h\":6,\"i\":\"aba0b52b-5f8e-4c87-956d-eea8f7c385fb\"},\"panelIndex\":\"aba0b52b-5f8e-4c87-956d-eea8f7c385fb\",\"embeddableConfig\":{\"attributes\":{\"title\":\"\",\"visualizationType\":\"lnsLegacyMetric\",\"type\":\"lens\",\"references\":[{\"type\":\"index-pattern\",\"id\":\"2dc584bc-c446-4150-b561-1415a45ebe87\",\"name\":\"indexpattern-datasource-layer-7cbc7137-0f64-4584-a31c-272e19b5be9a\"}],\"state\":{\"visualization\":{\"layerId\":\"7cbc7137-0f64-4584-a31c-272e19b5be9a\",\"accessor\":\"06ea4772-193a-450f-a877-f50c5a4e283a\",\"layerType\":\"data\",\"titlePosition\":\"bottom\",\"size\":\"l\",\"textAlign\":\"center\"},\"query\":{\"query\":\"\",\"language\":\"kuery\"},\"filters\":[],\"datasourceStates\":{\"formBased\":{\"layers\":{\"7cbc7137-0f64-4584-a31c-272e19b5be9a\":{\"columns\":{\"06ea4772-193a-450f-a877-f50c5a4e283a\":{\"label\":\"Total Number of Drives\",\"dataType\":\"number\",\"operationType\":\"count\",\"isBucketed\":false,\"scale\":\"ratio\",\"sourceField\":\"___records___\",\"params\":{\"emptyAsNull\":true},\"customLabel\":true}},\"columnOrder\":[\"06ea4772-193a-450f-a877-f50c5a4e283a\"],\"sampling\":1,\"incompleteColumns\":{}}}},\"textBased\":{\"layers\":{}}},\"internalReferences\":[],\"adHocDataViews\":{}}},\"hidePanelTitles\":true,\"enhancements\":{}}},{\"version\":\"8.6.2\",\"type\":\"lens\",\"gridData\":{\"x\":11,\"y\":3,\"w\":37,\"h\":12,\"i\":\"f40d683e-92a6-422e-876c-4363f16dade0\"},\"panelIndex\":\"f40d683e-92a6-422e-876c-4363f16dade0\",\"embeddableConfig\":{\"attributes\":{\"title\":\"\",\"visualizationType\":\"lnsDatatable\",\"type\":\"lens\",\"references\":[{\"type\":\"index-pattern\",\"id\":\"62456a9a-bd4c-4b57-b6b5-5556b6869ce5\",\"name\":\"indexpattern-datasource-layer-ab5ae478-53f7-419a-a1ec-7b08492df989\"}],\"state\":{\"visualization\":{\"columns\":[{\"isTransposed\":false,\"columnId\":\"bb301745-ba84-41cf-a000-5c7bdf0ae217\"},{\"isTransposed\":false,\"columnId\":\"dc614c64-8d46-46ac-b6a7-419bc064d294\",\"alignment\":\"center\",\"colorMode\":\"cell\",\"palette\":{\"name\":\"custom\",\"type\":\"palette\",\"params\":{\"steps\":5,\"stops\":[{\"color\":\"#cc5642\",\"stop\":10},{\"color\":\"#e7664c\",\"stop\":30},{\"color\":\"#d6bf57\",\"stop\":60},{\"color\":\"#54b399\",\"stop\":80},{\"color\":\"#209280\",\"stop\":100}],\"name\":\"custom\",\"colorStops\":[{\"color\":\"#cc5642\",\"stop\":0},{\"color\":\"#e7664c\",\"stop\":10},{\"color\":\"#d6bf57\",\"stop\":30},{\"color\":\"#54b399\",\"stop\":60},{\"color\":\"#209280\",\"stop\":80}],\"continuity\":\"above\",\"reverse\":false,\"rangeMin\":0,\"rangeMax\":null,\"rangeType\":\"percent\"}}},{\"columnId\":\"31942166-8460-454d-af8d-2f4c3ea1ac36\",\"isTransposed\":false},{\"columnId\":\"6e3c8cf1-6de2-4760-9e2b-24be0f13b383\",\"isTransposed\":false},{\"columnId\":\"c362c064-87fe-4a40-abae-a2fe669d0d9e\",\"isTransposed\":false},{\"columnId\":\"a22124c5-1d7c-4bf4-96b1-1acbfeae8a69\",\"isTransposed\":false,\"colorMode\":\"cell\",\"palette\":{\"name\":\"custom\",\"type\":\"palette\",\"params\":{\"steps\":5,\"stops\":[{\"color\":\"#6092C0\",\"stop\":1},{\"color\":\"#54b399\",\"stop\":90},{\"color\":\"#d9816f\",\"stop\":95},{\"color\":\"#cc5642\",\"stop\":100}],\"name\":\"custom\",\"colorStops\":[{\"color\":\"#6092C0\",\"stop\":0},{\"color\":\"#54b399\",\"stop\":1},{\"color\":\"#d9816f\",\"stop\":90},{\"color\":\"#cc5642\",\"stop\":95}],\"continuity\":\"above\",\"reverse\":false,\"rangeMin\":0,\"rangeMax\":null}}},{\"columnId\":\"e3caee5f-96aa-404c-ba25-e1dbd58f75ee\",\"isTransposed\":false,\"alignment\":\"center\"}],\"layerId\":\"ab5ae478-53f7-419a-a1ec-7b08492df989\",\"layerType\":\"data\"},\"query\":{\"query\":\"\",\"language\":\"kuery\"},\"filters\":[],\"datasourceStates\":{\"formBased\":{\"layers\":{\"ab5ae478-53f7-419a-a1ec-7b08492df989\":{\"columns\":{\"bb301745-ba84-41cf-a000-5c7bdf0ae217\":{\"label\":\"Drive Letter\",\"dataType\":\"string\",\"operationType\":\"terms\",\"scale\":\"ordinal\",\"sourceField\":\"volume.drive.letter\",\"isBucketed\":true,\"params\":{\"size\":15,\"orderBy\":{\"type\":\"column\",\"columnId\":\"dc614c64-8d46-46ac-b6a7-419bc064d294\"},\"orderDirection\":\"desc\",\"otherBucket\":true,\"missingBucket\":true,\"parentFormat\":{\"id\":\"terms\"},\"include\":[],\"exclude\":[],\"includeIsRegex\":false,\"excludeIsRegex\":false},\"customLabel\":true},\"dc614c64-8d46-46ac-b6a7-419bc064d294\":{\"label\":\"Freespace\",\"dataType\":\"number\",\"operationType\":\"last_value\",\"isBucketed\":false,\"scale\":\"ratio\",\"sourceField\":\"volume.freespace\",\"filter\":{\"query\":\"volume.freespace: *\",\"language\":\"kuery\"},\"params\":{\"sortField\":\"@timestamp\",\"format\":{\"id\":\"bytes\",\"params\":{\"decimals\":2}}},\"customLabel\":true},\"31942166-8460-454d-af8d-2f4c3ea1ac36\":{\"label\":\"File System\",\"dataType\":\"string\",\"operationType\":\"terms\",\"scale\":\"ordinal\",\"sourceField\":\"volume.file_system\",\"isBucketed\":true,\"params\":{\"size\":3,\"orderBy\":{\"type\":\"column\",\"columnId\":\"dc614c64-8d46-46ac-b6a7-419bc064d294\"},\"orderDirection\":\"desc\",\"otherBucket\":true,\"missingBucket\":false,\"parentFormat\":{\"id\":\"terms\"},\"include\":[],\"exclude\":[],\"includeIsRegex\":false,\"excludeIsRegex\":false,\"secondaryFields\":[]},\"customLabel\":true},\"6e3c8cf1-6de2-4760-9e2b-24be0f13b383\":{\"label\":\"Total Size\",\"dataType\":\"number\",\"operationType\":\"last_value\",\"isBucketed\":false,\"scale\":\"ratio\",\"sourceField\":\"volume.size\",\"filter\":{\"query\":\"volume.size: *\",\"language\":\"kuery\"},\"params\":{\"sortField\":\"@timestamp\",\"format\":{\"id\":\"bytes\",\"params\":{\"decimals\":2}}},\"customLabel\":true},\"c362c064-87fe-4a40-abae-a2fe669d0d9e\":{\"label\":\"Volume Name\",\"dataType\":\"string\",\"operationType\":\"terms\",\"scale\":\"ordinal\",\"sourceField\":\"volume.name\",\"isBucketed\":true,\"params\":{\"size\":3,\"orderBy\":{\"type\":\"column\",\"columnId\":\"dc614c64-8d46-46ac-b6a7-419bc064d294\"},\"orderDirection\":\"desc\",\"otherBucket\":true,\"missingBucket\":false,\"parentFormat\":{\"id\":\"terms\"},\"include\":[],\"exclude\":[],\"includeIsRegex\":false,\"excludeIsRegex\":false},\"customLabel\":true},\"a22124c5-1d7c-4bf4-96b1-1acbfeae8a69\":{\"label\":\"Percent Full\",\"dataType\":\"number\",\"operationType\":\"median\",\"sourceField\":\"volume.percent_full\",\"isBucketed\":false,\"scale\":\"ratio\",\"params\":{\"emptyAsNull\":true},\"customLabel\":true},\"e3caee5f-96aa-404c-ba25-e1dbd58f75ee\":{\"label\":\"System Volume\",\"dataType\":\"boolean\",\"operationType\":\"terms\",\"scale\":\"ordinal\",\"sourceField\":\"volume.system_volume\",\"isBucketed\":true,\"params\":{\"size\":3,\"orderBy\":{\"type\":\"column\",\"columnId\":\"dc614c64-8d46-46ac-b6a7-419bc064d294\"},\"orderDirection\":\"desc\",\"otherBucket\":true,\"missingBucket\":false,\"parentFormat\":{\"id\":\"terms\"},\"include\":[],\"exclude\":[],\"includeIsRegex\":false,\"excludeIsRegex\":false,\"secondaryFields\":[]},\"customLabel\":true}},\"columnOrder\":[\"bb301745-ba84-41cf-a000-5c7bdf0ae217\",\"c362c064-87fe-4a40-abae-a2fe669d0d9e\",\"31942166-8460-454d-af8d-2f4c3ea1ac36\",\"e3caee5f-96aa-404c-ba25-e1dbd58f75ee\",\"dc614c64-8d46-46ac-b6a7-419bc064d294\",\"6e3c8cf1-6de2-4760-9e2b-24be0f13b383\",\"a22124c5-1d7c-4bf4-96b1-1acbfeae8a69\"],\"incompleteColumns\":{},\"sampling\":1}}},\"textBased\":{\"layers\":{}}},\"internalReferences\":[],\"adHocDataViews\":{}}},\"hidePanelTitles\":false,\"enhancements\":{}},\"title\":\"Volumes\"},{\"version\":\"8.6.2\",\"type\":\"lens\",\"gridData\":{\"x\":0,\"y\":15,\"w\":48,\"h\":8,\"i\":\"20040d41-ab77-43a7-b5e2-a962b042275c\"},\"panelIndex\":\"20040d41-ab77-43a7-b5e2-a962b042275c\",\"embeddableConfig\":{\"attributes\":{\"title\":\"\",\"visualizationType\":\"lnsDatatable\",\"type\":\"lens\",\"references\":[{\"type\":\"index-pattern\",\"id\":\"2dc584bc-c446-4150-b561-1415a45ebe87\",\"name\":\"indexpattern-datasource-layer-9836a928-d429-4c9f-be78-970504fd7573\"}],\"state\":{\"visualization\":{\"columns\":[{\"isTransposed\":false,\"columnId\":\"466ad901-c0e8-4f1c-a36f-b8c8370de454\"},{\"columnId\":\"a8ee904a-9d39-496b-a859-9bc09827b706\",\"isTransposed\":false},{\"columnId\":\"8a78a361-1cac-40b6-a0f4-f4f1253f0941\",\"isTransposed\":false,\"oneClickFilter\":false},{\"columnId\":\"ee278da4-5b1a-4e70-b4db-7ffc47a3c227\",\"isTransposed\":false},{\"columnId\":\"5b76281a-e942-4469-ae3a-5d756240a842\",\"isTransposed\":false},{\"columnId\":\"a3c42a2e-e6c9-44ce-88ed-0664fb15a79f\",\"isTransposed\":false,\"colorMode\":\"cell\",\"palette\":{\"type\":\"palette\",\"name\":\"positive\",\"params\":{\"stops\":[{\"color\":\"#d6e9e4\",\"stop\":20},{\"color\":\"#aed3ca\",\"stop\":40},{\"color\":\"#85bdb1\",\"stop\":60},{\"color\":\"#5aa898\",\"stop\":80},{\"color\":\"#209280\",\"stop\":100}]}},\"alignment\":\"center\"},{\"columnId\":\"ef7ef096-329c-45a0-91b3-85e31ddbfcb7\",\"isTransposed\":false},{\"columnId\":\"da851de3-b924-48b8-afaa-588e632a6cdb\",\"isTransposed\":false},{\"columnId\":\"7f594f0b-a1ca-4244-bfbc-84b803eff59f\",\"isTransposed\":false}],\"layerId\":\"9836a928-d429-4c9f-be78-970504fd7573\",\"layerType\":\"data\"},\"query\":{\"query\":\"\",\"language\":\"kuery\"},\"filters\":[],\"datasourceStates\":{\"formBased\":{\"layers\":{\"9836a928-d429-4c9f-be78-970504fd7573\":{\"columns\":{\"466ad901-c0e8-4f1c-a36f-b8c8370de454\":{\"label\":\"Name\",\"dataType\":\"string\",\"operationType\":\"terms\",\"scale\":\"ordinal\",\"sourceField\":\"disk.name\",\"isBucketed\":true,\"params\":{\"size\":10,\"orderBy\":{\"type\":\"column\",\"columnId\":\"a3c42a2e-e6c9-44ce-88ed-0664fb15a79f\"},\"orderDirection\":\"desc\",\"otherBucket\":true,\"missingBucket\":false,\"parentFormat\":{\"id\":\"terms\"},\"include\":[],\"exclude\":[],\"includeIsRegex\":false,\"excludeIsRegex\":false},\"customLabel\":true},\"a8ee904a-9d39-496b-a859-9bc09827b706\":{\"label\":\"Boot Device\",\"dataType\":\"boolean\",\"operationType\":\"terms\",\"scale\":\"ordinal\",\"sourceField\":\"disk.is_boot\",\"isBucketed\":true,\"params\":{\"size\":1,\"orderBy\":{\"type\":\"column\",\"columnId\":\"a3c42a2e-e6c9-44ce-88ed-0664fb15a79f\"},\"orderDirection\":\"desc\",\"otherBucket\":true,\"missingBucket\":false,\"parentFormat\":{\"id\":\"terms\"},\"include\":[],\"exclude\":[],\"includeIsRegex\":false,\"excludeIsRegex\":false},\"customLabel\":true},\"8a78a361-1cac-40b6-a0f4-f4f1253f0941\":{\"label\":\"Health\",\"dataType\":\"string\",\"operationType\":\"terms\",\"scale\":\"ordinal\",\"sourceField\":\"disk.health_status\",\"isBucketed\":true,\"params\":{\"size\":1,\"orderBy\":{\"type\":\"column\",\"columnId\":\"a3c42a2e-e6c9-44ce-88ed-0664fb15a79f\"},\"orderDirection\":\"desc\",\"otherBucket\":false,\"missingBucket\":false,\"parentFormat\":{\"id\":\"terms\"},\"include\":[],\"exclude\":[],\"includeIsRegex\":false,\"excludeIsRegex\":false},\"customLabel\":true},\"ee278da4-5b1a-4e70-b4db-7ffc47a3c227\":{\"label\":\"Model\",\"dataType\":\"string\",\"operationType\":\"terms\",\"scale\":\"ordinal\",\"sourceField\":\"disk.model\",\"isBucketed\":true,\"params\":{\"size\":3,\"orderBy\":{\"type\":\"column\",\"columnId\":\"a3c42a2e-e6c9-44ce-88ed-0664fb15a79f\"},\"orderDirection\":\"desc\",\"otherBucket\":true,\"missingBucket\":false,\"parentFormat\":{\"id\":\"terms\"},\"include\":[],\"exclude\":[],\"includeIsRegex\":false,\"excludeIsRegex\":false},\"customLabel\":true},\"5b76281a-e942-4469-ae3a-5d756240a842\":{\"label\":\"Manufacturer\",\"dataType\":\"string\",\"operationType\":\"terms\",\"scale\":\"ordinal\",\"sourceField\":\"disk.manufacturer\",\"isBucketed\":true,\"params\":{\"size\":3,\"orderBy\":{\"type\":\"column\",\"columnId\":\"a3c42a2e-e6c9-44ce-88ed-0664fb15a79f\"},\"orderDirection\":\"desc\",\"otherBucket\":true,\"missingBucket\":false,\"parentFormat\":{\"id\":\"terms\"},\"include\":[],\"exclude\":[],\"includeIsRegex\":false,\"excludeIsRegex\":false},\"customLabel\":true},\"a3c42a2e-e6c9-44ce-88ed-0664fb15a79f\":{\"label\":\"Sum of disk.size\",\"dataType\":\"number\",\"operationType\":\"sum\",\"sourceField\":\"disk.size\",\"isBucketed\":false,\"scale\":\"ratio\",\"params\":{\"emptyAsNull\":true,\"format\":{\"id\":\"bytes\",\"params\":{\"decimals\":2}}}},\"ef7ef096-329c-45a0-91b3-85e31ddbfcb7\":{\"label\":\"Offline\",\"dataType\":\"boolean\",\"operationType\":\"terms\",\"scale\":\"ordinal\",\"sourceField\":\"disk.offline\",\"isBucketed\":true,\"params\":{\"size\":1,\"orderBy\":{\"type\":\"column\",\"columnId\":\"a3c42a2e-e6c9-44ce-88ed-0664fb15a79f\"},\"orderDirection\":\"desc\",\"otherBucket\":false,\"missingBucket\":false,\"parentFormat\":{\"id\":\"terms\"},\"include\":[],\"exclude\":[],\"includeIsRegex\":false,\"excludeIsRegex\":false},\"customLabel\":true},\"da851de3-b924-48b8-afaa-588e632a6cdb\":{\"label\":\"Serial Number\",\"dataType\":\"string\",\"operationType\":\"terms\",\"scale\":\"ordinal\",\"sourceField\":\"disk.serial_number\",\"isBucketed\":true,\"params\":{\"size\":3,\"orderBy\":{\"type\":\"column\",\"columnId\":\"a3c42a2e-e6c9-44ce-88ed-0664fb15a79f\"},\"orderDirection\":\"desc\",\"otherBucket\":true,\"missingBucket\":true,\"parentFormat\":{\"id\":\"terms\"},\"include\":[],\"exclude\":[],\"includeIsRegex\":false,\"excludeIsRegex\":false},\"customLabel\":true},\"7f594f0b-a1ca-4244-bfbc-84b803eff59f\":{\"label\":\"Firmware Version\",\"dataType\":\"string\",\"operationType\":\"terms\",\"scale\":\"ordinal\",\"sourceField\":\"disk.firmware.version\",\"isBucketed\":true,\"params\":{\"size\":3,\"orderBy\":{\"type\":\"column\",\"columnId\":\"a3c42a2e-e6c9-44ce-88ed-0664fb15a79f\"},\"orderDirection\":\"desc\",\"otherBucket\":true,\"missingBucket\":false,\"parentFormat\":{\"id\":\"terms\"},\"include\":[],\"exclude\":[],\"includeIsRegex\":false,\"excludeIsRegex\":false,\"secondaryFields\":[]},\"customLabel\":true}},\"columnOrder\":[\"466ad901-c0e8-4f1c-a36f-b8c8370de454\",\"ee278da4-5b1a-4e70-b4db-7ffc47a3c227\",\"5b76281a-e942-4469-ae3a-5d756240a842\",\"a8ee904a-9d39-496b-a859-9bc09827b706\",\"8a78a361-1cac-40b6-a0f4-f4f1253f0941\",\"ef7ef096-329c-45a0-91b3-85e31ddbfcb7\",\"da851de3-b924-48b8-afaa-588e632a6cdb\",\"7f594f0b-a1ca-4244-bfbc-84b803eff59f\",\"a3c42a2e-e6c9-44ce-88ed-0664fb15a79f\"],\"incompleteColumns\":{},\"sampling\":1}}},\"textBased\":{\"layers\":{}}},\"internalReferences\":[],\"adHocDataViews\":{}}},\"hidePanelTitles\":false,\"enhancements\":{}},\"title\":\"Disk Info\"},{\"version\":\"8.6.2\",\"type\":\"lens\",\"gridData\":{\"x\":0,\"y\":23,\"w\":48,\"h\":7,\"i\":\"4944f397-3eac-4bf8-a31e-8f6477febb89\"},\"panelIndex\":\"4944f397-3eac-4bf8-a31e-8f6477febb89\",\"embeddableConfig\":{\"attributes\":{\"title\":\"\",\"visualizationType\":\"lnsDatatable\",\"type\":\"lens\",\"references\":[{\"type\":\"index-pattern\",\"id\":\"2dc584bc-c446-4150-b561-1415a45ebe87\",\"name\":\"indexpattern-datasource-layer-cb34ca0a-d538-48ee-ba32-3a258367dcc6\"}],\"state\":{\"visualization\":{\"columns\":[{\"isTransposed\":false,\"columnId\":\"8ad0cfb3-0f6d-4812-83a5-9839604bd3bf\",\"alignment\":\"center\"},{\"isTransposed\":false,\"columnId\":\"927d6f73-38bc-4ab6-b19d-53a7ca3969bf\"},{\"columnId\":\"a0c8e3f2-e88a-4fc8-acc1-3a73985a5e81\",\"isTransposed\":false,\"alignment\":\"center\"},{\"columnId\":\"1149bbca-2c04-4d09-822d-dc0a4a0d419e\",\"isTransposed\":false},{\"columnId\":\"4f2d2bac-b756-40d3-80ac-8ff4be4cd605\",\"isTransposed\":false,\"alignment\":\"center\"},{\"columnId\":\"b9ce9f0e-8634-42b2-8717-f64db6f1d7ae\",\"isTransposed\":false,\"alignment\":\"center\"},{\"columnId\":\"faab2332-ae0e-4731-8443-d8beb158987e\",\"isTransposed\":false,\"alignment\":\"center\"}],\"layerId\":\"cb34ca0a-d538-48ee-ba32-3a258367dcc6\",\"layerType\":\"data\"},\"query\":{\"query\":\"\",\"language\":\"kuery\"},\"filters\":[],\"datasourceStates\":{\"formBased\":{\"layers\":{\"cb34ca0a-d538-48ee-ba32-3a258367dcc6\":{\"columns\":{\"8ad0cfb3-0f6d-4812-83a5-9839604bd3bf\":{\"label\":\"Adapter Location\",\"dataType\":\"number\",\"operationType\":\"terms\",\"scale\":\"ordinal\",\"sourceField\":\"disk.location.adapter\",\"isBucketed\":true,\"params\":{\"size\":10,\"orderBy\":{\"type\":\"column\",\"columnId\":\"927d6f73-38bc-4ab6-b19d-53a7ca3969bf\"},\"orderDirection\":\"desc\",\"otherBucket\":true,\"missingBucket\":false,\"parentFormat\":{\"id\":\"terms\"},\"include\":[],\"exclude\":[],\"includeIsRegex\":false,\"excludeIsRegex\":false,\"secondaryFields\":[]},\"customLabel\":true},\"927d6f73-38bc-4ab6-b19d-53a7ca3969bf\":{\"label\":\"Count of records\",\"dataType\":\"number\",\"operationType\":\"count\",\"isBucketed\":false,\"scale\":\"ratio\",\"sourceField\":\"___records___\",\"params\":{\"emptyAsNull\":true}},\"a0c8e3f2-e88a-4fc8-acc1-3a73985a5e81\":{\"label\":\"Bus Location\",\"dataType\":\"number\",\"operationType\":\"terms\",\"scale\":\"ordinal\",\"sourceField\":\"disk.location.bus\",\"isBucketed\":true,\"params\":{\"size\":5,\"orderBy\":{\"type\":\"column\",\"columnId\":\"927d6f73-38bc-4ab6-b19d-53a7ca3969bf\"},\"orderDirection\":\"desc\",\"otherBucket\":true,\"missingBucket\":false,\"parentFormat\":{\"id\":\"terms\"},\"include\":[],\"exclude\":[],\"includeIsRegex\":false,\"excludeIsRegex\":false},\"customLabel\":true},\"1149bbca-2c04-4d09-822d-dc0a4a0d419e\":{\"label\":\"Disk Name\",\"dataType\":\"string\",\"operationType\":\"terms\",\"scale\":\"ordinal\",\"sourceField\":\"disk.name\",\"isBucketed\":true,\"params\":{\"size\":10,\"orderBy\":{\"type\":\"column\",\"columnId\":\"927d6f73-38bc-4ab6-b19d-53a7ca3969bf\"},\"orderDirection\":\"desc\",\"otherBucket\":true,\"missingBucket\":false,\"parentFormat\":{\"id\":\"terms\"},\"include\":[],\"exclude\":[],\"includeIsRegex\":false,\"excludeIsRegex\":false},\"customLabel\":true},\"4f2d2bac-b756-40d3-80ac-8ff4be4cd605\":{\"label\":\"PCI Slot\",\"dataType\":\"string\",\"operationType\":\"terms\",\"scale\":\"ordinal\",\"sourceField\":\"disk.location.pci_slot\",\"isBucketed\":true,\"params\":{\"size\":3,\"orderBy\":{\"type\":\"column\",\"columnId\":\"927d6f73-38bc-4ab6-b19d-53a7ca3969bf\"},\"orderDirection\":\"desc\",\"otherBucket\":true,\"missingBucket\":true,\"parentFormat\":{\"id\":\"terms\"},\"include\":[],\"exclude\":[],\"includeIsRegex\":false,\"excludeIsRegex\":false},\"customLabel\":true},\"b9ce9f0e-8634-42b2-8717-f64db6f1d7ae\":{\"label\":\"Function\",\"dataType\":\"number\",\"operationType\":\"range\",\"sourceField\":\"disk.location.function\",\"isBucketed\":true,\"scale\":\"interval\",\"params\":{\"includeEmptyRows\":true,\"type\":\"histogram\",\"ranges\":[{\"from\":0,\"to\":1000,\"label\":\"\"}],\"maxBars\":\"auto\"},\"customLabel\":true},\"faab2332-ae0e-4731-8443-d8beb158987e\":{\"label\":\"Device Location\",\"dataType\":\"number\",\"operationType\":\"range\",\"sourceField\":\"disk.location.device\",\"isBucketed\":true,\"scale\":\"interval\",\"params\":{\"includeEmptyRows\":true,\"type\":\"histogram\",\"ranges\":[{\"from\":0,\"to\":1000,\"label\":\"\"}],\"maxBars\":\"auto\"},\"customLabel\":true}},\"columnOrder\":[\"1149bbca-2c04-4d09-822d-dc0a4a0d419e\",\"4f2d2bac-b756-40d3-80ac-8ff4be4cd605\",\"8ad0cfb3-0f6d-4812-83a5-9839604bd3bf\",\"a0c8e3f2-e88a-4fc8-acc1-3a73985a5e81\",\"b9ce9f0e-8634-42b2-8717-f64db6f1d7ae\",\"faab2332-ae0e-4731-8443-d8beb158987e\",\"927d6f73-38bc-4ab6-b19d-53a7ca3969bf\"],\"incompleteColumns\":{},\"sampling\":1}}},\"textBased\":{\"layers\":{}}},\"internalReferences\":[],\"adHocDataViews\":{}}},\"hidePanelTitles\":false,\"enhancements\":{}},\"title\":\"Disk Locations\"},{\"version\":\"8.6.2\",\"type\":\"lens\",\"gridData\":{\"x\":6,\"y\":9,\"w\":5,\"h\":6,\"i\":\"13d03391-5f61-4049-833c-e90f550134ee\"},\"panelIndex\":\"13d03391-5f61-4049-833c-e90f550134ee\",\"embeddableConfig\":{\"attributes\":{\"title\":\"\",\"visualizationType\":\"lnsLegacyMetric\",\"type\":\"lens\",\"references\":[{\"type\":\"index-pattern\",\"id\":\"62456a9a-bd4c-4b57-b6b5-5556b6869ce5\",\"name\":\"indexpattern-datasource-layer-7cbc7137-0f64-4584-a31c-272e19b5be9a\"}],\"state\":{\"visualization\":{\"layerId\":\"7cbc7137-0f64-4584-a31c-272e19b5be9a\",\"accessor\":\"06ea4772-193a-450f-a877-f50c5a4e283a\",\"layerType\":\"data\",\"titlePosition\":\"bottom\",\"size\":\"l\",\"textAlign\":\"center\"},\"query\":{\"query\":\"\",\"language\":\"kuery\"},\"filters\":[],\"datasourceStates\":{\"formBased\":{\"layers\":{\"7cbc7137-0f64-4584-a31c-272e19b5be9a\":{\"columns\":{\"06ea4772-193a-450f-a877-f50c5a4e283a\":{\"label\":\"Total Number of Volumes\",\"dataType\":\"number\",\"operationType\":\"count\",\"isBucketed\":false,\"scale\":\"ratio\",\"sourceField\":\"___records___\",\"params\":{\"emptyAsNull\":true},\"customLabel\":true}},\"columnOrder\":[\"06ea4772-193a-450f-a877-f50c5a4e283a\"],\"sampling\":1,\"incompleteColumns\":{}}}},\"textBased\":{\"layers\":{}}},\"internalReferences\":[],\"adHocDataViews\":{}}},\"hidePanelTitles\":true,\"enhancements\":{}},\"title\":\"\"}]",
        "refreshInterval": {
            "pause": true,
            "value": 0
        },
        "timeFrom": "now-24h",
        "timeRestore": true,
        "timeTo": "now",
        "title": "[TYCHON] Endpoint Browser - Drives and Disks",
        "version": 1
    },
    "coreMigrationVersion": "8.6.2",
    "created_at": "2023-08-23T20:45:01.909Z",
    "id": "tychon-380b6c10-3dbd-11ee-9610-15dee918f31a-harddrive",
    "migrationVersion": {
        "dashboard": "8.6.0"
    },
    "references": [
        {
            "id": "tychon-ee4b44b0-40e6-11ee-8111-21f5f34f6dfc",
            "name": "d8ad9dec-a73f-4cc6-b9d3-c175e2b6feea:panel_d8ad9dec-a73f-4cc6-b9d3-c175e2b6feea",
            "type": "visualization"
        },
        {
            "id": "2dc584bc-c446-4150-b561-1415a45ebe87",
            "name": "aba0b52b-5f8e-4c87-956d-eea8f7c385fb:indexpattern-datasource-layer-7cbc7137-0f64-4584-a31c-272e19b5be9a",
            "type": "index-pattern"
        },
        {
            "id": "62456a9a-bd4c-4b57-b6b5-5556b6869ce5",
            "name": "f40d683e-92a6-422e-876c-4363f16dade0:indexpattern-datasource-layer-ab5ae478-53f7-419a-a1ec-7b08492df989",
            "type": "index-pattern"
        },
        {
            "id": "2dc584bc-c446-4150-b561-1415a45ebe87",
            "name": "20040d41-ab77-43a7-b5e2-a962b042275c:indexpattern-datasource-layer-9836a928-d429-4c9f-be78-970504fd7573",
            "type": "index-pattern"
        },
        {
            "id": "2dc584bc-c446-4150-b561-1415a45ebe87",
            "name": "4944f397-3eac-4bf8-a31e-8f6477febb89:indexpattern-datasource-layer-cb34ca0a-d538-48ee-ba32-3a258367dcc6",
            "type": "index-pattern"
        },
        {
            "id": "62456a9a-bd4c-4b57-b6b5-5556b6869ce5",
            "name": "13d03391-5f61-4049-833c-e90f550134ee:indexpattern-datasource-layer-7cbc7137-0f64-4584-a31c-272e19b5be9a",
            "type": "index-pattern"
        },
        {
            "id": "bb5226cd-c099-46d2-bb71-0257232c7d82",
            "name": "controlGroup_fddd86d2-bc58-48d0-880d-f1d537f90bdc:optionsListDataView",
            "type": "index-pattern"
        },
        {
            "id": "7f851220-3d41-11ee-9610-15dee918f31a",
            "name": "tag-ref-7f851220-3d41-11ee-9610-15dee918f31a",
            "type": "tag"
        },
        {
            "id": "e18d6100-3c85-11ee-9610-15dee918f31a",
            "name": "tag-ref-e18d6100-3c85-11ee-9610-15dee918f31a",
            "type": "tag"
        },
        {
            "id": "10af3800-10f3-11ee-af86-538da1394f27",
            "name": "tag-ref-10af3800-10f3-11ee-af86-538da1394f27",
            "type": "tag"
        },
        {
            "id": "a3922360-3de6-11ee-9610-15dee918f31a",
            "name": "tag-ref-a3922360-3de6-11ee-9610-15dee918f31a",
            "type": "tag"
        }
    ],
    "type": "dashboard",
    "updated_at": "2023-08-23T20:45:01.909Z",
    "version": "WzgyMDc1MywyMl0="
}