{
    "attributes": {
        "controlGroupInput": {
            "chainingSystem": "HIERARCHICAL",
            "controlStyle": "oneLine",
            "ignoreParentSettingsJSON": "{\"ignoreFilters\":false,\"ignoreQuery\":false,\"ignoreTimerange\":false,\"ignoreValidations\":false}",
            "panelsJSON": "{\"374dee3b-0adb-43f7-87d4-a8b9c1c9c1c5\":{\"order\":0,\"width\":\"large\",\"grow\":true,\"type\":\"optionsListControl\",\"explicitInput\":{\"fieldName\":\"host.hostname\",\"title\":\"Hostname\",\"singleSelect\":true,\"hideExclude\":true,\"hideExists\":true,\"id\":\"374dee3b-0adb-43f7-87d4-a8b9c1c9c1c5\",\"enhancements\":{}}}}"
        },
        "description": "The \"TYCHON Endpoint Browser\" dashboard provides host visualization data for a single endpoint at a time. The dashboard is a set of several individual views broken down by tabs near the top of the screen. The TYCHON Endpoint Browser – Host Information view displays overall Operating System data and summary information from its subordinate datasets (disks, drives, vulnerabilities, benchmarks, etc.).",
        "kibanaSavedObjectMeta": {
            "searchSourceJSON": "{\"query\":{\"query\":\"\",\"language\":\"kuery\"},\"filter\":[]}"
        },
        "optionsJSON": "{\"useMargins\":true,\"syncColors\":true,\"syncCursor\":true,\"syncTooltips\":false,\"hidePanelTitles\":false}",
        "panelsJSON": "[{\"version\":\"8.6.2\",\"type\":\"visualization\",\"gridData\":{\"x\":0,\"y\":0,\"w\":48,\"h\":3,\"i\":\"2d1446f2-6aee-4a7c-84e2-aeffa6c5cf9d\"},\"panelIndex\":\"2d1446f2-6aee-4a7c-84e2-aeffa6c5cf9d\",\"embeddableConfig\":{\"hidePanelTitles\":true,\"enhancements\":{}},\"panelRefName\":\"panel_2d1446f2-6aee-4a7c-84e2-aeffa6c5cf9d\"},{\"version\":\"8.6.2\",\"type\":\"visualization\",\"gridData\":{\"x\":0,\"y\":3,\"w\":6,\"h\":10,\"i\":\"a5029f8a-476b-4375-bb7a-d60889ade8a4\"},\"panelIndex\":\"a5029f8a-476b-4375-bb7a-d60889ade8a4\",\"embeddableConfig\":{\"savedVis\":{\"id\":\"\",\"title\":\"\",\"description\":\"\",\"type\":\"metrics\",\"params\":{\"time_range_mode\":\"entire_time_range\",\"id\":\"92d62e85-e917-436d-b8d3-f69df24ed02b\",\"type\":\"markdown\",\"series\":[{\"time_range_mode\":\"entire_time_range\",\"id\":\"5c94a663-8135-4c09-acdf-a8e828c62ef4\",\"color\":\"#68BC00\",\"split_mode\":\"everything\",\"palette\":{\"type\":\"palette\",\"name\":\"default\"},\"metrics\":[{\"order\":\"desc\",\"agg_with\":\"concat\",\"id\":\"2f2e4338-bd68-4176-966b-1f6aae9574e6\",\"type\":\"top_hit\",\"field\":\"host.os.name\"}],\"separate_axis\":0,\"axis_position\":\"right\",\"formatter\":\"default\",\"chart_type\":\"line\",\"line_width\":1,\"point_size\":1,\"fill\":0.5,\"stacked\":\"none\",\"override_index_pattern\":0,\"series_drop_last_bucket\":0,\"label\":\"osname\",\"var_name\":\"osname\"},{\"time_range_mode\":\"entire_time_range\",\"id\":\"f04dc8d0-4151-11ee-982a-2bb4f2d49090\",\"color\":\"#68BC00\",\"split_mode\":\"everything\",\"palette\":{\"type\":\"palette\",\"name\":\"default\"},\"metrics\":[{\"order\":\"desc\",\"agg_with\":\"concat\",\"id\":\"f04dc8d1-4151-11ee-982a-2bb4f2d49090\",\"type\":\"top_hit\",\"field\":\"host.architecture\"}],\"separate_axis\":0,\"axis_position\":\"right\",\"formatter\":\"default\",\"chart_type\":\"line\",\"line_width\":1,\"point_size\":1,\"fill\":0.5,\"stacked\":\"none\",\"override_index_pattern\":0,\"series_drop_last_bucket\":0,\"label\":\"hostarch\",\"var_name\":\"hostarch\"},{\"time_range_mode\":\"entire_time_range\",\"id\":\"07d09d20-4152-11ee-982a-2bb4f2d49090\",\"color\":\"#68BC00\",\"split_mode\":\"everything\",\"palette\":{\"type\":\"palette\",\"name\":\"default\"},\"metrics\":[{\"order\":\"desc\",\"agg_with\":\"concat\",\"id\":\"07d09d21-4152-11ee-982a-2bb4f2d49090\",\"type\":\"top_hit\",\"field\":\"host.os.kernel\"}],\"separate_axis\":0,\"axis_position\":\"right\",\"formatter\":\"default\",\"chart_type\":\"line\",\"line_width\":1,\"point_size\":1,\"fill\":0.5,\"stacked\":\"none\",\"override_index_pattern\":0,\"series_drop_last_bucket\":0,\"label\":\"hostkern\",\"var_name\":\"hostkern\"},{\"time_range_mode\":\"entire_time_range\",\"id\":\"24089510-4152-11ee-982a-2bb4f2d49090\",\"color\":\"#68BC00\",\"split_mode\":\"everything\",\"palette\":{\"type\":\"palette\",\"name\":\"default\"},\"metrics\":[{\"order\":\"desc\",\"agg_with\":\"concat\",\"id\":\"24089511-4152-11ee-982a-2bb4f2d49090\",\"type\":\"top_hit\",\"field\":\"host.os.version\"}],\"separate_axis\":0,\"axis_position\":\"right\",\"formatter\":\"default\",\"chart_type\":\"line\",\"line_width\":1,\"point_size\":1,\"fill\":0.5,\"stacked\":\"none\",\"override_index_pattern\":0,\"series_drop_last_bucket\":0,\"label\":\"osver\",\"var_name\":\"osver\"},{\"time_range_mode\":\"entire_time_range\",\"id\":\"b292c170-4152-11ee-982a-2bb4f2d49090\",\"color\":\"#68BC00\",\"split_mode\":\"everything\",\"palette\":{\"type\":\"palette\",\"name\":\"default\"},\"metrics\":[{\"order\":\"desc\",\"agg_with\":\"concat\",\"id\":\"b292c171-4152-11ee-982a-2bb4f2d49090\",\"type\":\"top_hit\",\"field\":\"host.os.description\"}],\"separate_axis\":0,\"axis_position\":\"right\",\"formatter\":\"default\",\"chart_type\":\"line\",\"line_width\":1,\"point_size\":1,\"fill\":0.5,\"stacked\":\"none\",\"override_index_pattern\":0,\"series_drop_last_bucket\":0,\"label\":\"osdesc\",\"var_name\":\"osdesc\"},{\"time_range_mode\":\"entire_time_range\",\"id\":\"d3de77c0-4152-11ee-982a-2bb4f2d49090\",\"color\":\"#68BC00\",\"split_mode\":\"everything\",\"palette\":{\"type\":\"palette\",\"name\":\"default\"},\"metrics\":[{\"order\":\"desc\",\"agg_with\":\"concat\",\"id\":\"d3de77c1-4152-11ee-982a-2bb4f2d49090\",\"type\":\"top_hit\",\"field\":\"host.os.edition\"}],\"separate_axis\":0,\"axis_position\":\"right\",\"formatter\":\"default\",\"chart_type\":\"line\",\"line_width\":1,\"point_size\":1,\"fill\":0.5,\"stacked\":\"none\",\"override_index_pattern\":0,\"series_drop_last_bucket\":0,\"label\":\"osedition\",\"var_name\":\"osedition\"},{\"time_range_mode\":\"entire_time_range\",\"id\":\"230bf020-4153-11ee-982a-2bb4f2d49090\",\"color\":\"#68BC00\",\"split_mode\":\"everything\",\"palette\":{\"type\":\"palette\",\"name\":\"default\"},\"metrics\":[{\"order\":\"desc\",\"agg_with\":\"concat\",\"id\":\"230bf021-4153-11ee-982a-2bb4f2d49090\",\"type\":\"top_hit\",\"field\":\"host.os.organization\"}],\"separate_axis\":0,\"axis_position\":\"right\",\"formatter\":\"default\",\"chart_type\":\"line\",\"line_width\":1,\"point_size\":1,\"fill\":0.5,\"stacked\":\"none\",\"override_index_pattern\":0,\"series_drop_last_bucket\":0,\"label\":\"osorg\",\"var_name\":\"osorg\"},{\"time_range_mode\":\"entire_time_range\",\"id\":\"3b35d9e0-4153-11ee-982a-2bb4f2d49090\",\"color\":\"#68BC00\",\"split_mode\":\"everything\",\"palette\":{\"type\":\"palette\",\"name\":\"default\"},\"metrics\":[{\"order\":\"desc\",\"agg_with\":\"concat\",\"id\":\"3b35d9e1-4153-11ee-982a-2bb4f2d49090\",\"type\":\"top_hit\",\"field\":\"host.os.platform\"}],\"separate_axis\":0,\"axis_position\":\"right\",\"formatter\":\"default\",\"chart_type\":\"line\",\"line_width\":1,\"point_size\":1,\"fill\":0.5,\"stacked\":\"none\",\"override_index_pattern\":0,\"series_drop_last_bucket\":0,\"label\":\"osplatform\",\"var_name\":\"osplatform\"},{\"time_range_mode\":\"entire_time_range\",\"id\":\"82b7d200-4153-11ee-982a-2bb4f2d49090\",\"color\":\"#68BC00\",\"split_mode\":\"everything\",\"palette\":{\"type\":\"palette\",\"name\":\"default\"},\"metrics\":[{\"order\":\"desc\",\"agg_with\":\"concat\",\"id\":\"82b7d201-4153-11ee-982a-2bb4f2d49090\",\"type\":\"top_hit\",\"field\":\"host.os.build\"}],\"separate_axis\":0,\"axis_position\":\"right\",\"formatter\":\"default\",\"chart_type\":\"line\",\"line_width\":1,\"point_size\":1,\"fill\":0.5,\"stacked\":\"none\",\"override_index_pattern\":0,\"series_drop_last_bucket\":0,\"label\":\"osbuild\",\"var_name\":\"osbuild\"}],\"time_field\":\"\",\"use_kibana_indexes\":true,\"interval\":\"\",\"axis_position\":\"left\",\"axis_formatter\":\"number\",\"axis_scale\":\"normal\",\"show_legend\":1,\"truncate_legend\":1,\"max_lines_legend\":1,\"show_grid\":1,\"tooltip_mode\":\"show_all\",\"drop_last_bucket\":0,\"isModelInvalid\":false,\"markdown\":\"**Platform:** {{ osplatform.osplatform.last.formatted }} \\\\\\r\\n**Operating System:** {{ osname.osname.last.formatted }} \\\\\\r\\n**Architecture:** {{ hostarch.hostarch.last.formatted }} \\\\\\r\\n**Kernel:** {{ hostkern.hostkern.last.formatted }} \\\\\\r\\n**Version:** {{ osver.osver.last.formatted }} \\\\\\r\\n**Build:** {{ osbuild.osbuild.last.formatted }} \\\\\\r\\n**Description:** {{ osdesc.osdesc.last.formatted }} \\\\\\r\\n**Edition:** {{ osedition.osedition.last.formatted }} \\\\\\r\\n**Organization:** {{ osorg.osorg.last.formatted }}\",\"index_pattern_ref_name\":\"metrics_a5029f8a-476b-4375-bb7a-d60889ade8a4_0_index_pattern\"},\"uiState\":{},\"data\":{\"aggs\":[],\"searchSource\":{\"query\":{\"query\":\"\",\"language\":\"kuery\"},\"filter\":[]}}},\"hidePanelTitles\":false,\"enhancements\":{}},\"title\":\"OS Information\"},{\"version\":\"8.6.2\",\"type\":\"lens\",\"gridData\":{\"x\":6,\"y\":3,\"w\":17,\"h\":5,\"i\":\"8ecc8919-ac6e-4281-a356-05f552ccf10f\"},\"panelIndex\":\"8ecc8919-ac6e-4281-a356-05f552ccf10f\",\"embeddableConfig\":{\"attributes\":{\"title\":\"\",\"visualizationType\":\"lnsDatatable\",\"type\":\"lens\",\"references\":[{\"type\":\"index-pattern\",\"id\":\"9267bb1b-cf22-4417-8cfb-6606848140a7\",\"name\":\"indexpattern-datasource-layer-f4ed5a42-075e-4684-a82d-9b69f3ff5212\"}],\"state\":{\"visualization\":{\"layerId\":\"f4ed5a42-075e-4684-a82d-9b69f3ff5212\",\"layerType\":\"data\",\"columns\":[{\"columnId\":\"5db71250-e4a6-4352-9841-60bda3bb3d61\",\"hidden\":true},{\"columnId\":\"5ed56c44-5133-41e1-a6b9-53625ce522d3\",\"isTransposed\":false},{\"columnId\":\"18ea8a72-e8df-47b2-ad13-56ae22d6e75e\",\"isTransposed\":false},{\"columnId\":\"6b659b27-bfc8-452e-b8f9-3893e43a24ab\",\"isTransposed\":false}]},\"query\":{\"query\":\"\",\"language\":\"kuery\"},\"filters\":[],\"datasourceStates\":{\"formBased\":{\"layers\":{\"f4ed5a42-075e-4684-a82d-9b69f3ff5212\":{\"columns\":{\"5db71250-e4a6-4352-9841-60bda3bb3d61\":{\"label\":\"Count of records\",\"dataType\":\"number\",\"operationType\":\"count\",\"isBucketed\":false,\"scale\":\"ratio\",\"sourceField\":\"___records___\",\"params\":{\"emptyAsNull\":true}},\"5ed56c44-5133-41e1-a6b9-53625ce522d3\":{\"label\":\"BIOS Name\",\"dataType\":\"string\",\"operationType\":\"terms\",\"scale\":\"ordinal\",\"sourceField\":\"host.hardware.bios.name\",\"isBucketed\":true,\"params\":{\"size\":2,\"orderBy\":{\"type\":\"column\",\"columnId\":\"5db71250-e4a6-4352-9841-60bda3bb3d61\"},\"orderDirection\":\"desc\",\"otherBucket\":true,\"missingBucket\":false,\"parentFormat\":{\"id\":\"terms\"},\"include\":[],\"exclude\":[],\"includeIsRegex\":false,\"excludeIsRegex\":false},\"customLabel\":true},\"18ea8a72-e8df-47b2-ad13-56ae22d6e75e\":{\"label\":\"BIOS Version\",\"dataType\":\"string\",\"operationType\":\"terms\",\"scale\":\"ordinal\",\"sourceField\":\"host.hardware.bios.version\",\"isBucketed\":true,\"params\":{\"size\":3,\"orderBy\":{\"type\":\"column\",\"columnId\":\"5db71250-e4a6-4352-9841-60bda3bb3d61\"},\"orderDirection\":\"desc\",\"otherBucket\":true,\"missingBucket\":true,\"parentFormat\":{\"id\":\"terms\"},\"include\":[],\"exclude\":[],\"includeIsRegex\":false,\"excludeIsRegex\":false},\"customLabel\":true},\"6b659b27-bfc8-452e-b8f9-3893e43a24ab\":{\"label\":\"BIOS Serialnumber\",\"dataType\":\"string\",\"operationType\":\"terms\",\"scale\":\"ordinal\",\"sourceField\":\"host.biossn\",\"isBucketed\":true,\"params\":{\"size\":3,\"orderBy\":{\"type\":\"column\",\"columnId\":\"5db71250-e4a6-4352-9841-60bda3bb3d61\"},\"orderDirection\":\"desc\",\"otherBucket\":true,\"missingBucket\":false,\"parentFormat\":{\"id\":\"terms\"},\"include\":[],\"exclude\":[],\"includeIsRegex\":false,\"excludeIsRegex\":false},\"customLabel\":true}},\"columnOrder\":[\"5ed56c44-5133-41e1-a6b9-53625ce522d3\",\"18ea8a72-e8df-47b2-ad13-56ae22d6e75e\",\"6b659b27-bfc8-452e-b8f9-3893e43a24ab\",\"5db71250-e4a6-4352-9841-60bda3bb3d61\"],\"incompleteColumns\":{},\"sampling\":1}}},\"textBased\":{\"layers\":{}}},\"internalReferences\":[],\"adHocDataViews\":{}}},\"hidePanelTitles\":false,\"enhancements\":{}},\"title\":\"Host BIOS Information\"},{\"version\":\"8.6.2\",\"type\":\"lens\",\"gridData\":{\"x\":23,\"y\":3,\"w\":25,\"h\":5,\"i\":\"fd21cc47-2ac3-4a88-8598-c458a47d1e90\"},\"panelIndex\":\"fd21cc47-2ac3-4a88-8598-c458a47d1e90\",\"embeddableConfig\":{\"attributes\":{\"title\":\"\",\"visualizationType\":\"lnsDatatable\",\"type\":\"lens\",\"references\":[{\"type\":\"index-pattern\",\"id\":\"9267bb1b-cf22-4417-8cfb-6606848140a7\",\"name\":\"indexpattern-datasource-layer-596cb7b8-af7b-40db-affa-e7591c0165be\"}],\"state\":{\"visualization\":{\"columns\":[{\"isTransposed\":false,\"columnId\":\"703fc954-3aab-4cea-b5b5-ec2b68e311bb\"},{\"isTransposed\":false,\"columnId\":\"0f437a99-d536-4931-ae23-18509767b878\",\"hidden\":true},{\"columnId\":\"84fbf0d5-cd51-41c0-a7c7-6072fd807f0b\",\"isTransposed\":false},{\"columnId\":\"b9936688-2921-4cc7-b058-e0fc26c376ec\",\"isTransposed\":false},{\"columnId\":\"074126a4-578b-4f8d-85df-0a460025e011\",\"isTransposed\":false,\"alignment\":\"center\"}],\"layerId\":\"596cb7b8-af7b-40db-affa-e7591c0165be\",\"layerType\":\"data\"},\"query\":{\"query\":\"\",\"language\":\"kuery\"},\"filters\":[],\"datasourceStates\":{\"formBased\":{\"layers\":{\"596cb7b8-af7b-40db-affa-e7591c0165be\":{\"columns\":{\"703fc954-3aab-4cea-b5b5-ec2b68e311bb\":{\"label\":\"System Manufacturer\",\"dataType\":\"string\",\"operationType\":\"terms\",\"scale\":\"ordinal\",\"sourceField\":\"host.hardware.manufacturer\",\"isBucketed\":true,\"params\":{\"size\":5,\"orderBy\":{\"type\":\"column\",\"columnId\":\"0f437a99-d536-4931-ae23-18509767b878\"},\"orderDirection\":\"desc\",\"otherBucket\":true,\"missingBucket\":true,\"parentFormat\":{\"id\":\"terms\"},\"include\":[],\"exclude\":[],\"includeIsRegex\":false,\"excludeIsRegex\":false},\"customLabel\":true},\"0f437a99-d536-4931-ae23-18509767b878\":{\"label\":\"Count of records\",\"dataType\":\"number\",\"operationType\":\"count\",\"isBucketed\":false,\"scale\":\"ratio\",\"sourceField\":\"___records___\",\"params\":{\"emptyAsNull\":true}},\"84fbf0d5-cd51-41c0-a7c7-6072fd807f0b\":{\"label\":\"Owner\",\"dataType\":\"string\",\"operationType\":\"terms\",\"scale\":\"ordinal\",\"sourceField\":\"host.hardware.owner\",\"isBucketed\":true,\"params\":{\"size\":3,\"orderBy\":{\"type\":\"column\",\"columnId\":\"0f437a99-d536-4931-ae23-18509767b878\"},\"orderDirection\":\"desc\",\"otherBucket\":true,\"missingBucket\":true,\"parentFormat\":{\"id\":\"terms\"},\"include\":[],\"exclude\":[],\"includeIsRegex\":false,\"excludeIsRegex\":false},\"customLabel\":true},\"b9936688-2921-4cc7-b058-e0fc26c376ec\":{\"label\":\"Serial Number\",\"dataType\":\"string\",\"operationType\":\"terms\",\"scale\":\"ordinal\",\"sourceField\":\"host.hardware.serial_number\",\"isBucketed\":true,\"params\":{\"size\":3,\"orderBy\":{\"type\":\"column\",\"columnId\":\"0f437a99-d536-4931-ae23-18509767b878\"},\"orderDirection\":\"desc\",\"otherBucket\":true,\"missingBucket\":true,\"parentFormat\":{\"id\":\"terms\"},\"include\":[],\"exclude\":[],\"includeIsRegex\":false,\"excludeIsRegex\":false},\"customLabel\":true},\"074126a4-578b-4f8d-85df-0a460025e011\":{\"label\":\"Domain\",\"dataType\":\"string\",\"operationType\":\"terms\",\"scale\":\"ordinal\",\"sourceField\":\"host.domain\",\"isBucketed\":true,\"params\":{\"size\":3,\"orderBy\":{\"type\":\"column\",\"columnId\":\"0f437a99-d536-4931-ae23-18509767b878\"},\"orderDirection\":\"desc\",\"otherBucket\":true,\"missingBucket\":true,\"parentFormat\":{\"id\":\"terms\"},\"include\":[],\"exclude\":[],\"includeIsRegex\":false,\"excludeIsRegex\":false},\"customLabel\":true}},\"columnOrder\":[\"703fc954-3aab-4cea-b5b5-ec2b68e311bb\",\"84fbf0d5-cd51-41c0-a7c7-6072fd807f0b\",\"b9936688-2921-4cc7-b058-e0fc26c376ec\",\"074126a4-578b-4f8d-85df-0a460025e011\",\"0f437a99-d536-4931-ae23-18509767b878\"],\"incompleteColumns\":{},\"sampling\":1}}},\"textBased\":{\"layers\":{}}},\"internalReferences\":[],\"adHocDataViews\":{}}},\"hidePanelTitles\":false,\"enhancements\":{}},\"title\":\"Computer Info\"},{\"version\":\"8.6.2\",\"type\":\"lens\",\"gridData\":{\"x\":6,\"y\":8,\"w\":42,\"h\":5,\"i\":\"7412b1ca-0c47-4905-aa6a-474686887f76\"},\"panelIndex\":\"7412b1ca-0c47-4905-aa6a-474686887f76\",\"embeddableConfig\":{\"attributes\":{\"title\":\"\",\"visualizationType\":\"lnsDatatable\",\"type\":\"lens\",\"references\":[{\"type\":\"index-pattern\",\"id\":\"a264bf8d-abc3-4789-9f4c-bf76397e06ba\",\"name\":\"indexpattern-datasource-layer-21cf6cf3-6399-4b45-8e70-849aa6623d06\"}],\"state\":{\"visualization\":{\"columns\":[{\"isTransposed\":false,\"columnId\":\"0f5c4a52-d271-4328-95b6-6c69453180bc\",\"width\":387.2857142857143},{\"isTransposed\":false,\"columnId\":\"52e60488-e5d3-40c2-80a0-07344374be6d\"},{\"columnId\":\"b718099c-427c-4132-95e5-660deafe078c\",\"isTransposed\":false},{\"columnId\":\"54346d91-c191-4452-a917-df1c036d9795\",\"isTransposed\":false,\"alignment\":\"center\",\"width\":188.61904761904765},{\"columnId\":\"0d7c7fc3-2b87-4d1b-9032-2a962327b5b6\",\"isTransposed\":false,\"alignment\":\"center\",\"width\":196.21904761904761},{\"columnId\":\"eba3a044-1b3b-4a95-85a1-b16eda075894\",\"isTransposed\":false,\"alignment\":\"center\",\"width\":217.71904761904761},{\"columnId\":\"1d0ad394-868c-4a94-984b-20325b2e1304\",\"isTransposed\":false,\"alignment\":\"center\"},{\"columnId\":\"18b6d48d-b1d6-4d14-8f46-f7132ab3ecff\",\"isTransposed\":false,\"alignment\":\"center\"},{\"columnId\":\"fa120ad2-0f99-4d28-bc0d-e387ad82614b\",\"isTransposed\":false,\"alignment\":\"center\"}],\"layerId\":\"21cf6cf3-6399-4b45-8e70-849aa6623d06\",\"layerType\":\"data\"},\"query\":{\"query\":\"\",\"language\":\"kuery\"},\"filters\":[],\"datasourceStates\":{\"formBased\":{\"layers\":{\"21cf6cf3-6399-4b45-8e70-849aa6623d06\":{\"columns\":{\"0f5c4a52-d271-4328-95b6-6c69453180bc\":{\"label\":\"Name\",\"dataType\":\"string\",\"operationType\":\"terms\",\"scale\":\"ordinal\",\"sourceField\":\"host.cpu.name\",\"isBucketed\":true,\"params\":{\"size\":5,\"orderBy\":{\"type\":\"column\",\"columnId\":\"52e60488-e5d3-40c2-80a0-07344374be6d\"},\"orderDirection\":\"desc\",\"otherBucket\":true,\"missingBucket\":false,\"parentFormat\":{\"id\":\"terms\"},\"include\":[],\"exclude\":[],\"includeIsRegex\":false,\"excludeIsRegex\":false},\"customLabel\":true},\"52e60488-e5d3-40c2-80a0-07344374be6d\":{\"label\":\"Count of records\",\"dataType\":\"number\",\"operationType\":\"count\",\"isBucketed\":false,\"scale\":\"ratio\",\"sourceField\":\"___records___\",\"params\":{\"emptyAsNull\":true}},\"b718099c-427c-4132-95e5-660deafe078c\":{\"label\":\"Manufacturer\",\"dataType\":\"string\",\"operationType\":\"terms\",\"scale\":\"ordinal\",\"sourceField\":\"host.cpu.manufacturer\",\"isBucketed\":true,\"params\":{\"size\":3,\"orderBy\":{\"type\":\"column\",\"columnId\":\"52e60488-e5d3-40c2-80a0-07344374be6d\"},\"orderDirection\":\"desc\",\"otherBucket\":true,\"missingBucket\":false,\"parentFormat\":{\"id\":\"terms\"},\"include\":[],\"exclude\":[],\"includeIsRegex\":false,\"excludeIsRegex\":false},\"customLabel\":true},\"54346d91-c191-4452-a917-df1c036d9795\":{\"label\":\"Cores\",\"dataType\":\"number\",\"operationType\":\"range\",\"sourceField\":\"host.cpu.number_of_cores\",\"isBucketed\":true,\"scale\":\"interval\",\"params\":{\"includeEmptyRows\":true,\"type\":\"histogram\",\"ranges\":[{\"from\":0,\"to\":1000,\"label\":\"\"}],\"maxBars\":\"auto\"},\"customLabel\":true},\"0d7c7fc3-2b87-4d1b-9032-2a962327b5b6\":{\"label\":\"Processors\",\"dataType\":\"number\",\"operationType\":\"range\",\"sourceField\":\"host.cpu.number_of_logical_processors\",\"isBucketed\":true,\"scale\":\"interval\",\"params\":{\"includeEmptyRows\":true,\"type\":\"histogram\",\"ranges\":[{\"from\":0,\"to\":1000,\"label\":\"\"}],\"maxBars\":\"auto\"},\"customLabel\":true},\"eba3a044-1b3b-4a95-85a1-b16eda075894\":{\"label\":\"Speed GHZ\",\"dataType\":\"number\",\"operationType\":\"range\",\"sourceField\":\"host.cpu.speed\",\"isBucketed\":true,\"scale\":\"interval\",\"params\":{\"includeEmptyRows\":true,\"type\":\"histogram\",\"ranges\":[{\"from\":0,\"to\":1000,\"label\":\"\"}],\"maxBars\":\"auto\"},\"customLabel\":true},\"1d0ad394-868c-4a94-984b-20325b2e1304\":{\"label\":\"Virtualization Enabled\",\"dataType\":\"boolean\",\"operationType\":\"terms\",\"scale\":\"ordinal\",\"sourceField\":\"host.cpu.virtualization_firmware_enabled\",\"isBucketed\":true,\"params\":{\"size\":3,\"orderBy\":{\"type\":\"column\",\"columnId\":\"52e60488-e5d3-40c2-80a0-07344374be6d\"},\"orderDirection\":\"desc\",\"otherBucket\":true,\"missingBucket\":false,\"parentFormat\":{\"id\":\"terms\"},\"include\":[],\"exclude\":[],\"includeIsRegex\":false,\"excludeIsRegex\":false},\"customLabel\":true},\"18b6d48d-b1d6-4d14-8f46-f7132ab3ecff\":{\"label\":\"Family\",\"dataType\":\"string\",\"operationType\":\"terms\",\"scale\":\"ordinal\",\"sourceField\":\"host.cpu.family\",\"isBucketed\":true,\"params\":{\"size\":3,\"orderBy\":{\"type\":\"column\",\"columnId\":\"52e60488-e5d3-40c2-80a0-07344374be6d\"},\"orderDirection\":\"desc\",\"otherBucket\":true,\"missingBucket\":false,\"parentFormat\":{\"id\":\"terms\"},\"include\":[],\"exclude\":[],\"includeIsRegex\":false,\"excludeIsRegex\":false},\"customLabel\":true},\"fa120ad2-0f99-4d28-bc0d-e387ad82614b\":{\"label\":\"Clock Speed\",\"dataType\":\"number\",\"operationType\":\"range\",\"sourceField\":\"host.cpu.clockspeed\",\"isBucketed\":true,\"scale\":\"interval\",\"params\":{\"includeEmptyRows\":true,\"type\":\"histogram\",\"ranges\":[{\"from\":0,\"to\":1000,\"label\":\"\"}],\"maxBars\":\"auto\"},\"customLabel\":true}},\"columnOrder\":[\"0f5c4a52-d271-4328-95b6-6c69453180bc\",\"b718099c-427c-4132-95e5-660deafe078c\",\"54346d91-c191-4452-a917-df1c036d9795\",\"0d7c7fc3-2b87-4d1b-9032-2a962327b5b6\",\"eba3a044-1b3b-4a95-85a1-b16eda075894\",\"fa120ad2-0f99-4d28-bc0d-e387ad82614b\",\"1d0ad394-868c-4a94-984b-20325b2e1304\",\"18b6d48d-b1d6-4d14-8f46-f7132ab3ecff\",\"52e60488-e5d3-40c2-80a0-07344374be6d\"],\"incompleteColumns\":{},\"sampling\":1}}},\"textBased\":{\"layers\":{}}},\"internalReferences\":[],\"adHocDataViews\":{}}},\"hidePanelTitles\":false,\"enhancements\":{}},\"title\":\"System CPU\"},{\"version\":\"8.6.2\",\"type\":\"lens\",\"gridData\":{\"x\":0,\"y\":13,\"w\":6,\"h\":6,\"i\":\"88c54662-3d8e-4484-9bad-ab4d1aac4ffc\"},\"panelIndex\":\"88c54662-3d8e-4484-9bad-ab4d1aac4ffc\",\"embeddableConfig\":{\"attributes\":{\"title\":\"\",\"visualizationType\":\"lnsLegacyMetric\",\"type\":\"lens\",\"references\":[{\"type\":\"index-pattern\",\"id\":\"78931842-dc88-45d7-a6ee-d79fb9f615bd\",\"name\":\"indexpattern-datasource-layer-72f117b5-7ab9-41e7-a1f4-423f8b423707\"}],\"state\":{\"visualization\":{\"layerId\":\"72f117b5-7ab9-41e7-a1f4-423f8b423707\",\"accessor\":\"0e0ad3dc-89f4-471c-bf9c-55e1fa0cc457\",\"layerType\":\"data\",\"titlePosition\":\"bottom\",\"textAlign\":\"center\",\"colorMode\":\"Labels\",\"palette\":{\"name\":\"custom\",\"type\":\"palette\",\"params\":{\"steps\":3,\"name\":\"custom\",\"reverse\":false,\"rangeType\":\"number\",\"rangeMin\":null,\"rangeMax\":null,\"progression\":\"fixed\",\"stops\":[{\"color\":\"#209280\",\"stop\":1},{\"color\":\"#CB4848\",\"stop\":4}],\"colorStops\":[{\"color\":\"#209280\",\"stop\":null},{\"color\":\"#CB4848\",\"stop\":1}],\"continuity\":\"all\",\"maxSteps\":5}},\"size\":\"xl\"},\"query\":{\"query\":\"\",\"language\":\"kuery\"},\"filters\":[],\"datasourceStates\":{\"formBased\":{\"layers\":{\"72f117b5-7ab9-41e7-a1f4-423f8b423707\":{\"columns\":{\"0e0ad3dc-89f4-471c-bf9c-55e1fa0cc457\":{\"label\":\"Failing Vulnerabilities\",\"dataType\":\"number\",\"operationType\":\"unique_count\",\"scale\":\"ratio\",\"sourceField\":\"vulnerability.id\",\"isBucketed\":false,\"filter\":{\"query\":\"vulnerability.result : \\\"fail\\\" \",\"language\":\"kuery\"},\"params\":{\"emptyAsNull\":false},\"customLabel\":true}},\"columnOrder\":[\"0e0ad3dc-89f4-471c-bf9c-55e1fa0cc457\"],\"sampling\":1,\"incompleteColumns\":{}}}},\"textBased\":{\"layers\":{}}},\"internalReferences\":[],\"adHocDataViews\":{}}},\"hidePanelTitles\":true,\"enhancements\":{\"dynamicActions\":{\"events\":[{\"eventId\":\"69270630-ea7e-41db-a897-69da6ff72cdf\",\"triggers\":[\"FILTER_TRIGGER\"],\"action\":{\"factoryId\":\"DASHBOARD_TO_DASHBOARD_DRILLDOWN\",\"name\":\"View Vulnerabilities for this endpoint\",\"config\":{\"useCurrentFilters\":true,\"useCurrentDateRange\":true,\"openInNewTab\":false}}}]}}}},{\"version\":\"8.6.2\",\"type\":\"lens\",\"gridData\":{\"x\":6,\"y\":13,\"w\":42,\"h\":7,\"i\":\"5ba071e0-cef6-4e8f-b34a-11b1cc806714\"},\"panelIndex\":\"5ba071e0-cef6-4e8f-b34a-11b1cc806714\",\"embeddableConfig\":{\"attributes\":{\"title\":\"\",\"visualizationType\":\"lnsDatatable\",\"type\":\"lens\",\"references\":[{\"type\":\"index-pattern\",\"id\":\"e886429e-9532-4f44-bb36-6465fe760866\",\"name\":\"indexpattern-datasource-layer-56f3ea8a-a52d-462c-a5d6-2446d6826ad2\"}],\"state\":{\"visualization\":{\"layerId\":\"56f3ea8a-a52d-462c-a5d6-2446d6826ad2\",\"layerType\":\"data\",\"columns\":[{\"isTransposed\":false,\"columnId\":\"359f23a5-abc4-4204-bbf3-16951a7c5d72\",\"alignment\":\"center\"},{\"columnId\":\"34e5c607-4963-4388-a2d1-5c925ff7ea54\",\"isTransposed\":false,\"hidden\":true},{\"columnId\":\"85ee823b-6334-4687-ab5f-43570c69996c\",\"isTransposed\":false},{\"columnId\":\"ab0584bf-ccba-47f9-8185-655880391447\",\"isTransposed\":false,\"width\":118.66666666666663,\"alignment\":\"center\"},{\"columnId\":\"99c6b2d5-c246-46a3-86dd-55d9e30491fd\",\"isTransposed\":false,\"alignment\":\"center\"},{\"columnId\":\"f3863ce5-8d01-4f5e-a42b-137410f47c41\",\"isTransposed\":false,\"alignment\":\"center\"},{\"columnId\":\"52fb95cb-0446-4db0-93d7-d79a7fea0344\",\"isTransposed\":false,\"alignment\":\"center\",\"width\":156.66666666666669},{\"columnId\":\"697b46cb-1d88-49da-9761-25a974891b4a\",\"isTransposed\":false,\"alignment\":\"center\"}]},\"query\":{\"query\":\"\",\"language\":\"kuery\"},\"filters\":[],\"datasourceStates\":{\"formBased\":{\"layers\":{\"56f3ea8a-a52d-462c-a5d6-2446d6826ad2\":{\"columns\":{\"359f23a5-abc4-4204-bbf3-16951a7c5d72\":{\"label\":\"IP\",\"dataType\":\"ip\",\"operationType\":\"terms\",\"scale\":\"ordinal\",\"sourceField\":\"host.adapter.ip\",\"isBucketed\":true,\"params\":{\"size\":5,\"orderBy\":{\"type\":\"column\",\"columnId\":\"34e5c607-4963-4388-a2d1-5c925ff7ea54\"},\"orderDirection\":\"desc\",\"otherBucket\":true,\"missingBucket\":false,\"parentFormat\":{\"id\":\"terms\"},\"include\":[],\"exclude\":[],\"includeIsRegex\":false,\"excludeIsRegex\":false},\"customLabel\":true},\"34e5c607-4963-4388-a2d1-5c925ff7ea54\":{\"label\":\"Count of records\",\"dataType\":\"number\",\"operationType\":\"count\",\"isBucketed\":false,\"scale\":\"ratio\",\"sourceField\":\"___records___\",\"params\":{\"emptyAsNull\":true}},\"85ee823b-6334-4687-ab5f-43570c69996c\":{\"label\":\"Alias\",\"dataType\":\"string\",\"operationType\":\"terms\",\"scale\":\"ordinal\",\"sourceField\":\"host.adapter.alias\",\"isBucketed\":true,\"params\":{\"size\":50,\"orderBy\":{\"type\":\"column\",\"columnId\":\"34e5c607-4963-4388-a2d1-5c925ff7ea54\"},\"orderDirection\":\"desc\",\"otherBucket\":true,\"missingBucket\":false,\"parentFormat\":{\"id\":\"terms\"},\"include\":[],\"exclude\":[],\"includeIsRegex\":false,\"excludeIsRegex\":false},\"customLabel\":true},\"ab0584bf-ccba-47f9-8185-655880391447\":{\"label\":\"DHCP\",\"dataType\":\"boolean\",\"operationType\":\"terms\",\"scale\":\"ordinal\",\"sourceField\":\"host.adapter.dhcp.enabled\",\"isBucketed\":true,\"params\":{\"size\":3,\"orderBy\":{\"type\":\"column\",\"columnId\":\"34e5c607-4963-4388-a2d1-5c925ff7ea54\"},\"orderDirection\":\"desc\",\"otherBucket\":true,\"missingBucket\":false,\"parentFormat\":{\"id\":\"terms\"},\"include\":[],\"exclude\":[],\"includeIsRegex\":false,\"excludeIsRegex\":false},\"customLabel\":true},\"99c6b2d5-c246-46a3-86dd-55d9e30491fd\":{\"label\":\"Gateway\",\"dataType\":\"ip\",\"operationType\":\"terms\",\"scale\":\"ordinal\",\"sourceField\":\"host.adapter.gateway\",\"isBucketed\":true,\"params\":{\"size\":3,\"orderBy\":{\"type\":\"column\",\"columnId\":\"34e5c607-4963-4388-a2d1-5c925ff7ea54\"},\"orderDirection\":\"desc\",\"otherBucket\":true,\"missingBucket\":false,\"parentFormat\":{\"id\":\"terms\"},\"include\":[],\"exclude\":[],\"includeIsRegex\":false,\"excludeIsRegex\":false},\"customLabel\":true},\"f3863ce5-8d01-4f5e-a42b-137410f47c41\":{\"label\":\"MAC Address\",\"dataType\":\"string\",\"operationType\":\"terms\",\"scale\":\"ordinal\",\"sourceField\":\"host.adapter.mac\",\"isBucketed\":true,\"params\":{\"size\":3,\"orderBy\":{\"type\":\"column\",\"columnId\":\"34e5c607-4963-4388-a2d1-5c925ff7ea54\"},\"orderDirection\":\"desc\",\"otherBucket\":true,\"missingBucket\":false,\"parentFormat\":{\"id\":\"terms\"},\"include\":[],\"exclude\":[],\"includeIsRegex\":false,\"excludeIsRegex\":false},\"customLabel\":true},\"52fb95cb-0446-4db0-93d7-d79a7fea0344\":{\"label\":\"Vitual\",\"dataType\":\"boolean\",\"operationType\":\"terms\",\"scale\":\"ordinal\",\"sourceField\":\"host.adapter.virtual\",\"isBucketed\":true,\"params\":{\"size\":3,\"orderBy\":{\"type\":\"column\",\"columnId\":\"34e5c607-4963-4388-a2d1-5c925ff7ea54\"},\"orderDirection\":\"desc\",\"otherBucket\":true,\"missingBucket\":false,\"parentFormat\":{\"id\":\"terms\"},\"include\":[],\"exclude\":[],\"includeIsRegex\":false,\"excludeIsRegex\":false},\"customLabel\":true},\"697b46cb-1d88-49da-9761-25a974891b4a\":{\"label\":\"Connected SSID\",\"dataType\":\"string\",\"operationType\":\"terms\",\"scale\":\"ordinal\",\"sourceField\":\"host.adapter.wifi.ssid\",\"isBucketed\":true,\"params\":{\"size\":3,\"orderBy\":{\"type\":\"column\",\"columnId\":\"34e5c607-4963-4388-a2d1-5c925ff7ea54\"},\"orderDirection\":\"desc\",\"otherBucket\":true,\"missingBucket\":true,\"parentFormat\":{\"id\":\"terms\"},\"include\":[],\"exclude\":[],\"includeIsRegex\":false,\"excludeIsRegex\":false},\"customLabel\":true}},\"columnOrder\":[\"85ee823b-6334-4687-ab5f-43570c69996c\",\"359f23a5-abc4-4204-bbf3-16951a7c5d72\",\"ab0584bf-ccba-47f9-8185-655880391447\",\"99c6b2d5-c246-46a3-86dd-55d9e30491fd\",\"f3863ce5-8d01-4f5e-a42b-137410f47c41\",\"52fb95cb-0446-4db0-93d7-d79a7fea0344\",\"697b46cb-1d88-49da-9761-25a974891b4a\",\"34e5c607-4963-4388-a2d1-5c925ff7ea54\"],\"sampling\":1,\"incompleteColumns\":{}}}},\"textBased\":{\"layers\":{}}},\"internalReferences\":[],\"adHocDataViews\":{}}},\"hidePanelTitles\":false,\"enhancements\":{\"dynamicActions\":{\"events\":[{\"eventId\":\"601d0e2a-08ac-4442-bbfc-fdfb6ed68c0b\",\"triggers\":[\"FILTER_TRIGGER\"],\"action\":{\"factoryId\":\"DASHBOARD_TO_DASHBOARD_DRILLDOWN\",\"name\":\"View Network Cards Details\",\"config\":{\"useCurrentFilters\":true,\"useCurrentDateRange\":true,\"openInNewTab\":false}}}]}}},\"title\":\"Network Adapters\"},{\"version\":\"8.6.2\",\"type\":\"lens\",\"gridData\":{\"x\":0,\"y\":19,\"w\":6,\"h\":6,\"i\":\"d64e1165-e5d6-46d2-abb9-e4315e238f9e\"},\"panelIndex\":\"d64e1165-e5d6-46d2-abb9-e4315e238f9e\",\"embeddableConfig\":{\"attributes\":{\"title\":\"\",\"visualizationType\":\"lnsLegacyMetric\",\"type\":\"lens\",\"references\":[{\"type\":\"index-pattern\",\"id\":\"ed7c1bb4-5aac-45d4-9aff-06f4d4ad4a9a\",\"name\":\"indexpattern-datasource-layer-72f117b5-7ab9-41e7-a1f4-423f8b423707\"}],\"state\":{\"visualization\":{\"layerId\":\"72f117b5-7ab9-41e7-a1f4-423f8b423707\",\"accessor\":\"42fcfbaf-a528-4d05-8486-2bbf3a01d173\",\"layerType\":\"data\",\"titlePosition\":\"bottom\",\"textAlign\":\"center\",\"colorMode\":\"Labels\",\"palette\":{\"name\":\"custom\",\"type\":\"palette\",\"params\":{\"steps\":3,\"name\":\"custom\",\"reverse\":false,\"rangeType\":\"number\",\"rangeMin\":null,\"rangeMax\":null,\"progression\":\"fixed\",\"stops\":[{\"color\":\"#209280\",\"stop\":1},{\"color\":\"#cb4848\",\"stop\":64}],\"colorStops\":[{\"color\":\"#209280\",\"stop\":null},{\"color\":\"#cb4848\",\"stop\":1}],\"continuity\":\"all\",\"maxSteps\":5}},\"size\":\"xl\"},\"query\":{\"query\":\"\",\"language\":\"kuery\"},\"filters\":[],\"datasourceStates\":{\"formBased\":{\"layers\":{\"72f117b5-7ab9-41e7-a1f4-423f8b423707\":{\"columns\":{\"42fcfbaf-a528-4d05-8486-2bbf3a01d173\":{\"label\":\"Failed High SCAP\",\"dataType\":\"number\",\"operationType\":\"unique_count\",\"scale\":\"ratio\",\"sourceField\":\"rule.id\",\"isBucketed\":false,\"filter\":{\"query\":\"rule.result : \\\"fail\\\" and rule.severity : \\\"high\\\" \",\"language\":\"kuery\"},\"params\":{\"emptyAsNull\":false},\"customLabel\":true}},\"columnOrder\":[\"42fcfbaf-a528-4d05-8486-2bbf3a01d173\"],\"sampling\":1,\"incompleteColumns\":{}}}},\"textBased\":{\"layers\":{}}},\"internalReferences\":[],\"adHocDataViews\":{}}},\"hidePanelTitles\":true,\"enhancements\":{\"dynamicActions\":{\"events\":[{\"eventId\":\"5726c30e-a24d-4b78-9d26-deb2771144bd\",\"triggers\":[\"FILTER_TRIGGER\"],\"action\":{\"factoryId\":\"DASHBOARD_TO_DASHBOARD_DRILLDOWN\",\"name\":\"View Hosts Benchmark Data\",\"config\":{\"useCurrentFilters\":false,\"useCurrentDateRange\":true,\"openInNewTab\":false}}}]}}},\"title\":\"\"},{\"version\":\"8.6.2\",\"type\":\"lens\",\"gridData\":{\"x\":6,\"y\":20,\"w\":42,\"h\":7,\"i\":\"0a48a778-6cb1-44c3-89b8-76d6169e29a8\"},\"panelIndex\":\"0a48a778-6cb1-44c3-89b8-76d6169e29a8\",\"embeddableConfig\":{\"attributes\":{\"title\":\"\",\"visualizationType\":\"lnsDatatable\",\"type\":\"lens\",\"references\":[{\"type\":\"index-pattern\",\"id\":\"62456a9a-bd4c-4b57-b6b5-5556b6869ce5\",\"name\":\"indexpattern-datasource-layer-7fbad8bf-b2fd-44ee-b47b-5b2260b8498d\"}],\"state\":{\"visualization\":{\"columns\":[{\"isTransposed\":false,\"columnId\":\"2e01df65-7787-4e15-86e3-a45eed285033\"},{\"isTransposed\":false,\"columnId\":\"d65a1a00-5ae8-443b-82bc-62dce81f7ac5\"},{\"columnId\":\"ed56a46c-f9da-4d58-b0f3-06e0ecc264ef\",\"isTransposed\":false},{\"columnId\":\"d5c5e6ac-d61c-4bf2-94de-62b85d9e945a\",\"isTransposed\":false,\"alignment\":\"center\"},{\"columnId\":\"37ea1f0a-2f23-4435-9866-6d11677ca86b\",\"isTransposed\":false,\"alignment\":\"center\"}],\"layerId\":\"7fbad8bf-b2fd-44ee-b47b-5b2260b8498d\",\"layerType\":\"data\"},\"query\":{\"query\":\"\",\"language\":\"kuery\"},\"filters\":[],\"datasourceStates\":{\"formBased\":{\"layers\":{\"7fbad8bf-b2fd-44ee-b47b-5b2260b8498d\":{\"columns\":{\"2e01df65-7787-4e15-86e3-a45eed285033\":{\"label\":\"Percent Full\",\"dataType\":\"string\",\"operationType\":\"terms\",\"scale\":\"ordinal\",\"sourceField\":\"volume.percent_full\",\"isBucketed\":true,\"params\":{\"size\":10,\"orderBy\":{\"type\":\"alphabetical\",\"fallback\":true},\"orderDirection\":\"asc\",\"otherBucket\":true,\"missingBucket\":false,\"parentFormat\":{\"id\":\"terms\"},\"include\":[],\"exclude\":[],\"includeIsRegex\":false,\"excludeIsRegex\":false},\"customLabel\":true},\"d65a1a00-5ae8-443b-82bc-62dce81f7ac5\":{\"label\":\"Drive\",\"dataType\":\"string\",\"operationType\":\"terms\",\"scale\":\"ordinal\",\"sourceField\":\"volume.drive.letter\",\"isBucketed\":true,\"params\":{\"size\":10,\"orderBy\":{\"type\":\"alphabetical\",\"fallback\":true},\"orderDirection\":\"asc\",\"otherBucket\":true,\"missingBucket\":false,\"parentFormat\":{\"id\":\"terms\"},\"include\":[],\"exclude\":[],\"includeIsRegex\":false,\"excludeIsRegex\":false},\"customLabel\":true},\"ed56a46c-f9da-4d58-b0f3-06e0ecc264ef\":{\"label\":\"Name\",\"dataType\":\"string\",\"operationType\":\"terms\",\"scale\":\"ordinal\",\"sourceField\":\"volume.name\",\"isBucketed\":true,\"params\":{\"size\":3,\"orderBy\":{\"type\":\"alphabetical\",\"fallback\":true},\"orderDirection\":\"asc\",\"otherBucket\":true,\"missingBucket\":false,\"parentFormat\":{\"id\":\"terms\"},\"include\":[],\"exclude\":[],\"includeIsRegex\":false,\"excludeIsRegex\":false},\"customLabel\":true},\"d5c5e6ac-d61c-4bf2-94de-62b85d9e945a\":{\"label\":\"Total Size\",\"dataType\":\"string\",\"operationType\":\"last_value\",\"isBucketed\":false,\"scale\":\"ordinal\",\"sourceField\":\"volume.size\",\"filter\":{\"query\":\"volume.size: *\",\"language\":\"kuery\"},\"params\":{\"sortField\":\"@timestamp\"},\"customLabel\":true},\"37ea1f0a-2f23-4435-9866-6d11677ca86b\":{\"label\":\"Freespace\",\"dataType\":\"string\",\"operationType\":\"terms\",\"scale\":\"ordinal\",\"sourceField\":\"volume.freespace\",\"isBucketed\":true,\"params\":{\"size\":3,\"orderBy\":{\"type\":\"alphabetical\",\"fallback\":true},\"orderDirection\":\"asc\",\"otherBucket\":true,\"missingBucket\":false,\"parentFormat\":{\"id\":\"terms\"},\"include\":[],\"exclude\":[],\"includeIsRegex\":false,\"excludeIsRegex\":false},\"customLabel\":true}},\"columnOrder\":[\"d65a1a00-5ae8-443b-82bc-62dce81f7ac5\",\"2e01df65-7787-4e15-86e3-a45eed285033\",\"ed56a46c-f9da-4d58-b0f3-06e0ecc264ef\",\"37ea1f0a-2f23-4435-9866-6d11677ca86b\",\"d5c5e6ac-d61c-4bf2-94de-62b85d9e945a\"],\"incompleteColumns\":{},\"sampling\":1}}},\"textBased\":{\"layers\":{}}},\"internalReferences\":[],\"adHocDataViews\":{}}},\"hidePanelTitles\":false,\"enhancements\":{\"dynamicActions\":{\"events\":[{\"eventId\":\"97fe566e-2647-47dc-a6fb-ccbbc69f8985\",\"triggers\":[\"FILTER_TRIGGER\"],\"action\":{\"factoryId\":\"DASHBOARD_TO_DASHBOARD_DRILLDOWN\",\"name\":\"View Volumes and Drives for this Endpoint\",\"config\":{\"useCurrentFilters\":true,\"useCurrentDateRange\":true,\"openInNewTab\":false}}}]}}},\"title\":\"Volumes \"},{\"version\":\"8.6.2\",\"type\":\"lens\",\"gridData\":{\"x\":0,\"y\":25,\"w\":6,\"h\":7,\"i\":\"9b009011-6f72-4379-a69b-21e6feedfce7\"},\"panelIndex\":\"9b009011-6f72-4379-a69b-21e6feedfce7\",\"embeddableConfig\":{\"attributes\":{\"title\":\"\",\"visualizationType\":\"lnsMetric\",\"type\":\"lens\",\"references\":[{\"type\":\"index-pattern\",\"id\":\"9267bb1b-cf22-4417-8cfb-6606848140a7\",\"name\":\"indexpattern-datasource-layer-4ac1c77b-306c-4a94-b080-f204193d6efd\"}],\"state\":{\"visualization\":{\"layerId\":\"4ac1c77b-306c-4a94-b080-f204193d6efd\",\"layerType\":\"data\",\"metricAccessor\":\"2bcd5106-f375-4a03-bb55-a5b2ecfcd869\",\"maxAccessor\":\"00b8ad38-df28-49ec-a473-348fd0305876\",\"showBar\":true,\"palette\":{\"name\":\"custom\",\"type\":\"palette\",\"params\":{\"steps\":3,\"name\":\"custom\",\"reverse\":false,\"rangeType\":\"number\",\"rangeMin\":null,\"rangeMax\":null,\"progression\":\"fixed\",\"stops\":[{\"color\":\"#209280\",\"stop\":1},{\"color\":\"#d6bf57\",\"stop\":4},{\"color\":\"#cc5642\",\"stop\":14}],\"colorStops\":[{\"color\":\"#209280\",\"stop\":null},{\"color\":\"#d6bf57\",\"stop\":1},{\"color\":\"#cc5642\",\"stop\":4}],\"continuity\":\"all\",\"maxSteps\":5}},\"progressDirection\":\"horizontal\"},\"query\":{\"query\":\"\",\"language\":\"kuery\"},\"filters\":[],\"datasourceStates\":{\"formBased\":{\"layers\":{\"4ac1c77b-306c-4a94-b080-f204193d6efd\":{\"columns\":{\"2bcd5106-f375-4a03-bb55-a5b2ecfcd869X0\":{\"label\":\"Part of Virtualization Security Features Disabled\",\"dataType\":\"number\",\"operationType\":\"count\",\"isBucketed\":false,\"scale\":\"ratio\",\"sourceField\":\"___records___\",\"filter\":{\"query\":\"event.deviceguard.credentialguard.enabled : false \",\"language\":\"kuery\"},\"params\":{\"emptyAsNull\":false},\"customLabel\":true},\"2bcd5106-f375-4a03-bb55-a5b2ecfcd869X1\":{\"label\":\"Part of Virtualization Security Features Disabled\",\"dataType\":\"number\",\"operationType\":\"count\",\"isBucketed\":false,\"scale\":\"ratio\",\"sourceField\":\"___records___\",\"filter\":{\"query\":\"event.deviceguard.credentialguard.running: false\",\"language\":\"kuery\"},\"params\":{\"emptyAsNull\":false},\"customLabel\":true},\"2bcd5106-f375-4a03-bb55-a5b2ecfcd869X2\":{\"label\":\"Part of Virtualization Security Features Disabled\",\"dataType\":\"number\",\"operationType\":\"count\",\"isBucketed\":false,\"scale\":\"ratio\",\"sourceField\":\"___records___\",\"filter\":{\"query\":\"event.deviceguard.virtualizationbasedsecurity.status:Off\",\"language\":\"kuery\"},\"params\":{\"emptyAsNull\":false},\"customLabel\":true},\"2bcd5106-f375-4a03-bb55-a5b2ecfcd869X3\":{\"label\":\"Part of Virtualization Security Features Disabled\",\"dataType\":\"number\",\"operationType\":\"count\",\"isBucketed\":false,\"scale\":\"ratio\",\"sourceField\":\"___records___\",\"filter\":{\"query\":\"event.deviceguard.basevirtualizationsupport.available : false\",\"language\":\"kuery\"},\"params\":{\"emptyAsNull\":false},\"customLabel\":true},\"2bcd5106-f375-4a03-bb55-a5b2ecfcd869X4\":{\"label\":\"Part of Virtualization Security Features Disabled\",\"dataType\":\"number\",\"operationType\":\"count\",\"isBucketed\":false,\"scale\":\"ratio\",\"sourceField\":\"___records___\",\"filter\":{\"query\":\"event.deviceguard.dmaprotection.available : false \",\"language\":\"kuery\"},\"params\":{\"emptyAsNull\":false},\"customLabel\":true},\"2bcd5106-f375-4a03-bb55-a5b2ecfcd869X5\":{\"label\":\"Part of Virtualization Security Features Disabled\",\"dataType\":\"number\",\"operationType\":\"count\",\"isBucketed\":false,\"scale\":\"ratio\",\"sourceField\":\"___records___\",\"filter\":{\"query\":\"event.deviceguard.secureboot.available:false\",\"language\":\"kuery\"},\"params\":{\"emptyAsNull\":false},\"customLabel\":true},\"2bcd5106-f375-4a03-bb55-a5b2ecfcd869X6\":{\"label\":\"Part of Virtualization Security Features Disabled\",\"dataType\":\"number\",\"operationType\":\"count\",\"isBucketed\":false,\"scale\":\"ratio\",\"sourceField\":\"___records___\",\"filter\":{\"query\":\"event.deviceguard.hypervisorenforcedcodeint.enabled: false\",\"language\":\"kuery\"},\"params\":{\"emptyAsNull\":false},\"customLabel\":true},\"2bcd5106-f375-4a03-bb55-a5b2ecfcd869X7\":{\"label\":\"Part of Virtualization Security Features Disabled\",\"dataType\":\"number\",\"operationType\":\"count\",\"isBucketed\":false,\"scale\":\"ratio\",\"sourceField\":\"___records___\",\"filter\":{\"query\":\"event.deviceguard.hypervisorenforcedcodeint.running: false\",\"language\":\"kuery\"},\"params\":{\"emptyAsNull\":false},\"customLabel\":true},\"2bcd5106-f375-4a03-bb55-a5b2ecfcd869X8\":{\"label\":\"Part of Virtualization Security Features Disabled\",\"dataType\":\"number\",\"operationType\":\"count\",\"isBucketed\":false,\"scale\":\"ratio\",\"sourceField\":\"___records___\",\"filter\":{\"query\":\"event.deviceguard.securememoverwrite.available  : false\",\"language\":\"kuery\"},\"params\":{\"emptyAsNull\":false},\"customLabel\":true},\"2bcd5106-f375-4a03-bb55-a5b2ecfcd869X9\":{\"label\":\"Part of Virtualization Security Features Disabled\",\"dataType\":\"number\",\"operationType\":\"count\",\"isBucketed\":false,\"scale\":\"ratio\",\"sourceField\":\"___records___\",\"filter\":{\"query\":\"event.deviceguard.smmsecuritymigrations.available : false\",\"language\":\"kuery\"},\"params\":{\"emptyAsNull\":false},\"customLabel\":true},\"2bcd5106-f375-4a03-bb55-a5b2ecfcd869X10\":{\"label\":\"Part of Virtualization Security Features Disabled\",\"dataType\":\"number\",\"operationType\":\"count\",\"isBucketed\":false,\"scale\":\"ratio\",\"sourceField\":\"___records___\",\"filter\":{\"query\":\"event.deviceguard.systemguardsecurelaunch.enabled : false\",\"language\":\"kuery\"},\"params\":{\"emptyAsNull\":false},\"customLabel\":true},\"2bcd5106-f375-4a03-bb55-a5b2ecfcd869X11\":{\"label\":\"Part of Virtualization Security Features Disabled\",\"dataType\":\"number\",\"operationType\":\"count\",\"isBucketed\":false,\"scale\":\"ratio\",\"sourceField\":\"___records___\",\"filter\":{\"query\":\"event.deviceguard.systemguardsecurelaunch.running : false\",\"language\":\"kuery\"},\"params\":{\"emptyAsNull\":false},\"customLabel\":true},\"2bcd5106-f375-4a03-bb55-a5b2ecfcd869X12\":{\"label\":\"Part of Virtualization Security Features Disabled\",\"dataType\":\"number\",\"operationType\":\"count\",\"isBucketed\":false,\"scale\":\"ratio\",\"sourceField\":\"___records___\",\"filter\":{\"query\":\"event.deviceguard.ueficodereadonly.available : false\",\"language\":\"kuery\"},\"params\":{\"emptyAsNull\":false},\"customLabel\":true},\"2bcd5106-f375-4a03-bb55-a5b2ecfcd869X13\":{\"label\":\"Part of Virtualization Security Features Disabled\",\"dataType\":\"number\",\"operationType\":\"count\",\"isBucketed\":false,\"scale\":\"ratio\",\"sourceField\":\"___records___\",\"filter\":{\"query\":\"event.deviceguard.usermodecodeintegrity.policyenforcement: \\\"Off\\\" \",\"language\":\"kuery\"},\"params\":{\"emptyAsNull\":false},\"customLabel\":true},\"2bcd5106-f375-4a03-bb55-a5b2ecfcd869X14\":{\"label\":\"Part of Virtualization Security Features Disabled\",\"dataType\":\"number\",\"operationType\":\"count\",\"isBucketed\":false,\"scale\":\"ratio\",\"sourceField\":\"___records___\",\"filter\":{\"query\":\"event.ufi.enabled: false \",\"language\":\"kuery\"},\"params\":{\"emptyAsNull\":false},\"customLabel\":true},\"2bcd5106-f375-4a03-bb55-a5b2ecfcd869X15\":{\"label\":\"Part of Virtualization Security Features Disabled\",\"dataType\":\"number\",\"operationType\":\"math\",\"isBucketed\":false,\"scale\":\"ratio\",\"params\":{\"tinymathAst\":{\"type\":\"function\",\"name\":\"add\",\"args\":[{\"type\":\"function\",\"name\":\"add\",\"args\":[{\"type\":\"function\",\"name\":\"add\",\"args\":[{\"type\":\"function\",\"name\":\"add\",\"args\":[{\"type\":\"function\",\"name\":\"add\",\"args\":[{\"type\":\"function\",\"name\":\"add\",\"args\":[{\"type\":\"function\",\"name\":\"add\",\"args\":[{\"type\":\"function\",\"name\":\"add\",\"args\":[{\"type\":\"function\",\"name\":\"add\",\"args\":[{\"type\":\"function\",\"name\":\"add\",\"args\":[{\"type\":\"function\",\"name\":\"add\",\"args\":[{\"type\":\"function\",\"name\":\"add\",\"args\":[{\"type\":\"function\",\"name\":\"add\",\"args\":[{\"type\":\"function\",\"name\":\"add\",\"args\":[\"2bcd5106-f375-4a03-bb55-a5b2ecfcd869X0\",\"2bcd5106-f375-4a03-bb55-a5b2ecfcd869X1\"]},\"2bcd5106-f375-4a03-bb55-a5b2ecfcd869X2\"]},\"2bcd5106-f375-4a03-bb55-a5b2ecfcd869X3\"]},\"2bcd5106-f375-4a03-bb55-a5b2ecfcd869X4\"]},\"2bcd5106-f375-4a03-bb55-a5b2ecfcd869X5\"]},\"2bcd5106-f375-4a03-bb55-a5b2ecfcd869X6\"]},\"2bcd5106-f375-4a03-bb55-a5b2ecfcd869X7\"]},\"2bcd5106-f375-4a03-bb55-a5b2ecfcd869X8\"]},\"2bcd5106-f375-4a03-bb55-a5b2ecfcd869X9\"]},\"2bcd5106-f375-4a03-bb55-a5b2ecfcd869X10\"]},\"2bcd5106-f375-4a03-bb55-a5b2ecfcd869X11\"]},\"2bcd5106-f375-4a03-bb55-a5b2ecfcd869X12\"]},\"2bcd5106-f375-4a03-bb55-a5b2ecfcd869X13\"]},\"2bcd5106-f375-4a03-bb55-a5b2ecfcd869X14\"],\"location\":{\"min\":0,\"max\":1030},\"text\":\"count(kql='event.deviceguard.credentialguard.enabled : false ')+\\r\\ncount(kql='event.deviceguard.credentialguard.running: false')+\\r\\ncount(kql='event.deviceguard.virtualizationbasedsecurity.status:Off')+\\r\\ncount(kql='event.deviceguard.basevirtualizationsupport.available : false')+\\r\\ncount(kql='event.deviceguard.dmaprotection.available : false ')+\\r\\ncount(kql='event.deviceguard.secureboot.available:false')+\\r\\ncount(kql='event.deviceguard.hypervisorenforcedcodeint.enabled: false')+\\r\\ncount(kql='event.deviceguard.hypervisorenforcedcodeint.running: false')+\\r\\ncount(kql='event.deviceguard.securememoverwrite.available  : false')+\\r\\ncount(kql='event.deviceguard.smmsecuritymigrations.available : false')+\\r\\ncount(kql='event.deviceguard.systemguardsecurelaunch.enabled : false')+\\r\\ncount(kql='event.deviceguard.systemguardsecurelaunch.running : false')+\\r\\ncount(kql='event.deviceguard.ueficodereadonly.available : false')+\\r\\ncount(kql='event.deviceguard.usermodecodeintegrity.policyenforcement: \\\"Off\\\" ')+\\r\\ncount(kql='event.ufi.enabled: false ')\"}},\"references\":[\"2bcd5106-f375-4a03-bb55-a5b2ecfcd869X0\",\"2bcd5106-f375-4a03-bb55-a5b2ecfcd869X1\",\"2bcd5106-f375-4a03-bb55-a5b2ecfcd869X2\",\"2bcd5106-f375-4a03-bb55-a5b2ecfcd869X3\",\"2bcd5106-f375-4a03-bb55-a5b2ecfcd869X4\",\"2bcd5106-f375-4a03-bb55-a5b2ecfcd869X5\",\"2bcd5106-f375-4a03-bb55-a5b2ecfcd869X6\",\"2bcd5106-f375-4a03-bb55-a5b2ecfcd869X7\",\"2bcd5106-f375-4a03-bb55-a5b2ecfcd869X8\",\"2bcd5106-f375-4a03-bb55-a5b2ecfcd869X9\",\"2bcd5106-f375-4a03-bb55-a5b2ecfcd869X10\",\"2bcd5106-f375-4a03-bb55-a5b2ecfcd869X11\",\"2bcd5106-f375-4a03-bb55-a5b2ecfcd869X12\",\"2bcd5106-f375-4a03-bb55-a5b2ecfcd869X13\",\"2bcd5106-f375-4a03-bb55-a5b2ecfcd869X14\"],\"customLabel\":true},\"2bcd5106-f375-4a03-bb55-a5b2ecfcd869\":{\"label\":\"Virtualization Security Features Disabled\",\"dataType\":\"number\",\"operationType\":\"formula\",\"isBucketed\":false,\"scale\":\"ratio\",\"params\":{\"formula\":\"count(kql='event.deviceguard.credentialguard.enabled : false ')+\\r\\ncount(kql='event.deviceguard.credentialguard.running: false')+\\r\\ncount(kql='event.deviceguard.virtualizationbasedsecurity.status:Off')+\\r\\ncount(kql='event.deviceguard.basevirtualizationsupport.available : false')+\\r\\ncount(kql='event.deviceguard.dmaprotection.available : false ')+\\r\\ncount(kql='event.deviceguard.secureboot.available:false')+\\r\\ncount(kql='event.deviceguard.hypervisorenforcedcodeint.enabled: false')+\\r\\ncount(kql='event.deviceguard.hypervisorenforcedcodeint.running: false')+\\r\\ncount(kql='event.deviceguard.securememoverwrite.available  : false')+\\r\\ncount(kql='event.deviceguard.smmsecuritymigrations.available : false')+\\r\\ncount(kql='event.deviceguard.systemguardsecurelaunch.enabled : false')+\\r\\ncount(kql='event.deviceguard.systemguardsecurelaunch.running : false')+\\r\\ncount(kql='event.deviceguard.ueficodereadonly.available : false')+\\r\\ncount(kql='event.deviceguard.usermodecodeintegrity.policyenforcement: \\\"Off\\\" ')+\\r\\ncount(kql='event.ufi.enabled: false ')\",\"isFormulaBroken\":false},\"references\":[\"2bcd5106-f375-4a03-bb55-a5b2ecfcd869X15\"],\"customLabel\":true},\"00b8ad38-df28-49ec-a473-348fd0305876\":{\"label\":\"Static value: 15\",\"dataType\":\"number\",\"operationType\":\"static_value\",\"isStaticValue\":true,\"isBucketed\":false,\"scale\":\"ratio\",\"params\":{\"value\":\"15\"},\"references\":[]}},\"columnOrder\":[\"2bcd5106-f375-4a03-bb55-a5b2ecfcd869\",\"2bcd5106-f375-4a03-bb55-a5b2ecfcd869X0\",\"2bcd5106-f375-4a03-bb55-a5b2ecfcd869X1\",\"2bcd5106-f375-4a03-bb55-a5b2ecfcd869X2\",\"2bcd5106-f375-4a03-bb55-a5b2ecfcd869X3\",\"2bcd5106-f375-4a03-bb55-a5b2ecfcd869X4\",\"00b8ad38-df28-49ec-a473-348fd0305876\",\"2bcd5106-f375-4a03-bb55-a5b2ecfcd869X5\",\"2bcd5106-f375-4a03-bb55-a5b2ecfcd869X6\",\"2bcd5106-f375-4a03-bb55-a5b2ecfcd869X7\",\"2bcd5106-f375-4a03-bb55-a5b2ecfcd869X8\",\"2bcd5106-f375-4a03-bb55-a5b2ecfcd869X9\",\"2bcd5106-f375-4a03-bb55-a5b2ecfcd869X10\",\"2bcd5106-f375-4a03-bb55-a5b2ecfcd869X11\",\"2bcd5106-f375-4a03-bb55-a5b2ecfcd869X12\",\"2bcd5106-f375-4a03-bb55-a5b2ecfcd869X13\",\"2bcd5106-f375-4a03-bb55-a5b2ecfcd869X14\",\"2bcd5106-f375-4a03-bb55-a5b2ecfcd869X15\"],\"sampling\":1,\"incompleteColumns\":{}}}},\"textBased\":{\"layers\":{}}},\"internalReferences\":[],\"adHocDataViews\":{}}},\"enhancements\":{\"dynamicActions\":{\"events\":[{\"eventId\":\"c3bbd434-5b28-4d1a-8013-b1553f622b22\",\"triggers\":[\"FILTER_TRIGGER\"],\"action\":{\"factoryId\":\"DASHBOARD_TO_DASHBOARD_DRILLDOWN\",\"name\":\"View Protection Status for Endpoint\",\"config\":{\"useCurrentFilters\":false,\"useCurrentDateRange\":true,\"openInNewTab\":false}}}]}},\"hidePanelTitles\":true}},{\"version\":\"8.6.2\",\"type\":\"lens\",\"gridData\":{\"x\":6,\"y\":27,\"w\":42,\"h\":5,\"i\":\"58ca195d-92a8-4a9d-bd11-1954002c8693\"},\"panelIndex\":\"58ca195d-92a8-4a9d-bd11-1954002c8693\",\"embeddableConfig\":{\"attributes\":{\"title\":\"\",\"visualizationType\":\"lnsDatatable\",\"type\":\"lens\",\"references\":[{\"type\":\"index-pattern\",\"id\":\"9267bb1b-cf22-4417-8cfb-6606848140a7\",\"name\":\"indexpattern-datasource-layer-bae2bbb2-5c2c-406b-8deb-d02970643aa0\"}],\"state\":{\"visualization\":{\"columns\":[{\"columnId\":\"7652d41d-2e97-48fd-93e2-e824d0429eb7\",\"isTransposed\":false},{\"columnId\":\"6f018424-e6a2-4360-be1e-df25d68727f5\",\"isTransposed\":false,\"hidden\":true},{\"columnId\":\"936ad955-bf89-4c25-908d-d8d4e1e71bb0\",\"isTransposed\":false},{\"columnId\":\"795022df-3834-4ba5-b1a4-b747e4da1e2a\",\"isTransposed\":false},{\"columnId\":\"c984f83e-d094-47ea-87d2-3dcd7154ae37\",\"isTransposed\":false}],\"layerId\":\"bae2bbb2-5c2c-406b-8deb-d02970643aa0\",\"layerType\":\"data\"},\"query\":{\"query\":\"\",\"language\":\"kuery\"},\"filters\":[],\"datasourceStates\":{\"formBased\":{\"layers\":{\"bae2bbb2-5c2c-406b-8deb-d02970643aa0\":{\"columns\":{\"7652d41d-2e97-48fd-93e2-e824d0429eb7\":{\"label\":\"AntiVirus Name\",\"dataType\":\"string\",\"operationType\":\"terms\",\"scale\":\"ordinal\",\"sourceField\":\"host.security.antivirus.name\",\"isBucketed\":true,\"params\":{\"size\":5,\"orderBy\":{\"type\":\"column\",\"columnId\":\"6f018424-e6a2-4360-be1e-df25d68727f5\"},\"orderDirection\":\"desc\",\"otherBucket\":true,\"missingBucket\":false,\"parentFormat\":{\"id\":\"terms\"},\"include\":[],\"exclude\":[],\"includeIsRegex\":false,\"excludeIsRegex\":false},\"customLabel\":true},\"6f018424-e6a2-4360-be1e-df25d68727f5\":{\"label\":\"Count of records\",\"dataType\":\"number\",\"operationType\":\"count\",\"isBucketed\":false,\"scale\":\"ratio\",\"sourceField\":\"___records___\",\"params\":{\"emptyAsNull\":true}},\"936ad955-bf89-4c25-908d-d8d4e1e71bb0\":{\"label\":\"AV Exists\",\"dataType\":\"boolean\",\"operationType\":\"terms\",\"scale\":\"ordinal\",\"sourceField\":\"host.security.antivirus.exists\",\"isBucketed\":true,\"params\":{\"size\":3,\"orderBy\":{\"type\":\"column\",\"columnId\":\"6f018424-e6a2-4360-be1e-df25d68727f5\"},\"orderDirection\":\"desc\",\"otherBucket\":true,\"missingBucket\":false,\"parentFormat\":{\"id\":\"terms\"},\"include\":[],\"exclude\":[],\"includeIsRegex\":false,\"excludeIsRegex\":false},\"customLabel\":true},\"795022df-3834-4ba5-b1a4-b747e4da1e2a\":{\"label\":\"State\",\"dataType\":\"string\",\"operationType\":\"terms\",\"scale\":\"ordinal\",\"sourceField\":\"host.security.antivirus.state\",\"isBucketed\":true,\"params\":{\"size\":3,\"orderBy\":{\"type\":\"column\",\"columnId\":\"6f018424-e6a2-4360-be1e-df25d68727f5\"},\"orderDirection\":\"desc\",\"otherBucket\":true,\"missingBucket\":false,\"parentFormat\":{\"id\":\"terms\"},\"include\":[],\"exclude\":[],\"includeIsRegex\":false,\"excludeIsRegex\":false},\"customLabel\":true},\"c984f83e-d094-47ea-87d2-3dcd7154ae37\":{\"label\":\"Status\",\"dataType\":\"string\",\"operationType\":\"terms\",\"scale\":\"ordinal\",\"sourceField\":\"host.security.antivirus.status\",\"isBucketed\":true,\"params\":{\"size\":3,\"orderBy\":{\"type\":\"column\",\"columnId\":\"6f018424-e6a2-4360-be1e-df25d68727f5\"},\"orderDirection\":\"desc\",\"otherBucket\":true,\"missingBucket\":false,\"parentFormat\":{\"id\":\"terms\"},\"include\":[],\"exclude\":[],\"includeIsRegex\":false,\"excludeIsRegex\":false},\"customLabel\":true}},\"columnOrder\":[\"936ad955-bf89-4c25-908d-d8d4e1e71bb0\",\"7652d41d-2e97-48fd-93e2-e824d0429eb7\",\"795022df-3834-4ba5-b1a4-b747e4da1e2a\",\"c984f83e-d094-47ea-87d2-3dcd7154ae37\",\"6f018424-e6a2-4360-be1e-df25d68727f5\"],\"sampling\":1,\"incompleteColumns\":{}}}},\"textBased\":{\"layers\":{}}},\"internalReferences\":[],\"adHocDataViews\":{}}},\"hidePanelTitles\":false,\"enhancements\":{\"dynamicActions\":{\"events\":[{\"eventId\":\"e7f01244-f435-4359-ab17-7faca8d78f98\",\"triggers\":[\"FILTER_TRIGGER\"],\"action\":{\"factoryId\":\"DASHBOARD_TO_DASHBOARD_DRILLDOWN\",\"name\":\"View Protection Status for Endpoint\",\"config\":{\"useCurrentFilters\":true,\"useCurrentDateRange\":true,\"openInNewTab\":false}}}]}}},\"title\":\"Antivirus Status\"},{\"version\":\"8.6.2\",\"type\":\"lens\",\"gridData\":{\"x\":0,\"y\":32,\"w\":48,\"h\":4,\"i\":\"5a0cbef6-cb66-4850-8dd1-4fc4f81ddaf2\"},\"panelIndex\":\"5a0cbef6-cb66-4850-8dd1-4fc4f81ddaf2\",\"embeddableConfig\":{\"attributes\":{\"title\":\"\",\"visualizationType\":\"lnsDatatable\",\"type\":\"lens\",\"references\":[{\"type\":\"index-pattern\",\"id\":\"9267bb1b-cf22-4417-8cfb-6606848140a7\",\"name\":\"indexpattern-datasource-layer-ee0f709e-2211-41d5-afc0-086b3eb4d692\"}],\"state\":{\"visualization\":{\"columns\":[{\"columnId\":\"4bae6e8b-82e3-4e86-b8cc-017cd41c4cdc\",\"isTransposed\":false},{\"columnId\":\"6d563e2d-f0dd-40fc-b9c4-c003f69b6fd7\",\"isTransposed\":false},{\"columnId\":\"be8ac2ad-1ff9-4123-9ca6-ab95e7b1a50f\",\"isTransposed\":false},{\"columnId\":\"41f62f4c-295f-424b-b44f-452ed3b0dcd0\",\"isTransposed\":false},{\"columnId\":\"f80b87d6-0e6b-4489-863b-0164f889b4e6\",\"isTransposed\":false,\"width\":695}],\"layerId\":\"ee0f709e-2211-41d5-afc0-086b3eb4d692\",\"layerType\":\"data\"},\"query\":{\"query\":\"\",\"language\":\"kuery\"},\"filters\":[],\"datasourceStates\":{\"formBased\":{\"layers\":{\"ee0f709e-2211-41d5-afc0-086b3eb4d692\":{\"columns\":{\"4bae6e8b-82e3-4e86-b8cc-017cd41c4cdc\":{\"label\":\"TYCHON Agent Version\",\"dataType\":\"string\",\"operationType\":\"terms\",\"scale\":\"ordinal\",\"sourceField\":\"tychon.version.agent\",\"isBucketed\":true,\"params\":{\"size\":5,\"orderBy\":{\"type\":\"column\",\"columnId\":\"be8ac2ad-1ff9-4123-9ca6-ab95e7b1a50f\"},\"orderDirection\":\"desc\",\"otherBucket\":true,\"missingBucket\":false,\"parentFormat\":{\"id\":\"terms\"},\"include\":[],\"exclude\":[],\"includeIsRegex\":false,\"excludeIsRegex\":false},\"customLabel\":true},\"6d563e2d-f0dd-40fc-b9c4-c003f69b6fd7\":{\"label\":\"Content Version\",\"dataType\":\"string\",\"operationType\":\"terms\",\"scale\":\"ordinal\",\"sourceField\":\"tychon.version.content\",\"isBucketed\":true,\"params\":{\"size\":3,\"orderBy\":{\"type\":\"column\",\"columnId\":\"be8ac2ad-1ff9-4123-9ca6-ab95e7b1a50f\"},\"orderDirection\":\"desc\",\"otherBucket\":true,\"missingBucket\":false,\"parentFormat\":{\"id\":\"terms\"},\"include\":[],\"exclude\":[],\"includeIsRegex\":false,\"excludeIsRegex\":false},\"customLabel\":true},\"be8ac2ad-1ff9-4123-9ca6-ab95e7b1a50f\":{\"label\":\"OVAL Def Date\",\"dataType\":\"date\",\"operationType\":\"last_value\",\"isBucketed\":false,\"scale\":\"ratio\",\"sourceField\":\"tychon.definition.oval\",\"filter\":{\"query\":\"tychon.definition.oval: *\",\"language\":\"kuery\"},\"params\":{\"sortField\":\"@timestamp\"},\"customLabel\":true},\"41f62f4c-295f-424b-b44f-452ed3b0dcd0\":{\"label\":\"SCAP Def Date\",\"dataType\":\"date\",\"operationType\":\"last_value\",\"isBucketed\":false,\"scale\":\"ratio\",\"sourceField\":\"tychon.definition.stig\",\"filter\":{\"query\":\"tychon.definition.stig: *\",\"language\":\"kuery\"},\"params\":{\"sortField\":\"@timestamp\"},\"customLabel\":true},\"f80b87d6-0e6b-4489-863b-0164f889b4e6\":{\"label\":\"ID\",\"dataType\":\"string\",\"operationType\":\"terms\",\"scale\":\"ordinal\",\"sourceField\":\"tychon.id\",\"isBucketed\":true,\"params\":{\"size\":3,\"orderBy\":{\"type\":\"column\",\"columnId\":\"be8ac2ad-1ff9-4123-9ca6-ab95e7b1a50f\"},\"orderDirection\":\"desc\",\"otherBucket\":true,\"missingBucket\":false,\"parentFormat\":{\"id\":\"terms\"},\"include\":[],\"exclude\":[],\"includeIsRegex\":false,\"excludeIsRegex\":false},\"customLabel\":true}},\"columnOrder\":[\"f80b87d6-0e6b-4489-863b-0164f889b4e6\",\"4bae6e8b-82e3-4e86-b8cc-017cd41c4cdc\",\"6d563e2d-f0dd-40fc-b9c4-c003f69b6fd7\",\"be8ac2ad-1ff9-4123-9ca6-ab95e7b1a50f\",\"41f62f4c-295f-424b-b44f-452ed3b0dcd0\"],\"sampling\":1,\"incompleteColumns\":{}}}},\"textBased\":{\"layers\":{}}},\"internalReferences\":[],\"adHocDataViews\":{}}},\"hidePanelTitles\":false,\"enhancements\":{}},\"title\":\"TYCHON Agentless Info\"},{\"version\":\"8.6.2\",\"type\":\"LOG_STREAM_EMBEDDABLE\",\"gridData\":{\"x\":0,\"y\":36,\"w\":48,\"h\":17,\"i\":\"649e620d-4cf9-4c17-978b-113e3df64c46\"},\"panelIndex\":\"649e620d-4cf9-4c17-978b-113e3df64c46\",\"embeddableConfig\":{\"enhancements\":{}},\"title\":\"Log stream\"}]",
        "refreshInterval": {
            "pause": true,
            "value": 0
        },
        "timeFrom": "now-30d/d",
        "timeRestore": true,
        "timeTo": "now",
        "title": "[TYCHON] Endpoint Browser - Host Information",
        "version": 1
    },
    "coreMigrationVersion": "8.6.2",
    "created_at": "2023-08-24T15:35:21.428Z",
    "id": "tychon-6165bf50-3dbf-11ee-9610-15dee918f31a-host",
    "migrationVersion": {
        "dashboard": "8.6.0"
    },
    "references": [
        {
            "id": "tychon-ee4b44b0-40e6-11ee-8111-21f5f34f6dfc",
            "name": "2d1446f2-6aee-4a7c-84e2-aeffa6c5cf9d:panel_2d1446f2-6aee-4a7c-84e2-aeffa6c5cf9d",
            "type": "visualization"
        },
        {
            "id": "9267bb1b-cf22-4417-8cfb-6606848140a7",
            "name": "a5029f8a-476b-4375-bb7a-d60889ade8a4:metrics_a5029f8a-476b-4375-bb7a-d60889ade8a4_0_index_pattern",
            "type": "index-pattern"
        },
        {
            "id": "9267bb1b-cf22-4417-8cfb-6606848140a7",
            "name": "8ecc8919-ac6e-4281-a356-05f552ccf10f:indexpattern-datasource-layer-f4ed5a42-075e-4684-a82d-9b69f3ff5212",
            "type": "index-pattern"
        },
        {
            "id": "9267bb1b-cf22-4417-8cfb-6606848140a7",
            "name": "fd21cc47-2ac3-4a88-8598-c458a47d1e90:indexpattern-datasource-layer-596cb7b8-af7b-40db-affa-e7591c0165be",
            "type": "index-pattern"
        },
        {
            "id": "a264bf8d-abc3-4789-9f4c-bf76397e06ba",
            "name": "7412b1ca-0c47-4905-aa6a-474686887f76:indexpattern-datasource-layer-21cf6cf3-6399-4b45-8e70-849aa6623d06",
            "type": "index-pattern"
        },
        {
            "id": "78931842-dc88-45d7-a6ee-d79fb9f615bd",
            "name": "88c54662-3d8e-4484-9bad-ab4d1aac4ffc:indexpattern-datasource-layer-72f117b5-7ab9-41e7-a1f4-423f8b423707",
            "type": "index-pattern"
        },
        {
            "id": "tychon-2de7a3c0-3e08-11ee-9610-15dee918f31a-cve",
            "name": "88c54662-3d8e-4484-9bad-ab4d1aac4ffc:drilldown:DASHBOARD_TO_DASHBOARD_DRILLDOWN:69270630-ea7e-41db-a897-69da6ff72cdf:dashboardId",
            "type": "dashboard"
        },
        {
            "id": "e886429e-9532-4f44-bb36-6465fe760866",
            "name": "5ba071e0-cef6-4e8f-b34a-11b1cc806714:indexpattern-datasource-layer-56f3ea8a-a52d-462c-a5d6-2446d6826ad2",
            "type": "index-pattern"
        },
        {
            "id": "tychon-1af57010-41b6-11ee-83e4-c92ed141b9e5-networkadapter",
            "name": "5ba071e0-cef6-4e8f-b34a-11b1cc806714:drilldown:DASHBOARD_TO_DASHBOARD_DRILLDOWN:601d0e2a-08ac-4442-bbfc-fdfb6ed68c0b:dashboardId",
            "type": "dashboard"
        },
        {
            "id": "ed7c1bb4-5aac-45d4-9aff-06f4d4ad4a9a",
            "name": "d64e1165-e5d6-46d2-abb9-e4315e238f9e:indexpattern-datasource-layer-72f117b5-7ab9-41e7-a1f4-423f8b423707",
            "type": "index-pattern"
        },
        {
            "id": "tychon-e1c9c490-41a5-11ee-83e4-c92ed141b9e5-stig",
            "name": "d64e1165-e5d6-46d2-abb9-e4315e238f9e:drilldown:DASHBOARD_TO_DASHBOARD_DRILLDOWN:5726c30e-a24d-4b78-9d26-deb2771144bd:dashboardId",
            "type": "dashboard"
        },
        {
            "id": "62456a9a-bd4c-4b57-b6b5-5556b6869ce5",
            "name": "0a48a778-6cb1-44c3-89b8-76d6169e29a8:indexpattern-datasource-layer-7fbad8bf-b2fd-44ee-b47b-5b2260b8498d",
            "type": "index-pattern"
        },
        {
            "id": "tychon-380b6c10-3dbd-11ee-9610-15dee918f31a-harddrive",
            "name": "0a48a778-6cb1-44c3-89b8-76d6169e29a8:drilldown:DASHBOARD_TO_DASHBOARD_DRILLDOWN:97fe566e-2647-47dc-a6fb-ccbbc69f8985:dashboardId",
            "type": "dashboard"
        },
        {
            "id": "9267bb1b-cf22-4417-8cfb-6606848140a7",
            "name": "9b009011-6f72-4379-a69b-21e6feedfce7:indexpattern-datasource-layer-4ac1c77b-306c-4a94-b080-f204193d6efd",
            "type": "index-pattern"
        },
        {
            "id": "tychon-b85e87c0-41ab-11ee-83e4-c92ed141b9e5-epp",
            "name": "9b009011-6f72-4379-a69b-21e6feedfce7:drilldown:DASHBOARD_TO_DASHBOARD_DRILLDOWN:c3bbd434-5b28-4d1a-8013-b1553f622b22:dashboardId",
            "type": "dashboard"
        },
        {
            "id": "9267bb1b-cf22-4417-8cfb-6606848140a7",
            "name": "58ca195d-92a8-4a9d-bd11-1954002c8693:indexpattern-datasource-layer-bae2bbb2-5c2c-406b-8deb-d02970643aa0",
            "type": "index-pattern"
        },
        {
            "id": "tychon-b85e87c0-41ab-11ee-83e4-c92ed141b9e5-epp",
            "name": "58ca195d-92a8-4a9d-bd11-1954002c8693:drilldown:DASHBOARD_TO_DASHBOARD_DRILLDOWN:e7f01244-f435-4359-ab17-7faca8d78f98:dashboardId",
            "type": "dashboard"
        },
        {
            "id": "9267bb1b-cf22-4417-8cfb-6606848140a7",
            "name": "5a0cbef6-cb66-4850-8dd1-4fc4f81ddaf2:indexpattern-datasource-layer-ee0f709e-2211-41d5-afc0-086b3eb4d692",
            "type": "index-pattern"
        },
        {
            "id": "bb5226cd-c099-46d2-bb71-0257232c7d82",
            "name": "controlGroup_374dee3b-0adb-43f7-87d4-a8b9c1c9c1c5:optionsListDataView",
            "type": "index-pattern"
        },
        {
            "id": "e18d6100-3c85-11ee-9610-15dee918f31a",
            "name": "tag-ref-e18d6100-3c85-11ee-9610-15dee918f31a",
            "type": "tag"
        },
        {
            "id": "10af3800-10f3-11ee-af86-538da1394f27",
            "name": "tag-ref-10af3800-10f3-11ee-af86-538da1394f27",
            "type": "tag"
        },
        {
            "id": "5a3ae0c0-3dbf-11ee-9610-15dee918f31a",
            "name": "tag-ref-5a3ae0c0-3dbf-11ee-9610-15dee918f31a",
            "type": "tag"
        },
        {
            "id": "a3922360-3de6-11ee-9610-15dee918f31a",
            "name": "tag-ref-a3922360-3de6-11ee-9610-15dee918f31a",
            "type": "tag"
        }
    ],
    "type": "dashboard",
    "updated_at": "2023-08-24T15:35:21.428Z",
    "version": "WzgzMzgzMywyMl0="
}