{
    "attributes": {
        "description": "Track TYCHON Agentless Event runs, ensure there are no errors and find hosts that are not sending report data.",
        "kibanaSavedObjectMeta": {
            "searchSourceJSON": "{\"query\":{\"query\":\"\",\"language\":\"kuery\"},\"filter\":[{\"meta\":{\"alias\":null,\"negate\":false,\"disabled\":false,\"type\":\"phrase\",\"key\":\"event.provider\",\"params\":{\"query\":\"TYCHON\"},\"indexRefName\":\"kibanaSavedObjectMeta.searchSourceJSON.filter[0].meta.index\"},\"query\":{\"match_phrase\":{\"event.provider\":\"TYCHON\"}},\"$state\":{\"store\":\"appState\"}}]}"
        },
        "optionsJSON": "{\"useMargins\":true,\"syncColors\":false,\"syncCursor\":true,\"syncTooltips\":false,\"hidePanelTitles\":false}",
        "panelsJSON": "[{\"version\":\"8.6.2\",\"type\":\"lens\",\"gridData\":{\"x\":0,\"y\":0,\"w\":48,\"h\":9,\"i\":\"0d3c8367-8409-4931-accd-0b1dddd5895c\"},\"panelIndex\":\"0d3c8367-8409-4931-accd-0b1dddd5895c\",\"embeddableConfig\":{\"attributes\":{\"title\":\"\",\"visualizationType\":\"lnsXY\",\"type\":\"lens\",\"references\":[{\"type\":\"index-pattern\",\"id\":\"df491fbb-3f09-4ab0-995a-c2c549a9bc21\",\"name\":\"indexpattern-datasource-layer-e7402bc7-e904-495e-9339-368e8238ddde\"}],\"state\":{\"visualization\":{\"legend\":{\"isVisible\":true,\"position\":\"right\"},\"valueLabels\":\"hide\",\"fittingFunction\":\"None\",\"axisTitlesVisibilitySettings\":{\"x\":true,\"yLeft\":true,\"yRight\":true},\"tickLabelsVisibilitySettings\":{\"x\":true,\"yLeft\":true,\"yRight\":true},\"labelsOrientation\":{\"x\":0,\"yLeft\":0,\"yRight\":0},\"gridlinesVisibilitySettings\":{\"x\":true,\"yLeft\":true,\"yRight\":true},\"preferredSeriesType\":\"area_stacked\",\"layers\":[{\"layerId\":\"e7402bc7-e904-495e-9339-368e8238ddde\",\"accessors\":[\"16655ccf-fa72-4b4a-820a-1abc0f970605\"],\"position\":\"top\",\"seriesType\":\"area_stacked\",\"showGridlines\":false,\"layerType\":\"data\",\"xAccessor\":\"56d44da7-b14d-4203-923a-ed4054adb0cf\",\"splitAccessor\":\"a4e593d8-b5ac-4ede-8a44-50d0d0a64af0\"}]},\"query\":{\"query\":\"event.provider : \\\"TYCHON\\\" \",\"language\":\"kuery\"},\"filters\":[],\"datasourceStates\":{\"formBased\":{\"layers\":{\"e7402bc7-e904-495e-9339-368e8238ddde\":{\"columns\":{\"56d44da7-b14d-4203-923a-ed4054adb0cf\":{\"label\":\"@timestamp\",\"dataType\":\"date\",\"operationType\":\"date_histogram\",\"sourceField\":\"@timestamp\",\"isBucketed\":true,\"scale\":\"interval\",\"params\":{\"interval\":\"auto\",\"includeEmptyRows\":true,\"dropPartials\":false}},\"16655ccf-fa72-4b4a-820a-1abc0f970605\":{\"label\":\"Count of records\",\"dataType\":\"number\",\"operationType\":\"count\",\"isBucketed\":false,\"scale\":\"ratio\",\"sourceField\":\"___records___\",\"params\":{\"emptyAsNull\":true}},\"a4e593d8-b5ac-4ede-8a44-50d0d0a64af0\":{\"label\":\"Event Codes\",\"dataType\":\"string\",\"operationType\":\"terms\",\"scale\":\"ordinal\",\"sourceField\":\"event.code\",\"isBucketed\":true,\"params\":{\"size\":10,\"orderBy\":{\"type\":\"column\",\"columnId\":\"16655ccf-fa72-4b4a-820a-1abc0f970605\"},\"orderDirection\":\"desc\",\"otherBucket\":true,\"missingBucket\":false,\"parentFormat\":{\"id\":\"terms\"},\"include\":[],\"exclude\":[],\"includeIsRegex\":false,\"excludeIsRegex\":false},\"customLabel\":true}},\"columnOrder\":[\"a4e593d8-b5ac-4ede-8a44-50d0d0a64af0\",\"56d44da7-b14d-4203-923a-ed4054adb0cf\",\"16655ccf-fa72-4b4a-820a-1abc0f970605\"],\"sampling\":1,\"incompleteColumns\":{}}}},\"textBased\":{\"layers\":{}}},\"internalReferences\":[],\"adHocDataViews\":{}}},\"hidePanelTitles\":false,\"enhancements\":{}},\"title\":\"TYCHON Events\"},{\"version\":\"8.6.2\",\"type\":\"lens\",\"gridData\":{\"x\":0,\"y\":9,\"w\":8,\"h\":29,\"i\":\"003ea62c-e6c6-4352-bbf3-56de3c4b27d5\"},\"panelIndex\":\"003ea62c-e6c6-4352-bbf3-56de3c4b27d5\",\"embeddableConfig\":{\"attributes\":{\"title\":\"\",\"visualizationType\":\"lnsDatatable\",\"type\":\"lens\",\"references\":[{\"type\":\"index-pattern\",\"id\":\"df491fbb-3f09-4ab0-995a-c2c549a9bc21\",\"name\":\"indexpattern-datasource-layer-6c37a2a4-f317-4829-ae4c-ac399bb98cf8\"}],\"state\":{\"visualization\":{\"layerId\":\"6c37a2a4-f317-4829-ae4c-ac399bb98cf8\",\"layerType\":\"data\",\"columns\":[{\"columnId\":\"d0467eec-3e15-4567-8bec-0d645aa43766\",\"oneClickFilter\":true},{\"columnId\":\"68c6974a-897b-4580-9260-649e2e8097d0\",\"alignment\":\"center\"}],\"rowHeight\":\"single\",\"rowHeightLines\":1,\"headerRowHeight\":\"single\",\"headerRowHeightLines\":1,\"paging\":{\"size\":10,\"enabled\":false}},\"query\":{\"query\":\"\",\"language\":\"kuery\"},\"filters\":[],\"datasourceStates\":{\"formBased\":{\"layers\":{\"6c37a2a4-f317-4829-ae4c-ac399bb98cf8\":{\"columns\":{\"d0467eec-3e15-4567-8bec-0d645aa43766\":{\"label\":\"Hostname\",\"dataType\":\"string\",\"operationType\":\"terms\",\"scale\":\"ordinal\",\"sourceField\":\"host.hostname\",\"isBucketed\":true,\"params\":{\"size\":200,\"orderBy\":{\"type\":\"column\",\"columnId\":\"68c6974a-897b-4580-9260-649e2e8097d0\"},\"orderDirection\":\"asc\",\"otherBucket\":true,\"missingBucket\":false,\"parentFormat\":{\"id\":\"terms\"},\"include\":[],\"exclude\":[],\"includeIsRegex\":false,\"excludeIsRegex\":false},\"customLabel\":true},\"68c6974a-897b-4580-9260-649e2e8097d0\":{\"label\":\"Last Event Received\",\"dataType\":\"date\",\"operationType\":\"last_value\",\"isBucketed\":false,\"scale\":\"ratio\",\"sourceField\":\"event.ingested\",\"filter\":{\"query\":\"event.ingested: *\",\"language\":\"kuery\"},\"params\":{\"sortField\":\"event.ingested\"},\"customLabel\":true}},\"columnOrder\":[\"d0467eec-3e15-4567-8bec-0d645aa43766\",\"68c6974a-897b-4580-9260-649e2e8097d0\"],\"incompleteColumns\":{},\"sampling\":1}}},\"textBased\":{\"layers\":{}}},\"internalReferences\":[],\"adHocDataViews\":{}}},\"hidePanelTitles\":false,\"enhancements\":{}},\"title\":\"Top 200 Hosts Reporting Times\"},{\"version\":\"8.6.2\",\"type\":\"lens\",\"gridData\":{\"x\":8,\"y\":9,\"w\":8,\"h\":29,\"i\":\"08c2bd9a-4e44-47e7-80b2-12ee8f6c848a\"},\"panelIndex\":\"08c2bd9a-4e44-47e7-80b2-12ee8f6c848a\",\"embeddableConfig\":{\"attributes\":{\"title\":\"\",\"visualizationType\":\"lnsDatatable\",\"type\":\"lens\",\"references\":[{\"type\":\"index-pattern\",\"id\":\"df491fbb-3f09-4ab0-995a-c2c549a9bc21\",\"name\":\"indexpattern-datasource-layer-6c37a2a4-f317-4829-ae4c-ac399bb98cf8\"}],\"state\":{\"visualization\":{\"layerId\":\"6c37a2a4-f317-4829-ae4c-ac399bb98cf8\",\"layerType\":\"data\",\"columns\":[{\"columnId\":\"d0467eec-3e15-4567-8bec-0d645aa43766\",\"oneClickFilter\":true},{\"columnId\":\"68c6974a-897b-4580-9260-649e2e8097d0\",\"alignment\":\"center\"}],\"rowHeight\":\"single\",\"rowHeightLines\":1,\"headerRowHeight\":\"single\",\"headerRowHeightLines\":1,\"paging\":{\"size\":10,\"enabled\":false}},\"query\":{\"query\":\"\",\"language\":\"kuery\"},\"filters\":[],\"datasourceStates\":{\"formBased\":{\"layers\":{\"6c37a2a4-f317-4829-ae4c-ac399bb98cf8\":{\"columns\":{\"d0467eec-3e15-4567-8bec-0d645aa43766\":{\"label\":\"Hostname\",\"dataType\":\"string\",\"operationType\":\"terms\",\"scale\":\"ordinal\",\"sourceField\":\"host.hostname\",\"isBucketed\":true,\"params\":{\"size\":200,\"orderBy\":{\"type\":\"column\",\"columnId\":\"68c6974a-897b-4580-9260-649e2e8097d0\"},\"orderDirection\":\"asc\",\"otherBucket\":true,\"missingBucket\":false,\"parentFormat\":{\"id\":\"terms\"},\"include\":[],\"exclude\":[],\"includeIsRegex\":false,\"excludeIsRegex\":false},\"customLabel\":true},\"68c6974a-897b-4580-9260-649e2e8097d0\":{\"label\":\"Last Vulnerability Scan \",\"dataType\":\"date\",\"operationType\":\"last_value\",\"isBucketed\":false,\"scale\":\"ratio\",\"sourceField\":\"event.ingested\",\"filter\":{\"query\":\"event.code: 8000\",\"language\":\"kuery\"},\"params\":{\"sortField\":\"event.ingested\"},\"customLabel\":true}},\"columnOrder\":[\"d0467eec-3e15-4567-8bec-0d645aa43766\",\"68c6974a-897b-4580-9260-649e2e8097d0\"],\"incompleteColumns\":{},\"sampling\":1}}},\"textBased\":{\"layers\":{}}},\"internalReferences\":[],\"adHocDataViews\":{}}},\"hidePanelTitles\":false,\"enhancements\":{}},\"title\":\"Top 200 Hosts Vulnerability Scan\"},{\"version\":\"8.6.2\",\"type\":\"lens\",\"gridData\":{\"x\":16,\"y\":9,\"w\":8,\"h\":29,\"i\":\"d06340ad-f85b-41d2-b355-a63935813f2a\"},\"panelIndex\":\"d06340ad-f85b-41d2-b355-a63935813f2a\",\"embeddableConfig\":{\"attributes\":{\"title\":\"\",\"visualizationType\":\"lnsDatatable\",\"type\":\"lens\",\"references\":[{\"type\":\"index-pattern\",\"id\":\"df491fbb-3f09-4ab0-995a-c2c549a9bc21\",\"name\":\"indexpattern-datasource-layer-6c37a2a4-f317-4829-ae4c-ac399bb98cf8\"}],\"state\":{\"visualization\":{\"layerId\":\"6c37a2a4-f317-4829-ae4c-ac399bb98cf8\",\"layerType\":\"data\",\"columns\":[{\"columnId\":\"d0467eec-3e15-4567-8bec-0d645aa43766\",\"oneClickFilter\":true},{\"columnId\":\"68c6974a-897b-4580-9260-649e2e8097d0\",\"alignment\":\"center\"}],\"rowHeight\":\"single\",\"rowHeightLines\":1,\"headerRowHeight\":\"single\",\"headerRowHeightLines\":1,\"paging\":{\"size\":10,\"enabled\":false}},\"query\":{\"query\":\"\",\"language\":\"kuery\"},\"filters\":[],\"datasourceStates\":{\"formBased\":{\"layers\":{\"6c37a2a4-f317-4829-ae4c-ac399bb98cf8\":{\"columns\":{\"d0467eec-3e15-4567-8bec-0d645aa43766\":{\"label\":\"Hostname\",\"dataType\":\"string\",\"operationType\":\"terms\",\"scale\":\"ordinal\",\"sourceField\":\"host.hostname\",\"isBucketed\":true,\"params\":{\"size\":200,\"orderBy\":{\"type\":\"column\",\"columnId\":\"68c6974a-897b-4580-9260-649e2e8097d0\"},\"orderDirection\":\"asc\",\"otherBucket\":true,\"missingBucket\":false,\"parentFormat\":{\"id\":\"terms\"},\"include\":[],\"exclude\":[],\"includeIsRegex\":false,\"excludeIsRegex\":false},\"customLabel\":true},\"68c6974a-897b-4580-9260-649e2e8097d0\":{\"label\":\"Last Vulnerability Scan \",\"dataType\":\"date\",\"operationType\":\"last_value\",\"isBucketed\":false,\"scale\":\"ratio\",\"sourceField\":\"event.ingested\",\"filter\":{\"query\":\"event.code: \\\"8100\\\" \",\"language\":\"kuery\"},\"params\":{\"sortField\":\"event.ingested\"},\"customLabel\":true}},\"columnOrder\":[\"d0467eec-3e15-4567-8bec-0d645aa43766\",\"68c6974a-897b-4580-9260-649e2e8097d0\"],\"incompleteColumns\":{},\"sampling\":1}}},\"textBased\":{\"layers\":{}}},\"internalReferences\":[],\"adHocDataViews\":{}}},\"hidePanelTitles\":false,\"enhancements\":{}},\"title\":\"Top 200 Hosts STIG/SCAP Scan\"},{\"version\":\"8.6.2\",\"type\":\"lens\",\"gridData\":{\"x\":24,\"y\":9,\"w\":9,\"h\":10,\"i\":\"375c0c11-1577-4003-80f7-49eb9bc59ed6\"},\"panelIndex\":\"375c0c11-1577-4003-80f7-49eb9bc59ed6\",\"embeddableConfig\":{\"attributes\":{\"title\":\"\",\"visualizationType\":\"lnsDatatable\",\"type\":\"lens\",\"references\":[{\"type\":\"index-pattern\",\"id\":\"df491fbb-3f09-4ab0-995a-c2c549a9bc21\",\"name\":\"indexpattern-datasource-layer-9718473a-bff7-48ea-86aa-04ffed5eed06\"}],\"state\":{\"visualization\":{\"layerId\":\"9718473a-bff7-48ea-86aa-04ffed5eed06\",\"layerType\":\"data\",\"columns\":[{\"columnId\":\"ee089046-8dd0-47f9-b094-31dc5a43d8ad\"},{\"columnId\":\"1690c6b9-3994-45fe-b5df-f969d2db8685\",\"alignment\":\"center\",\"summaryRow\":\"sum\",\"summaryLabel\":\"Total\"}],\"sorting\":{\"columnId\":\"1690c6b9-3994-45fe-b5df-f969d2db8685\",\"direction\":\"desc\"}},\"query\":{\"query\":\"event.provider : \\\"TYCHON\\\" \",\"language\":\"kuery\"},\"filters\":[],\"datasourceStates\":{\"formBased\":{\"layers\":{\"9718473a-bff7-48ea-86aa-04ffed5eed06\":{\"columns\":{\"ee089046-8dd0-47f9-b094-31dc5a43d8ad\":{\"label\":\"Event Category\",\"dataType\":\"string\",\"operationType\":\"filters\",\"scale\":\"ordinal\",\"isBucketed\":true,\"params\":{\"filters\":[{\"label\":\"CVE Events\",\"input\":{\"query\":\"event.code \u003e= 8000 and event.code \u003c 8007\",\"language\":\"kuery\"}},{\"input\":{\"query\":\"event.code \u003e= 8100 and event.code \u003c=8108\",\"language\":\"kuery\"},\"label\":\"SCAP/STIG Events\"},{\"input\":{\"query\":\"event.code \u003e= 8200 and event.code \u003c= 8203\",\"language\":\"kuery\"},\"label\":\"EPP Events\"},{\"input\":{\"query\":\"event.code \u003e= 8900 and event.code \u003c= 8968\",\"language\":\"kuery\"},\"label\":\"TYCHON General Events\"}]},\"customLabel\":true},\"1690c6b9-3994-45fe-b5df-f969d2db8685\":{\"label\":\"Total Records\",\"dataType\":\"number\",\"operationType\":\"count\",\"isBucketed\":false,\"scale\":\"ratio\",\"sourceField\":\"___records___\",\"params\":{\"emptyAsNull\":true},\"customLabel\":true}},\"columnOrder\":[\"ee089046-8dd0-47f9-b094-31dc5a43d8ad\",\"1690c6b9-3994-45fe-b5df-f969d2db8685\"],\"sampling\":1,\"incompleteColumns\":{}}}},\"textBased\":{\"layers\":{}}},\"internalReferences\":[],\"adHocDataViews\":{}}},\"hidePanelTitles\":false,\"enhancements\":{}},\"title\":\"Event Counts By Category\"},{\"version\":\"8.6.2\",\"type\":\"LOG_STREAM_EMBEDDABLE\",\"gridData\":{\"x\":33,\"y\":9,\"w\":15,\"h\":29,\"i\":\"bfd61155-5434-4118-9ab8-d9c7622aa296\"},\"panelIndex\":\"bfd61155-5434-4118-9ab8-d9c7622aa296\",\"embeddableConfig\":{\"enhancements\":{}},\"title\":\"Log stream\"},{\"version\":\"8.6.2\",\"type\":\"lens\",\"gridData\":{\"x\":24,\"y\":19,\"w\":9,\"h\":8,\"i\":\"51fd833e-0ffd-488e-9e08-d9342ccd6884\"},\"panelIndex\":\"51fd833e-0ffd-488e-9e08-d9342ccd6884\",\"embeddableConfig\":{\"attributes\":{\"title\":\"\",\"visualizationType\":\"lnsDatatable\",\"type\":\"lens\",\"references\":[{\"type\":\"index-pattern\",\"id\":\"df491fbb-3f09-4ab0-995a-c2c549a9bc21\",\"name\":\"indexpattern-datasource-layer-9718473a-bff7-48ea-86aa-04ffed5eed06\"}],\"state\":{\"visualization\":{\"layerId\":\"9718473a-bff7-48ea-86aa-04ffed5eed06\",\"layerType\":\"data\",\"columns\":[{\"columnId\":\"ee089046-8dd0-47f9-b094-31dc5a43d8ad\"},{\"columnId\":\"1690c6b9-3994-45fe-b5df-f969d2db8685\",\"alignment\":\"center\",\"summaryRow\":\"sum\",\"summaryLabel\":\"Total\"}],\"sorting\":{\"columnId\":\"1690c6b9-3994-45fe-b5df-f969d2db8685\",\"direction\":\"desc\"}},\"query\":{\"query\":\"event.provider : \\\"TYCHON\\\" \",\"language\":\"kuery\"},\"filters\":[],\"datasourceStates\":{\"formBased\":{\"layers\":{\"9718473a-bff7-48ea-86aa-04ffed5eed06\":{\"columns\":{\"ee089046-8dd0-47f9-b094-31dc5a43d8ad\":{\"label\":\"Event Category\",\"dataType\":\"string\",\"operationType\":\"filters\",\"scale\":\"ordinal\",\"isBucketed\":true,\"params\":{\"filters\":[{\"label\":\"Error Events\",\"input\":{\"query\":\"log.level : \\\"error\\\" \",\"language\":\"kuery\"}},{\"input\":{\"query\":\"log.level : \\\"warning\\\" \",\"language\":\"kuery\"},\"label\":\"Warning Events\"},{\"input\":{\"query\":\"log.level : \\\"information\\\" \",\"language\":\"kuery\"},\"label\":\"Information Events\"}]},\"customLabel\":true},\"1690c6b9-3994-45fe-b5df-f969d2db8685\":{\"label\":\"Total Records\",\"dataType\":\"number\",\"operationType\":\"count\",\"isBucketed\":false,\"scale\":\"ratio\",\"sourceField\":\"___records___\",\"params\":{\"emptyAsNull\":false},\"customLabel\":true}},\"columnOrder\":[\"ee089046-8dd0-47f9-b094-31dc5a43d8ad\",\"1690c6b9-3994-45fe-b5df-f969d2db8685\"],\"sampling\":1,\"incompleteColumns\":{}}}},\"textBased\":{\"layers\":{}}},\"internalReferences\":[],\"adHocDataViews\":{}}},\"hidePanelTitles\":false,\"enhancements\":{}},\"title\":\"Event Counts By Severity\"},{\"version\":\"8.6.2\",\"type\":\"lens\",\"gridData\":{\"x\":24,\"y\":27,\"w\":9,\"h\":11,\"i\":\"f560734b-0618-40e0-828a-a6e141cf62a2\"},\"panelIndex\":\"f560734b-0618-40e0-828a-a6e141cf62a2\",\"embeddableConfig\":{\"attributes\":{\"title\":\"\",\"visualizationType\":\"lnsDatatable\",\"type\":\"lens\",\"references\":[{\"type\":\"index-pattern\",\"id\":\"df491fbb-3f09-4ab0-995a-c2c549a9bc21\",\"name\":\"indexpattern-datasource-layer-51fcf8c0-74c4-469b-a2c3-5581b411a908\"}],\"state\":{\"visualization\":{\"layerId\":\"51fcf8c0-74c4-469b-a2c3-5581b411a908\",\"layerType\":\"data\",\"columns\":[{\"columnId\":\"d8139485-6b46-45aa-8376-c2b28f89e022\"},{\"columnId\":\"568e03d3-c0c2-42db-8c81-e4cac6e39fa5\"}]},\"query\":{\"query\":\"\",\"language\":\"kuery\"},\"filters\":[],\"datasourceStates\":{\"formBased\":{\"layers\":{\"51fcf8c0-74c4-469b-a2c3-5581b411a908\":{\"columns\":{\"d8139485-6b46-45aa-8376-c2b28f89e022\":{\"label\":\"Errors:\",\"dataType\":\"string\",\"operationType\":\"filters\",\"scale\":\"ordinal\",\"isBucketed\":true,\"params\":{\"filters\":[{\"label\":\"Module Not Supported Error\",\"input\":{\"query\":\"event.provider:\\\"TYCHON\\\" and message:\\\"*is not supported\\\"\",\"language\":\"kuery\"}},{\"input\":{\"query\":\"event.provider : \\\"TYCHON\\\" and message:\\\"*not found in item*\\\"\",\"language\":\"kuery\"},\"label\":\"Item Not Found\"}]},\"customLabel\":true},\"568e03d3-c0c2-42db-8c81-e4cac6e39fa5\":{\"label\":\"Count of records\",\"dataType\":\"number\",\"operationType\":\"count\",\"isBucketed\":false,\"scale\":\"ratio\",\"sourceField\":\"___records___\",\"params\":{\"emptyAsNull\":true}}},\"columnOrder\":[\"d8139485-6b46-45aa-8376-c2b28f89e022\",\"568e03d3-c0c2-42db-8c81-e4cac6e39fa5\"],\"sampling\":1,\"incompleteColumns\":{}}}},\"textBased\":{\"layers\":{}}},\"internalReferences\":[],\"adHocDataViews\":{}}},\"enhancements\":{},\"hidePanelTitles\":false},\"title\":\"TYCHON Errors\"},{\"version\":\"8.6.2\",\"type\":\"visualization\",\"gridData\":{\"x\":0,\"y\":38,\"w\":27,\"h\":38,\"i\":\"2a8fb3f0-8a3a-4f26-94d6-ef0454458190\"},\"panelIndex\":\"2a8fb3f0-8a3a-4f26-94d6-ef0454458190\",\"embeddableConfig\":{\"savedVis\":{\"id\":\"\",\"title\":\"\",\"description\":\"\",\"type\":\"markdown\",\"params\":{\"fontSize\":12,\"openLinksInNewTab\":false,\"markdown\":\"### TYCHON Event ID  Mapping:\\n\\n|Category|Event ID|Event Type|Message Format|Source|Level|\\n| --- | --- | --- | --- | --- | --- |\\n|CVE| 8000\\t| TYCHON Vulnerability Check Started | Vulnerability Check Started\\t| TYCHON\\t|INFO |\\n|CVE| 8001\\t| TYCHON Vulnerability Check Failed\\t| Vulnerability Check Failed\\t| TYCHON\\t| ERROR\\n|CVE| 8002\\t| TYCHON Vulnerability Check Complete\\t| Vulnerability Check Complete\\t| TYCHON\\t| INFO\\n|CVE| 8003\\t| TYCHON CVE Check Passed\\t| Formatted scan output for passing test.\\t| TYCHON\\t| INFO\\n|CVE| 8004\\t| TYCHON CVE Check Failed\\t| Formatted scan output for failed test.\\t| TYCHON\\t| ERROR\\n|CVE| 8005\\t| TYCHON CVE Check Error\\t| Formatted scan output for test that reports an error.\\t| TYCHON\\t| WARN\\n|CVE|8006\\t| TYCHON CVE Delta Check Passed\\t| Formatted module output.\\t| TYCHON\\t| WARN\\n|STIG |8100 |TYCHON STIG Check Started\\t|TYCHON STIG Check Started\\t|TYCHON\\t|INFO\\n|STIG | 8101\\t|TYCHON STIG Check Failed\\t|TYCHON STIG Check Failed\\t|TYCHON\\t|ERROR\\n|STIG | 8102\\t|TYCHON STIG Check Complete\\t|TYCHON STIG Check Complete\\t|TYCHON\\t|INFO\\n|STIG | 8103\\t|TYCHON Benchmark Check Failed\\t|Formatted benchmark output\\t|TYCHON\\t|ERROR\\n|STIG | 8304\\t|TYCHON Benchmark Check Passed\\t|Formatted benchmark output\\t|TYCHON\\t|INFO\\n|STIG | 8105\\t|TYCHON Benchmark Check Error\\t|Formatted benchmark output\\t|TYCHON\\t|WARN\\n|STIG | 8106\\t|TYCHON Benchmark Delta Check Passed\\t|Formatted module output\\t|TYCHON\\t|WARN\\n|STIG | 8107\\t|TYCHON Benchmark Scan Start\\t|TYCHON Benchmark \u003cBENCHMARK NAME\u003e \u003cBENCHMARK ID\u003e\u003cPROFILE ID\u003e Scan Start\\t|TYCHON\\t|INFO\\n|STIG | 8108|TYCHON Benchmark Scan Complete\\t|TYCHON Benchmark \u003cBENCHMARK NAME\u003e \u003cBENCHMARK ID\u003e\u003cPROFILE ID\u003e Scan Complete.\\t|TYCHON\\t|INFO\\n|EPP|8200|TYCHON EPP Check Started\\t|TYCHON EPP Check Started\\t|TYCHON\\t|INFO\\n|EPP|8201|TYCHON EPP Check Completed\\t|TYCHON EPP Check Complete\\t|TYCHON\\t|ERROR\\n|EPP|8202|TYCHON EPP Setting Check Passed\\t|Formatted module output\\t|TYCHON\\t|INFO\\n|EPP|8203|TYCHON EPP Setting Check Failed\\t|Formatted module output\\t|TYCHON\\t|ERROR\\n|General|8900|TYCHON General Issue\\t|Free form\\t|TYCHON\\t|ERROR\\n|General|8901|TYCHON General Issue\\t|Free form\\t|TYCHON\\t|WARN\\n|General|8902|TYCHON General Issue\\t|Free form\\t|TYCHON\\t|INFO\\n|General|8968|TYCHON Script Start\\t|TYCHON Script Start \u003cScript Name\u003e, \u003cStart Time\u003e Expectation to include the start time as a field.\\t|TYCHON\\t|INFO\\n|General|8968|TYCHON Script Complete\\t|TYCHON Script Complete \u003cScript Name\u003e, \u003cCompletion Time\u003e Expectation to include the completion time as a field.\\t|TYCHON\\t|INFO\"},\"uiState\":{},\"data\":{\"aggs\":[],\"searchSource\":{\"query\":{\"query\":\"\",\"language\":\"kuery\"},\"filter\":[]}}},\"hidePanelTitles\":true,\"enhancements\":{}}},{\"version\":\"8.6.2\",\"type\":\"lens\",\"gridData\":{\"x\":27,\"y\":38,\"w\":12,\"h\":19,\"i\":\"ffd3a473-3cb4-4ef1-95a2-19899211b020\"},\"panelIndex\":\"ffd3a473-3cb4-4ef1-95a2-19899211b020\",\"embeddableConfig\":{\"attributes\":{\"title\":\"\",\"visualizationType\":\"lnsDatatable\",\"type\":\"lens\",\"references\":[{\"type\":\"index-pattern\",\"id\":\"df491fbb-3f09-4ab0-995a-c2c549a9bc21\",\"name\":\"indexpattern-datasource-layer-7291df4e-9082-4935-8fed-0f3d42910589\"}],\"state\":{\"visualization\":{\"layerId\":\"7291df4e-9082-4935-8fed-0f3d42910589\",\"layerType\":\"data\",\"columns\":[{\"columnId\":\"e4855ab7-72e1-4b6a-a668-c8a39ab3dba2\",\"alignment\":\"left\",\"oneClickFilter\":true},{\"columnId\":\"59d9fc9f-a21c-4b5b-a87b-b66b016505fa\",\"alignment\":\"center\"},{\"columnId\":\"56e6a432-6881-4338-b91c-a907653fbd8c\",\"isTransposed\":false,\"alignment\":\"center\"},{\"columnId\":\"1503adce-02f2-4ee6-a15d-9b76b98c40d8\",\"isTransposed\":false,\"alignment\":\"center\"},{\"columnId\":\"ca252885-1816-4144-a8b4-444d3e186b20\",\"isTransposed\":false,\"alignment\":\"center\"}],\"sorting\":{\"columnId\":\"e4855ab7-72e1-4b6a-a668-c8a39ab3dba2\",\"direction\":\"desc\"}},\"query\":{\"query\":\"event.code: 8101 or event.code: 8001 or event.code:8203\",\"language\":\"kuery\"},\"filters\":[],\"datasourceStates\":{\"formBased\":{\"layers\":{\"7291df4e-9082-4935-8fed-0f3d42910589\":{\"columns\":{\"e4855ab7-72e1-4b6a-a668-c8a39ab3dba2\":{\"label\":\"Date\",\"dataType\":\"date\",\"operationType\":\"date_histogram\",\"sourceField\":\"event.ingested\",\"isBucketed\":true,\"scale\":\"interval\",\"params\":{\"interval\":\"d\",\"includeEmptyRows\":true,\"dropPartials\":false},\"customLabel\":true},\"59d9fc9f-a21c-4b5b-a87b-b66b016505fa\":{\"label\":\"Total Failures\",\"dataType\":\"number\",\"operationType\":\"count\",\"isBucketed\":false,\"scale\":\"ratio\",\"sourceField\":\"___records___\",\"params\":{\"emptyAsNull\":true},\"customLabel\":true},\"56e6a432-6881-4338-b91c-a907653fbd8c\":{\"label\":\"STIG Failures\",\"dataType\":\"number\",\"operationType\":\"count\",\"isBucketed\":false,\"scale\":\"ratio\",\"sourceField\":\"___records___\",\"filter\":{\"query\":\"event.code: 8101\",\"language\":\"kuery\"},\"params\":{\"emptyAsNull\":true},\"customLabel\":true},\"1503adce-02f2-4ee6-a15d-9b76b98c40d8\":{\"label\":\"Vulnerability Failures\",\"dataType\":\"number\",\"operationType\":\"count\",\"isBucketed\":false,\"scale\":\"ratio\",\"sourceField\":\"___records___\",\"filter\":{\"query\":\"event.code: 8001\",\"language\":\"kuery\"},\"params\":{\"emptyAsNull\":true},\"customLabel\":true},\"ca252885-1816-4144-a8b4-444d3e186b20\":{\"label\":\"EPP Failures\",\"dataType\":\"number\",\"operationType\":\"count\",\"isBucketed\":false,\"scale\":\"ratio\",\"sourceField\":\"___records___\",\"filter\":{\"query\":\"event.code: \\\"8203\\\" \",\"language\":\"kuery\"},\"params\":{\"emptyAsNull\":true},\"customLabel\":true}},\"columnOrder\":[\"e4855ab7-72e1-4b6a-a668-c8a39ab3dba2\",\"59d9fc9f-a21c-4b5b-a87b-b66b016505fa\",\"56e6a432-6881-4338-b91c-a907653fbd8c\",\"1503adce-02f2-4ee6-a15d-9b76b98c40d8\",\"ca252885-1816-4144-a8b4-444d3e186b20\"],\"sampling\":1,\"incompleteColumns\":{}}}},\"textBased\":{\"layers\":{}}},\"internalReferences\":[],\"adHocDataViews\":{}}},\"hidePanelTitles\":false,\"enhancements\":{}},\"title\":\"Scan Failures Per Day\"},{\"version\":\"8.6.2\",\"type\":\"lens\",\"gridData\":{\"x\":39,\"y\":38,\"w\":9,\"h\":19,\"i\":\"6a813b1d-6a0b-414a-88e0-0c25bd7a5a2d\"},\"panelIndex\":\"6a813b1d-6a0b-414a-88e0-0c25bd7a5a2d\",\"embeddableConfig\":{\"attributes\":{\"title\":\"\",\"visualizationType\":\"lnsPie\",\"type\":\"lens\",\"references\":[{\"type\":\"index-pattern\",\"id\":\"df491fbb-3f09-4ab0-995a-c2c549a9bc21\",\"name\":\"indexpattern-datasource-layer-7c6422f1-c23f-49b2-8736-1971f6116592\"}],\"state\":{\"visualization\":{\"shape\":\"pie\",\"layers\":[{\"layerId\":\"7c6422f1-c23f-49b2-8736-1971f6116592\",\"primaryGroups\":[\"2416f259-6b27-465e-91da-4adafc040ead\"],\"metrics\":[\"387b0e2c-27c5-46f6-89da-8e2b10dc46c7\"],\"numberDisplay\":\"percent\",\"categoryDisplay\":\"default\",\"legendDisplay\":\"default\",\"nestedLegend\":false,\"layerType\":\"data\"}]},\"query\":{\"query\":\"\",\"language\":\"kuery\"},\"filters\":[],\"datasourceStates\":{\"formBased\":{\"layers\":{\"7c6422f1-c23f-49b2-8736-1971f6116592\":{\"columns\":{\"2416f259-6b27-465e-91da-4adafc040ead\":{\"label\":\"Top 5 values of host.os.name\",\"dataType\":\"string\",\"operationType\":\"terms\",\"scale\":\"ordinal\",\"sourceField\":\"host.os.name\",\"isBucketed\":true,\"params\":{\"size\":5,\"orderBy\":{\"type\":\"column\",\"columnId\":\"387b0e2c-27c5-46f6-89da-8e2b10dc46c7\"},\"orderDirection\":\"desc\",\"otherBucket\":true,\"missingBucket\":false,\"parentFormat\":{\"id\":\"terms\"},\"include\":[],\"exclude\":[],\"includeIsRegex\":false,\"excludeIsRegex\":false}},\"387b0e2c-27c5-46f6-89da-8e2b10dc46c7\":{\"label\":\"Count of records\",\"dataType\":\"number\",\"operationType\":\"count\",\"isBucketed\":false,\"scale\":\"ratio\",\"sourceField\":\"___records___\",\"params\":{\"emptyAsNull\":true}}},\"columnOrder\":[\"2416f259-6b27-465e-91da-4adafc040ead\",\"387b0e2c-27c5-46f6-89da-8e2b10dc46c7\"],\"incompleteColumns\":{},\"sampling\":1}}},\"textBased\":{\"layers\":{}}},\"internalReferences\":[],\"adHocDataViews\":{}}},\"hidePanelTitles\":false,\"enhancements\":{}},\"title\":\"Operating System Breakdown\"}]",
        "refreshInterval": {
            "pause": true,
            "value": 0
        },
        "timeFrom": "now-7d/d",
        "timeRestore": true,
        "timeTo": "now",
        "title": "[TYCHON] - Agentless Event Logs",
        "version": 1
    },
    "coreMigrationVersion": "8.6.2",
    "created_at": "2023-06-22T19:24:40.643Z",
    "id": "tychon-e3cbb1a0-112a-11ee-af86-538da1394f27-log",
    "migrationVersion": {
        "dashboard": "8.6.0"
    },
    "references": [
        {
            "id": "df491fbb-3f09-4ab0-995a-c2c549a9bc21",
            "name": "kibanaSavedObjectMeta.searchSourceJSON.filter[0].meta.index",
            "type": "index-pattern"
        },
        {
            "id": "df491fbb-3f09-4ab0-995a-c2c549a9bc21",
            "name": "0d3c8367-8409-4931-accd-0b1dddd5895c:indexpattern-datasource-layer-e7402bc7-e904-495e-9339-368e8238ddde",
            "type": "index-pattern"
        },
        {
            "id": "df491fbb-3f09-4ab0-995a-c2c549a9bc21",
            "name": "003ea62c-e6c6-4352-bbf3-56de3c4b27d5:indexpattern-datasource-layer-6c37a2a4-f317-4829-ae4c-ac399bb98cf8",
            "type": "index-pattern"
        },
        {
            "id": "df491fbb-3f09-4ab0-995a-c2c549a9bc21",
            "name": "08c2bd9a-4e44-47e7-80b2-12ee8f6c848a:indexpattern-datasource-layer-6c37a2a4-f317-4829-ae4c-ac399bb98cf8",
            "type": "index-pattern"
        },
        {
            "id": "df491fbb-3f09-4ab0-995a-c2c549a9bc21",
            "name": "d06340ad-f85b-41d2-b355-a63935813f2a:indexpattern-datasource-layer-6c37a2a4-f317-4829-ae4c-ac399bb98cf8",
            "type": "index-pattern"
        },
        {
            "id": "df491fbb-3f09-4ab0-995a-c2c549a9bc21",
            "name": "375c0c11-1577-4003-80f7-49eb9bc59ed6:indexpattern-datasource-layer-9718473a-bff7-48ea-86aa-04ffed5eed06",
            "type": "index-pattern"
        },
        {
            "id": "df491fbb-3f09-4ab0-995a-c2c549a9bc21",
            "name": "51fd833e-0ffd-488e-9e08-d9342ccd6884:indexpattern-datasource-layer-9718473a-bff7-48ea-86aa-04ffed5eed06",
            "type": "index-pattern"
        },
        {
            "id": "df491fbb-3f09-4ab0-995a-c2c549a9bc21",
            "name": "f560734b-0618-40e0-828a-a6e141cf62a2:indexpattern-datasource-layer-51fcf8c0-74c4-469b-a2c3-5581b411a908",
            "type": "index-pattern"
        },
        {
            "id": "df491fbb-3f09-4ab0-995a-c2c549a9bc21",
            "name": "ffd3a473-3cb4-4ef1-95a2-19899211b020:indexpattern-datasource-layer-7291df4e-9082-4935-8fed-0f3d42910589",
            "type": "index-pattern"
        },
        {
            "id": "df491fbb-3f09-4ab0-995a-c2c549a9bc21",
            "name": "6a813b1d-6a0b-414a-88e0-0c25bd7a5a2d:indexpattern-datasource-layer-7c6422f1-c23f-49b2-8736-1971f6116592",
            "type": "index-pattern"
        },
        {
            "id": "10af3800-10f3-11ee-af86-538da1394f27",
            "name": "tag-ref-10af3800-10f3-11ee-af86-538da1394f27",
            "type": "tag"
        }
    ],
    "type": "dashboard",
    "updated_at": "2023-06-22T19:24:40.643Z",
    "version": "WzI4NDUzNSwxM10="
}