{
    "attributes": {
        "controlGroupInput": {
            "chainingSystem": "HIERARCHICAL",
            "controlStyle": "oneLine",
            "ignoreParentSettingsJSON": "{\"ignoreFilters\":false,\"ignoreQuery\":false,\"ignoreTimerange\":false,\"ignoreValidations\":false}",
            "panelsJSON": "{\"a888c608-f4d6-4b9e-89e5-b23938eae614\":{\"order\":0,\"width\":\"large\",\"grow\":true,\"type\":\"optionsListControl\",\"explicitInput\":{\"title\":\"Hostname\",\"fieldName\":\"host.hostname\",\"singleSelect\":true,\"hideExclude\":true,\"hideExists\":true,\"id\":\"a888c608-f4d6-4b9e-89e5-b23938eae614\",\"enhancements\":{}}}}"
        },
        "description": "The \"TYCHON Endpoint Browser\" dashboard provides host visualization data for a single endpoint at a time. The dashboard is a set of several individual views broken down by tabs near the top of the screen. The TYCHON Endpoint Browser – Network Cards view displays information about every physical and virtual network interface attached to the endpoint. TYCHON also captures wireless identification information, drivers, dhcp/wins server information, and more.",
        "kibanaSavedObjectMeta": {
            "searchSourceJSON": "{\"query\":{\"query\":\"\",\"language\":\"kuery\"},\"filter\":[]}"
        },
        "optionsJSON": "{\"useMargins\":true,\"syncColors\":false,\"syncCursor\":true,\"syncTooltips\":false,\"hidePanelTitles\":false}",
        "panelsJSON": "[{\"version\":\"8.6.2\",\"type\":\"visualization\",\"gridData\":{\"x\":0,\"y\":0,\"w\":48,\"h\":3,\"i\":\"89be3f45-0b62-42ac-83fa-2f2f7f9857cb\"},\"panelIndex\":\"89be3f45-0b62-42ac-83fa-2f2f7f9857cb\",\"embeddableConfig\":{\"hidePanelTitles\":true,\"enhancements\":{}},\"panelRefName\":\"panel_89be3f45-0b62-42ac-83fa-2f2f7f9857cb\"},{\"version\":\"8.6.2\",\"type\":\"visualization\",\"gridData\":{\"x\":0,\"y\":3,\"w\":6,\"h\":11,\"i\":\"40b4e937-487e-44aa-86f1-dbc38e0c2278\"},\"panelIndex\":\"40b4e937-487e-44aa-86f1-dbc38e0c2278\",\"embeddableConfig\":{\"savedVis\":{\"id\":\"\",\"title\":\"\",\"description\":\"\",\"type\":\"markdown\",\"params\":{\"fontSize\":12,\"openLinksInNewTab\":false,\"markdown\":\"### Network Adapters\\nTYCHON collects all the Network Adapters, virtual and physical, attached to a device.  The endpoint will report on the driver it uses, as well as IP-based information for both IP versions 4 and 6.  TYCHON will also report connected wireless information if a WIFI adapter is attached to the host.\"},\"uiState\":{},\"data\":{\"aggs\":[],\"searchSource\":{\"query\":{\"query\":\"\",\"language\":\"kuery\"},\"filter\":[]}}},\"hidePanelTitles\":true,\"enhancements\":{}}},{\"version\":\"8.6.2\",\"type\":\"lens\",\"gridData\":{\"x\":6,\"y\":3,\"w\":5,\"h\":11,\"i\":\"084075d4-a371-4a99-9bf0-627c41cf8b53\"},\"panelIndex\":\"084075d4-a371-4a99-9bf0-627c41cf8b53\",\"embeddableConfig\":{\"attributes\":{\"title\":\"\",\"visualizationType\":\"lnsLegacyMetric\",\"type\":\"lens\",\"references\":[{\"type\":\"index-pattern\",\"id\":\"e886429e-9532-4f44-bb36-6465fe760866\",\"name\":\"indexpattern-datasource-layer-af5e1785-c716-4020-a4af-3349819785f8\"}],\"state\":{\"visualization\":{\"layerId\":\"af5e1785-c716-4020-a4af-3349819785f8\",\"accessor\":\"2d4e6a8a-eba5-49c6-a626-be25534c183d\",\"layerType\":\"data\",\"titlePosition\":\"bottom\",\"size\":\"xl\",\"textAlign\":\"center\"},\"query\":{\"query\":\"\",\"language\":\"kuery\"},\"filters\":[],\"datasourceStates\":{\"formBased\":{\"layers\":{\"af5e1785-c716-4020-a4af-3349819785f8\":{\"columns\":{\"2d4e6a8a-eba5-49c6-a626-be25534c183d\":{\"label\":\"Total Network Adapters\",\"dataType\":\"number\",\"operationType\":\"unique_count\",\"scale\":\"ratio\",\"sourceField\":\"host.adapter.id\",\"isBucketed\":false,\"params\":{\"emptyAsNull\":true},\"customLabel\":true}},\"columnOrder\":[\"2d4e6a8a-eba5-49c6-a626-be25534c183d\"],\"sampling\":1,\"incompleteColumns\":{}}}},\"textBased\":{\"layers\":{}}},\"internalReferences\":[],\"adHocDataViews\":{}}},\"hidePanelTitles\":true,\"enhancements\":{}}},{\"version\":\"8.6.2\",\"type\":\"lens\",\"gridData\":{\"x\":11,\"y\":3,\"w\":37,\"h\":11,\"i\":\"f9cc6faa-ea73-4da4-97ab-08f81e9cb3fe\"},\"panelIndex\":\"f9cc6faa-ea73-4da4-97ab-08f81e9cb3fe\",\"embeddableConfig\":{\"attributes\":{\"title\":\"\",\"visualizationType\":\"lnsDatatable\",\"type\":\"lens\",\"references\":[{\"type\":\"index-pattern\",\"id\":\"e886429e-9532-4f44-bb36-6465fe760866\",\"name\":\"indexpattern-datasource-layer-ff6a221f-469c-4ef6-a8e1-3f697430331c\"}],\"state\":{\"visualization\":{\"columns\":[{\"isTransposed\":false,\"columnId\":\"709554a2-6b92-446a-8924-35460cb0962b\"},{\"columnId\":\"9c48cd5b-dbef-4c40-a417-27bfdf6b4721\",\"isTransposed\":false},{\"columnId\":\"886a311d-40aa-44de-9feb-6a9a2d9cc915\",\"isTransposed\":false},{\"columnId\":\"d440007c-1904-4e96-b222-df218f750a23\",\"isTransposed\":false,\"alignment\":\"center\"},{\"columnId\":\"e7108e0d-22b2-4f89-9f2b-290ecb6ccca9\",\"isTransposed\":false}],\"layerId\":\"ff6a221f-469c-4ef6-a8e1-3f697430331c\",\"layerType\":\"data\"},\"query\":{\"query\":\"\",\"language\":\"kuery\"},\"filters\":[],\"datasourceStates\":{\"formBased\":{\"layers\":{\"ff6a221f-469c-4ef6-a8e1-3f697430331c\":{\"columns\":{\"709554a2-6b92-446a-8924-35460cb0962b\":{\"label\":\"Driver Name\",\"dataType\":\"string\",\"operationType\":\"terms\",\"scale\":\"ordinal\",\"sourceField\":\"host.adapter.driver.name\",\"isBucketed\":true,\"params\":{\"size\":5,\"orderBy\":{\"type\":\"column\",\"columnId\":\"e7108e0d-22b2-4f89-9f2b-290ecb6ccca9\"},\"orderDirection\":\"desc\",\"otherBucket\":true,\"missingBucket\":false,\"parentFormat\":{\"id\":\"terms\"},\"include\":[],\"exclude\":[],\"includeIsRegex\":false,\"excludeIsRegex\":false},\"customLabel\":true},\"9c48cd5b-dbef-4c40-a417-27bfdf6b4721\":{\"label\":\"Driver File\",\"dataType\":\"string\",\"operationType\":\"terms\",\"scale\":\"ordinal\",\"sourceField\":\"host.adapter.driver.file_name\",\"isBucketed\":true,\"params\":{\"size\":3,\"orderBy\":{\"type\":\"column\",\"columnId\":\"e7108e0d-22b2-4f89-9f2b-290ecb6ccca9\"},\"orderDirection\":\"desc\",\"otherBucket\":true,\"missingBucket\":false,\"parentFormat\":{\"id\":\"terms\"},\"include\":[],\"exclude\":[],\"includeIsRegex\":false,\"excludeIsRegex\":false},\"customLabel\":true},\"886a311d-40aa-44de-9feb-6a9a2d9cc915\":{\"label\":\"Provider\",\"dataType\":\"string\",\"operationType\":\"terms\",\"scale\":\"ordinal\",\"sourceField\":\"host.adapter.driver.provider\",\"isBucketed\":true,\"params\":{\"size\":3,\"orderBy\":{\"type\":\"column\",\"columnId\":\"e7108e0d-22b2-4f89-9f2b-290ecb6ccca9\"},\"orderDirection\":\"desc\",\"otherBucket\":true,\"missingBucket\":false,\"parentFormat\":{\"id\":\"terms\"},\"include\":[],\"exclude\":[],\"includeIsRegex\":false,\"excludeIsRegex\":false},\"customLabel\":true},\"d440007c-1904-4e96-b222-df218f750a23\":{\"label\":\"Version\",\"dataType\":\"string\",\"operationType\":\"terms\",\"scale\":\"ordinal\",\"sourceField\":\"host.adapter.driver.version\",\"isBucketed\":true,\"params\":{\"size\":3,\"orderBy\":{\"type\":\"column\",\"columnId\":\"e7108e0d-22b2-4f89-9f2b-290ecb6ccca9\"},\"orderDirection\":\"desc\",\"otherBucket\":true,\"missingBucket\":false,\"parentFormat\":{\"id\":\"terms\"},\"include\":[],\"exclude\":[],\"includeIsRegex\":false,\"excludeIsRegex\":false},\"customLabel\":true},\"e7108e0d-22b2-4f89-9f2b-290ecb6ccca9\":{\"label\":\"Driver Date\",\"dataType\":\"date\",\"operationType\":\"last_value\",\"isBucketed\":false,\"scale\":\"ratio\",\"sourceField\":\"host.adapter.driver.date\",\"filter\":{\"query\":\"host.adapter.driver.date: *\",\"language\":\"kuery\"},\"params\":{\"sortField\":\"@timestamp\"},\"customLabel\":true}},\"columnOrder\":[\"709554a2-6b92-446a-8924-35460cb0962b\",\"d440007c-1904-4e96-b222-df218f750a23\",\"9c48cd5b-dbef-4c40-a417-27bfdf6b4721\",\"886a311d-40aa-44de-9feb-6a9a2d9cc915\",\"e7108e0d-22b2-4f89-9f2b-290ecb6ccca9\"],\"incompleteColumns\":{},\"sampling\":1}}},\"textBased\":{\"layers\":{}}},\"internalReferences\":[],\"adHocDataViews\":{}}},\"hidePanelTitles\":false,\"enhancements\":{}},\"title\":\"Driver Information\"},{\"version\":\"8.6.2\",\"type\":\"lens\",\"gridData\":{\"x\":0,\"y\":14,\"w\":48,\"h\":10,\"i\":\"15c69399-dcbc-4881-bc99-4818e466265c\"},\"panelIndex\":\"15c69399-dcbc-4881-bc99-4818e466265c\",\"embeddableConfig\":{\"attributes\":{\"title\":\"\",\"visualizationType\":\"lnsDatatable\",\"type\":\"lens\",\"references\":[{\"type\":\"index-pattern\",\"id\":\"e886429e-9532-4f44-bb36-6465fe760866\",\"name\":\"indexpattern-datasource-layer-6a5dd59a-90ba-4d4e-ab97-e829b8d2deb7\"}],\"state\":{\"visualization\":{\"columns\":[{\"isTransposed\":false,\"columnId\":\"b1e9f075-199d-446c-8433-c2730dfc96bd\",\"width\":216.75454545454545},{\"isTransposed\":false,\"columnId\":\"08b29813-ec38-4395-8a88-7c889625a8e2\",\"hidden\":true},{\"columnId\":\"879a60e7-10d5-42f8-b2c1-01ea749635cb\",\"isTransposed\":false,\"width\":173.97118181818183},{\"columnId\":\"69b26d50-3416-47ef-aa4e-9d2c689b0b63\",\"isTransposed\":false,\"alignment\":\"center\",\"collapseFn\":\"\"},{\"columnId\":\"8ab455b8-c910-4c6a-bcef-affc5bb67e8d\",\"isTransposed\":false,\"alignment\":\"center\",\"width\":116.52673737373738},{\"columnId\":\"602140d9-4086-44be-abc5-897301f23eff\",\"isTransposed\":false,\"alignment\":\"center\"},{\"columnId\":\"f1e5a62a-3593-4d6a-93dc-b907a0c92d91\",\"isTransposed\":false,\"width\":133.65173737373738},{\"columnId\":\"e1189c3c-f074-4ea5-bdc1-dbf36939e37a\",\"isTransposed\":false,\"alignment\":\"center\",\"width\":109.50888023088024},{\"columnId\":\"169ce68c-3a37-46f0-b5ec-009e53190781\",\"isTransposed\":false,\"alignment\":\"center\"},{\"columnId\":\"be1f5181-4560-439a-abb0-bb6c83c22136\",\"isTransposed\":false,\"alignment\":\"center\"},{\"columnId\":\"fc864c56-0a4b-493a-ad61-6ccf28b29ef1\",\"isTransposed\":false,\"width\":94.45454545454547,\"alignment\":\"center\"},{\"columnId\":\"c971cbdc-b632-4b4c-b31d-007efef17ea7\",\"isTransposed\":false,\"alignment\":\"center\",\"width\":121.0790909090909},{\"columnId\":\"0c76bafc-3ee0-4f81-84df-4c2d4360b3bd\",\"isTransposed\":false}],\"layerId\":\"6a5dd59a-90ba-4d4e-ab97-e829b8d2deb7\",\"layerType\":\"data\"},\"query\":{\"query\":\"\",\"language\":\"kuery\"},\"filters\":[],\"datasourceStates\":{\"formBased\":{\"layers\":{\"6a5dd59a-90ba-4d4e-ab97-e829b8d2deb7\":{\"columns\":{\"b1e9f075-199d-446c-8433-c2730dfc96bd\":{\"label\":\"IP Address\",\"dataType\":\"ip\",\"operationType\":\"terms\",\"scale\":\"ordinal\",\"sourceField\":\"host.adapter.ip\",\"isBucketed\":true,\"params\":{\"size\":5,\"orderBy\":{\"type\":\"column\",\"columnId\":\"08b29813-ec38-4395-8a88-7c889625a8e2\"},\"orderDirection\":\"desc\",\"otherBucket\":true,\"missingBucket\":false,\"parentFormat\":{\"id\":\"terms\"},\"include\":[],\"exclude\":[],\"includeIsRegex\":false,\"excludeIsRegex\":false},\"customLabel\":true},\"08b29813-ec38-4395-8a88-7c889625a8e2\":{\"label\":\"Count of records\",\"dataType\":\"number\",\"operationType\":\"count\",\"isBucketed\":false,\"scale\":\"ratio\",\"sourceField\":\"___records___\",\"params\":{\"emptyAsNull\":true}},\"879a60e7-10d5-42f8-b2c1-01ea749635cb\":{\"label\":\"MAC Address\",\"dataType\":\"string\",\"operationType\":\"terms\",\"scale\":\"ordinal\",\"sourceField\":\"host.adapter.mac\",\"isBucketed\":true,\"params\":{\"size\":3,\"orderBy\":{\"type\":\"column\",\"columnId\":\"08b29813-ec38-4395-8a88-7c889625a8e2\"},\"orderDirection\":\"desc\",\"otherBucket\":true,\"missingBucket\":false,\"parentFormat\":{\"id\":\"terms\"},\"include\":[],\"exclude\":[],\"includeIsRegex\":false,\"excludeIsRegex\":false},\"customLabel\":true},\"69b26d50-3416-47ef-aa4e-9d2c689b0b63\":{\"label\":\"Domain\",\"dataType\":\"string\",\"operationType\":\"terms\",\"scale\":\"ordinal\",\"sourceField\":\"host.adapter.domain\",\"isBucketed\":true,\"params\":{\"size\":3,\"orderBy\":{\"type\":\"column\",\"columnId\":\"08b29813-ec38-4395-8a88-7c889625a8e2\"},\"orderDirection\":\"desc\",\"otherBucket\":true,\"missingBucket\":true,\"parentFormat\":{\"id\":\"terms\"},\"include\":[],\"exclude\":[],\"includeIsRegex\":false,\"excludeIsRegex\":false},\"customLabel\":true},\"8ab455b8-c910-4c6a-bcef-affc5bb67e8d\":{\"label\":\"Link Speed\",\"dataType\":\"number\",\"operationType\":\"terms\",\"scale\":\"ordinal\",\"sourceField\":\"host.adapter.link_speed\",\"isBucketed\":true,\"params\":{\"size\":3,\"orderBy\":{\"type\":\"column\",\"columnId\":\"08b29813-ec38-4395-8a88-7c889625a8e2\"},\"orderDirection\":\"desc\",\"otherBucket\":true,\"missingBucket\":false,\"parentFormat\":{\"id\":\"terms\"},\"include\":[],\"exclude\":[],\"includeIsRegex\":false,\"excludeIsRegex\":false,\"format\":{\"id\":\"number\",\"params\":{\"decimals\":2}}},\"customLabel\":true},\"602140d9-4086-44be-abc5-897301f23eff\":{\"label\":\"Media Type\",\"dataType\":\"string\",\"operationType\":\"terms\",\"scale\":\"ordinal\",\"sourceField\":\"host.adapter.media.type\",\"isBucketed\":true,\"params\":{\"size\":3,\"orderBy\":{\"type\":\"column\",\"columnId\":\"08b29813-ec38-4395-8a88-7c889625a8e2\"},\"orderDirection\":\"desc\",\"otherBucket\":true,\"missingBucket\":false,\"parentFormat\":{\"id\":\"terms\"},\"include\":[],\"exclude\":[],\"includeIsRegex\":false,\"excludeIsRegex\":false},\"customLabel\":true},\"f1e5a62a-3593-4d6a-93dc-b907a0c92d91\":{\"label\":\"Gateway\",\"dataType\":\"ip\",\"operationType\":\"terms\",\"scale\":\"ordinal\",\"sourceField\":\"host.adapter.gateway\",\"isBucketed\":true,\"params\":{\"size\":3,\"orderBy\":{\"type\":\"column\",\"columnId\":\"08b29813-ec38-4395-8a88-7c889625a8e2\"},\"orderDirection\":\"desc\",\"otherBucket\":true,\"missingBucket\":false,\"parentFormat\":{\"id\":\"terms\"},\"include\":[],\"exclude\":[],\"includeIsRegex\":false,\"excludeIsRegex\":false},\"customLabel\":true},\"e1189c3c-f074-4ea5-bdc1-dbf36939e37a\":{\"label\":\"MTU\",\"dataType\":\"number\",\"operationType\":\"range\",\"sourceField\":\"host.adapter.mtu\",\"isBucketed\":true,\"scale\":\"interval\",\"params\":{\"includeEmptyRows\":true,\"type\":\"histogram\",\"ranges\":[{\"from\":0,\"to\":1000,\"label\":\"\"}],\"maxBars\":\"auto\"},\"customLabel\":true},\"169ce68c-3a37-46f0-b5ec-009e53190781\":{\"label\":\"WINS Server\",\"dataType\":\"string\",\"operationType\":\"terms\",\"scale\":\"ordinal\",\"sourceField\":\"host.adapter.wins_server\",\"isBucketed\":true,\"params\":{\"size\":3,\"orderBy\":{\"type\":\"column\",\"columnId\":\"08b29813-ec38-4395-8a88-7c889625a8e2\"},\"orderDirection\":\"desc\",\"otherBucket\":true,\"missingBucket\":true,\"parentFormat\":{\"id\":\"terms\"},\"include\":[],\"exclude\":[],\"includeIsRegex\":false,\"excludeIsRegex\":false},\"customLabel\":true},\"be1f5181-4560-439a-abb0-bb6c83c22136\":{\"label\":\"VLAN ID\",\"dataType\":\"string\",\"operationType\":\"terms\",\"scale\":\"ordinal\",\"sourceField\":\"host.adapter.vlan.id\",\"isBucketed\":true,\"params\":{\"size\":3,\"orderBy\":{\"type\":\"column\",\"columnId\":\"08b29813-ec38-4395-8a88-7c889625a8e2\"},\"orderDirection\":\"desc\",\"otherBucket\":true,\"missingBucket\":false,\"parentFormat\":{\"id\":\"terms\"},\"include\":[],\"exclude\":[],\"includeIsRegex\":false,\"excludeIsRegex\":false},\"customLabel\":true},\"fc864c56-0a4b-493a-ad61-6ccf28b29ef1\":{\"label\":\"Subnet\",\"dataType\":\"number\",\"operationType\":\"terms\",\"scale\":\"ordinal\",\"sourceField\":\"host.adapter.subnet_bit\",\"isBucketed\":true,\"params\":{\"size\":1,\"orderBy\":{\"type\":\"alphabetical\",\"fallback\":false},\"orderDirection\":\"desc\",\"otherBucket\":true,\"missingBucket\":false,\"parentFormat\":{\"id\":\"terms\"},\"include\":[],\"exclude\":[],\"includeIsRegex\":false,\"excludeIsRegex\":false},\"customLabel\":true},\"c971cbdc-b632-4b4c-b31d-007efef17ea7\":{\"label\":\"Virtual\",\"dataType\":\"boolean\",\"operationType\":\"terms\",\"scale\":\"ordinal\",\"sourceField\":\"host.adapter.virtual\",\"isBucketed\":true,\"params\":{\"size\":3,\"orderBy\":{\"type\":\"column\",\"columnId\":\"08b29813-ec38-4395-8a88-7c889625a8e2\"},\"orderDirection\":\"desc\",\"otherBucket\":true,\"missingBucket\":false,\"parentFormat\":{\"id\":\"terms\"},\"include\":[],\"exclude\":[],\"includeIsRegex\":false,\"excludeIsRegex\":false},\"customLabel\":true},\"0c76bafc-3ee0-4f81-84df-4c2d4360b3bd\":{\"label\":\"Alias\",\"dataType\":\"string\",\"operationType\":\"terms\",\"scale\":\"ordinal\",\"sourceField\":\"host.adapter.alias\",\"isBucketed\":true,\"params\":{\"size\":3,\"orderBy\":{\"type\":\"column\",\"columnId\":\"08b29813-ec38-4395-8a88-7c889625a8e2\"},\"orderDirection\":\"desc\",\"otherBucket\":true,\"missingBucket\":false,\"parentFormat\":{\"id\":\"terms\"},\"include\":[],\"exclude\":[],\"includeIsRegex\":false,\"excludeIsRegex\":false},\"customLabel\":true}},\"columnOrder\":[\"b1e9f075-199d-446c-8433-c2730dfc96bd\",\"fc864c56-0a4b-493a-ad61-6ccf28b29ef1\",\"879a60e7-10d5-42f8-b2c1-01ea749635cb\",\"69b26d50-3416-47ef-aa4e-9d2c689b0b63\",\"8ab455b8-c910-4c6a-bcef-affc5bb67e8d\",\"602140d9-4086-44be-abc5-897301f23eff\",\"f1e5a62a-3593-4d6a-93dc-b907a0c92d91\",\"e1189c3c-f074-4ea5-bdc1-dbf36939e37a\",\"169ce68c-3a37-46f0-b5ec-009e53190781\",\"be1f5181-4560-439a-abb0-bb6c83c22136\",\"c971cbdc-b632-4b4c-b31d-007efef17ea7\",\"0c76bafc-3ee0-4f81-84df-4c2d4360b3bd\",\"08b29813-ec38-4395-8a88-7c889625a8e2\"],\"incompleteColumns\":{},\"sampling\":1}}},\"textBased\":{\"layers\":{}}},\"internalReferences\":[],\"adHocDataViews\":{}}},\"hidePanelTitles\":false,\"enhancements\":{}},\"title\":\"Network Card Info\"},{\"version\":\"8.6.2\",\"type\":\"lens\",\"gridData\":{\"x\":0,\"y\":24,\"w\":14,\"h\":7,\"i\":\"a028776c-7f2e-46e7-b7a0-4b7541293e41\"},\"panelIndex\":\"a028776c-7f2e-46e7-b7a0-4b7541293e41\",\"embeddableConfig\":{\"attributes\":{\"title\":\"\",\"visualizationType\":\"lnsDatatable\",\"type\":\"lens\",\"references\":[{\"type\":\"index-pattern\",\"id\":\"e886429e-9532-4f44-bb36-6465fe760866\",\"name\":\"indexpattern-datasource-layer-6a5f4190-04a3-4ad6-9a21-ca8517a3de08\"}],\"state\":{\"visualization\":{\"columns\":[{\"columnId\":\"169f84ee-3fc5-42ee-85b5-0809636c9075\",\"isTransposed\":false,\"alignment\":\"center\"},{\"columnId\":\"1648b1b2-3c66-46bf-8d7b-0812b1a8f85d\",\"isTransposed\":false,\"alignment\":\"center\"},{\"columnId\":\"33a05cbb-825f-4b2b-8354-2ae40a593309\",\"isTransposed\":false},{\"columnId\":\"9d5546e2-9c37-469d-aefc-11c45ba73d0c\",\"isTransposed\":false}],\"layerId\":\"6a5f4190-04a3-4ad6-9a21-ca8517a3de08\",\"layerType\":\"data\"},\"query\":{\"query\":\"host.adapter.dhcp.enabled : true\",\"language\":\"kuery\"},\"filters\":[],\"datasourceStates\":{\"formBased\":{\"layers\":{\"6a5f4190-04a3-4ad6-9a21-ca8517a3de08\":{\"columns\":{\"169f84ee-3fc5-42ee-85b5-0809636c9075\":{\"label\":\"Lease Expires\",\"dataType\":\"date\",\"operationType\":\"last_value\",\"isBucketed\":false,\"scale\":\"ratio\",\"sourceField\":\"host.adapter.dhcp.lease_expires\",\"filter\":{\"query\":\"host.adapter.dhcp.lease_expires: *\",\"language\":\"kuery\"},\"params\":{\"sortField\":\"@timestamp\"},\"customLabel\":true},\"1648b1b2-3c66-46bf-8d7b-0812b1a8f85d\":{\"label\":\"Lease Obtained\",\"dataType\":\"date\",\"operationType\":\"last_value\",\"isBucketed\":false,\"scale\":\"ratio\",\"sourceField\":\"host.adapter.dhcp.lease_obtained\",\"filter\":{\"query\":\"host.adapter.dhcp.lease_obtained: *\",\"language\":\"kuery\"},\"params\":{\"sortField\":\"@timestamp\"},\"customLabel\":true},\"33a05cbb-825f-4b2b-8354-2ae40a593309\":{\"label\":\"Top 3 values of host.adapter.ip\",\"dataType\":\"ip\",\"operationType\":\"terms\",\"scale\":\"ordinal\",\"sourceField\":\"host.adapter.ip\",\"isBucketed\":true,\"params\":{\"size\":3,\"orderBy\":{\"type\":\"column\",\"columnId\":\"169f84ee-3fc5-42ee-85b5-0809636c9075\"},\"orderDirection\":\"desc\",\"otherBucket\":true,\"missingBucket\":false,\"parentFormat\":{\"id\":\"terms\"},\"include\":[],\"exclude\":[],\"includeIsRegex\":false,\"excludeIsRegex\":false}},\"9d5546e2-9c37-469d-aefc-11c45ba73d0c\":{\"label\":\"DHCP Server\",\"dataType\":\"ip\",\"operationType\":\"terms\",\"scale\":\"ordinal\",\"sourceField\":\"host.adapter.dhcp.server\",\"isBucketed\":true,\"params\":{\"size\":3,\"orderBy\":{\"type\":\"column\",\"columnId\":\"169f84ee-3fc5-42ee-85b5-0809636c9075\"},\"orderDirection\":\"desc\",\"otherBucket\":true,\"missingBucket\":false,\"parentFormat\":{\"id\":\"terms\"},\"include\":[],\"exclude\":[],\"includeIsRegex\":false,\"excludeIsRegex\":false},\"customLabel\":true}},\"columnOrder\":[\"33a05cbb-825f-4b2b-8354-2ae40a593309\",\"9d5546e2-9c37-469d-aefc-11c45ba73d0c\",\"169f84ee-3fc5-42ee-85b5-0809636c9075\",\"1648b1b2-3c66-46bf-8d7b-0812b1a8f85d\"],\"sampling\":1,\"incompleteColumns\":{}}}},\"textBased\":{\"layers\":{}}},\"internalReferences\":[],\"adHocDataViews\":{}}},\"hidePanelTitles\":false,\"enhancements\":{}},\"title\":\"DHCP Information\"},{\"version\":\"8.6.2\",\"type\":\"lens\",\"gridData\":{\"x\":14,\"y\":24,\"w\":34,\"h\":7,\"i\":\"b67d31de-03fe-4151-94b5-33ee802a20ae\"},\"panelIndex\":\"b67d31de-03fe-4151-94b5-33ee802a20ae\",\"embeddableConfig\":{\"attributes\":{\"title\":\"\",\"visualizationType\":\"lnsDatatable\",\"type\":\"lens\",\"references\":[{\"type\":\"index-pattern\",\"id\":\"e886429e-9532-4f44-bb36-6465fe760866\",\"name\":\"indexpattern-datasource-layer-c5561883-030e-440b-9c1d-213e698c5b49\"}],\"state\":{\"visualization\":{\"layerId\":\"c5561883-030e-440b-9c1d-213e698c5b49\",\"layerType\":\"data\",\"columns\":[{\"isTransposed\":false,\"columnId\":\"e0e7b347-b072-41ed-8937-3a83de5f2555\"},{\"columnId\":\"4a2c3854-b909-47e1-a1fa-306163e857a6\",\"isTransposed\":false,\"alignment\":\"center\"},{\"columnId\":\"c6d2c172-9bb9-4444-8137-61ddba2c1c32\",\"isTransposed\":false},{\"columnId\":\"11b024cd-e49d-4b7d-83f4-e3f166cfc941\",\"isTransposed\":false},{\"columnId\":\"789086fb-0e1c-4541-a898-f788cb907cff\",\"isTransposed\":false},{\"columnId\":\"730a85a0-b35e-4f94-bdc5-a5227d02d2cd\",\"isTransposed\":false},{\"columnId\":\"33e14b38-1516-484a-b91f-15a98b79e330\",\"isTransposed\":false},{\"columnId\":\"5c8e3b75-49d8-4fa9-9700-a41806cb4364\",\"isTransposed\":false},{\"columnId\":\"09fe6e46-ea11-4357-bb69-81633e6607e9\",\"isTransposed\":false,\"alignment\":\"center\"}]},\"query\":{\"query\":\"host.adapter.wifi.enabled : true\",\"language\":\"kuery\"},\"filters\":[],\"datasourceStates\":{\"formBased\":{\"layers\":{\"c5561883-030e-440b-9c1d-213e698c5b49\":{\"columns\":{\"e0e7b347-b072-41ed-8937-3a83de5f2555\":{\"label\":\"SSID\",\"dataType\":\"string\",\"operationType\":\"terms\",\"scale\":\"ordinal\",\"sourceField\":\"host.adapter.wifi.ssid\",\"isBucketed\":true,\"params\":{\"size\":3,\"orderBy\":{\"type\":\"column\",\"columnId\":\"4a2c3854-b909-47e1-a1fa-306163e857a6\"},\"orderDirection\":\"desc\",\"otherBucket\":true,\"missingBucket\":false,\"parentFormat\":{\"id\":\"terms\"},\"include\":[],\"exclude\":[],\"includeIsRegex\":false,\"excludeIsRegex\":false},\"customLabel\":true},\"4a2c3854-b909-47e1-a1fa-306163e857a6\":{\"label\":\"Last value of host.adapter.wifi.signal_percent\",\"dataType\":\"number\",\"operationType\":\"last_value\",\"isBucketed\":false,\"scale\":\"ratio\",\"sourceField\":\"host.adapter.wifi.signal_percent\",\"filter\":{\"query\":\"host.adapter.wifi.signal_percent: *\",\"language\":\"kuery\"},\"params\":{\"sortField\":\"@timestamp\",\"format\":{\"id\":\"percent\",\"params\":{\"decimals\":2}}}},\"c6d2c172-9bb9-4444-8137-61ddba2c1c32\":{\"label\":\"WIFI Authentication\",\"dataType\":\"string\",\"operationType\":\"terms\",\"scale\":\"ordinal\",\"sourceField\":\"host.adapter.wifi.authentication\",\"isBucketed\":true,\"params\":{\"size\":3,\"orderBy\":{\"type\":\"column\",\"columnId\":\"4a2c3854-b909-47e1-a1fa-306163e857a6\"},\"orderDirection\":\"desc\",\"otherBucket\":true,\"missingBucket\":false,\"parentFormat\":{\"id\":\"terms\"},\"include\":[],\"exclude\":[],\"includeIsRegex\":false,\"excludeIsRegex\":false},\"customLabel\":true},\"11b024cd-e49d-4b7d-83f4-e3f166cfc941\":{\"label\":\"WIFI Cipher\",\"dataType\":\"string\",\"operationType\":\"terms\",\"scale\":\"ordinal\",\"sourceField\":\"host.adapter.wifi.cipher\",\"isBucketed\":true,\"params\":{\"size\":3,\"orderBy\":{\"type\":\"column\",\"columnId\":\"4a2c3854-b909-47e1-a1fa-306163e857a6\"},\"orderDirection\":\"desc\",\"otherBucket\":true,\"missingBucket\":false,\"parentFormat\":{\"id\":\"terms\"},\"include\":[],\"exclude\":[],\"includeIsRegex\":false,\"excludeIsRegex\":false},\"customLabel\":true},\"789086fb-0e1c-4541-a898-f788cb907cff\":{\"label\":\"BSSID\",\"dataType\":\"string\",\"operationType\":\"terms\",\"scale\":\"ordinal\",\"sourceField\":\"host.adapter.wifi.bssid\",\"isBucketed\":true,\"params\":{\"size\":3,\"orderBy\":{\"type\":\"column\",\"columnId\":\"4a2c3854-b909-47e1-a1fa-306163e857a6\"},\"orderDirection\":\"desc\",\"otherBucket\":true,\"missingBucket\":false,\"parentFormat\":{\"id\":\"terms\"},\"include\":[],\"exclude\":[],\"includeIsRegex\":false,\"excludeIsRegex\":false},\"customLabel\":true},\"730a85a0-b35e-4f94-bdc5-a5227d02d2cd\":{\"label\":\"Band\",\"dataType\":\"string\",\"operationType\":\"terms\",\"scale\":\"ordinal\",\"sourceField\":\"host.adapter.wifi.band\",\"isBucketed\":true,\"params\":{\"size\":3,\"orderBy\":{\"type\":\"column\",\"columnId\":\"4a2c3854-b909-47e1-a1fa-306163e857a6\"},\"orderDirection\":\"desc\",\"otherBucket\":true,\"missingBucket\":false,\"parentFormat\":{\"id\":\"terms\"},\"include\":[],\"exclude\":[],\"includeIsRegex\":false,\"excludeIsRegex\":false},\"customLabel\":true},\"33e14b38-1516-484a-b91f-15a98b79e330\":{\"label\":\"Radio Type\",\"dataType\":\"string\",\"operationType\":\"terms\",\"scale\":\"ordinal\",\"sourceField\":\"host.adapter.wifi.radio_type\",\"isBucketed\":true,\"params\":{\"size\":3,\"orderBy\":{\"type\":\"column\",\"columnId\":\"4a2c3854-b909-47e1-a1fa-306163e857a6\"},\"orderDirection\":\"desc\",\"otherBucket\":true,\"missingBucket\":false,\"parentFormat\":{\"id\":\"terms\"},\"include\":[],\"exclude\":[],\"includeIsRegex\":false,\"excludeIsRegex\":false},\"customLabel\":true},\"5c8e3b75-49d8-4fa9-9700-a41806cb4364\":{\"label\":\"Channel\",\"dataType\":\"string\",\"operationType\":\"terms\",\"scale\":\"ordinal\",\"sourceField\":\"host.adapter.wifi.channel\",\"isBucketed\":true,\"params\":{\"size\":3,\"orderBy\":{\"type\":\"column\",\"columnId\":\"4a2c3854-b909-47e1-a1fa-306163e857a6\"},\"orderDirection\":\"desc\",\"otherBucket\":true,\"missingBucket\":false,\"parentFormat\":{\"id\":\"terms\"},\"include\":[],\"exclude\":[],\"includeIsRegex\":false,\"excludeIsRegex\":false},\"customLabel\":true},\"09fe6e46-ea11-4357-bb69-81633e6607e9\":{\"label\":\"IP\",\"dataType\":\"ip\",\"operationType\":\"terms\",\"scale\":\"ordinal\",\"sourceField\":\"host.adapter.ip\",\"isBucketed\":true,\"params\":{\"size\":3,\"orderBy\":{\"type\":\"column\",\"columnId\":\"4a2c3854-b909-47e1-a1fa-306163e857a6\"},\"orderDirection\":\"desc\",\"otherBucket\":true,\"missingBucket\":false,\"parentFormat\":{\"id\":\"terms\"},\"include\":[],\"exclude\":[],\"includeIsRegex\":false,\"excludeIsRegex\":false},\"customLabel\":true}},\"columnOrder\":[\"09fe6e46-ea11-4357-bb69-81633e6607e9\",\"e0e7b347-b072-41ed-8937-3a83de5f2555\",\"789086fb-0e1c-4541-a898-f788cb907cff\",\"c6d2c172-9bb9-4444-8137-61ddba2c1c32\",\"11b024cd-e49d-4b7d-83f4-e3f166cfc941\",\"730a85a0-b35e-4f94-bdc5-a5227d02d2cd\",\"33e14b38-1516-484a-b91f-15a98b79e330\",\"5c8e3b75-49d8-4fa9-9700-a41806cb4364\",\"4a2c3854-b909-47e1-a1fa-306163e857a6\"],\"sampling\":1,\"incompleteColumns\":{}}}},\"textBased\":{\"layers\":{}}},\"internalReferences\":[],\"adHocDataViews\":{}}},\"hidePanelTitles\":false,\"enhancements\":{}},\"title\":\"WIFI Connections\"}]",
        "refreshInterval": {
            "pause": true,
            "value": 0
        },
        "timeFrom": "now-30d/d",
        "timeRestore": true,
        "timeTo": "now",
        "title": "[TYCHON] Endpoint Browser - Network Cards",
        "version": 1
    },
    "coreMigrationVersion": "8.6.2",
    "created_at": "2023-08-23T20:42:39.548Z",
    "id": "tychon-1af57010-41b6-11ee-83e4-c92ed141b9e5-networkadapter",
    "migrationVersion": {
        "dashboard": "8.6.0"
    },
    "references": [
        {
            "id": "tychon-ee4b44b0-40e6-11ee-8111-21f5f34f6dfc",
            "name": "89be3f45-0b62-42ac-83fa-2f2f7f9857cb:panel_89be3f45-0b62-42ac-83fa-2f2f7f9857cb",
            "type": "visualization"
        },
        {
            "id": "e886429e-9532-4f44-bb36-6465fe760866",
            "name": "084075d4-a371-4a99-9bf0-627c41cf8b53:indexpattern-datasource-layer-af5e1785-c716-4020-a4af-3349819785f8",
            "type": "index-pattern"
        },
        {
            "id": "e886429e-9532-4f44-bb36-6465fe760866",
            "name": "f9cc6faa-ea73-4da4-97ab-08f81e9cb3fe:indexpattern-datasource-layer-ff6a221f-469c-4ef6-a8e1-3f697430331c",
            "type": "index-pattern"
        },
        {
            "id": "e886429e-9532-4f44-bb36-6465fe760866",
            "name": "15c69399-dcbc-4881-bc99-4818e466265c:indexpattern-datasource-layer-6a5dd59a-90ba-4d4e-ab97-e829b8d2deb7",
            "type": "index-pattern"
        },
        {
            "id": "e886429e-9532-4f44-bb36-6465fe760866",
            "name": "a028776c-7f2e-46e7-b7a0-4b7541293e41:indexpattern-datasource-layer-6a5f4190-04a3-4ad6-9a21-ca8517a3de08",
            "type": "index-pattern"
        },
        {
            "id": "e886429e-9532-4f44-bb36-6465fe760866",
            "name": "b67d31de-03fe-4151-94b5-33ee802a20ae:indexpattern-datasource-layer-c5561883-030e-440b-9c1d-213e698c5b49",
            "type": "index-pattern"
        },
        {
            "id": "bb5226cd-c099-46d2-bb71-0257232c7d82",
            "name": "controlGroup_a888c608-f4d6-4b9e-89e5-b23938eae614:optionsListDataView",
            "type": "index-pattern"
        },
        {
            "id": "a3922360-3de6-11ee-9610-15dee918f31a",
            "name": "tag-ref-a3922360-3de6-11ee-9610-15dee918f31a",
            "type": "tag"
        },
        {
            "id": "e18d6100-3c85-11ee-9610-15dee918f31a",
            "name": "tag-ref-e18d6100-3c85-11ee-9610-15dee918f31a",
            "type": "tag"
        },
        {
            "id": "10af3800-10f3-11ee-af86-538da1394f27",
            "name": "tag-ref-10af3800-10f3-11ee-af86-538da1394f27",
            "type": "tag"
        },
        {
            "id": "11990b80-41b6-11ee-83e4-c92ed141b9e5",
            "name": "tag-ref-11990b80-41b6-11ee-83e4-c92ed141b9e5",
            "type": "tag"
        }
    ],
    "type": "dashboard",
    "updated_at": "2023-08-23T20:42:39.548Z",
    "version": "WzgyMDM1NCwyMl0="
}