{
    "attributes": {
        "description": "TYCHON collects all network adapters attached to computers.  It tracks WIFI modules, DHCP lease information as well as Hardware data like drivers and MAC addresses.",
        "kibanaSavedObjectMeta": {
            "searchSourceJSON": "{\"query\":{\"query\":\"\",\"language\":\"kuery\"},\"filter\":[]}"
        },
        "optionsJSON": "{\"useMargins\":true,\"syncColors\":false,\"syncCursor\":true,\"syncTooltips\":false,\"hidePanelTitles\":false}",
        "panelsJSON": "[{\"version\":\"8.6.2\",\"type\":\"visualization\",\"gridData\":{\"x\":0,\"y\":0,\"w\":5,\"h\":12,\"i\":\"d49517b7-b398-4f73-8ece-762088585b93\"},\"panelIndex\":\"d49517b7-b398-4f73-8ece-762088585b93\",\"embeddableConfig\":{\"savedVis\":{\"id\":\"\",\"title\":\"\",\"description\":\"\",\"type\":\"markdown\",\"params\":{\"fontSize\":12,\"openLinksInNewTab\":false,\"markdown\":\"### Network Adapters\\n\\nTYCHON collects network adapters, including their settings and the hardware associated with them, on an hourly basis. This is a running configuration of the endpoint; updates are sent for previously identified adapters and new records are sent if they are found.\"},\"uiState\":{},\"data\":{\"aggs\":[],\"searchSource\":{\"query\":{\"query\":\"\",\"language\":\"kuery\"},\"filter\":[]}}},\"hidePanelTitles\":true,\"enhancements\":{}}},{\"version\":\"8.6.2\",\"type\":\"lens\",\"gridData\":{\"x\":5,\"y\":0,\"w\":8,\"h\":12,\"i\":\"7f62756c-e202-4cfe-941c-efadbe5e5d44\"},\"panelIndex\":\"7f62756c-e202-4cfe-941c-efadbe5e5d44\",\"embeddableConfig\":{\"attributes\":{\"title\":\"\",\"visualizationType\":\"lnsPie\",\"type\":\"lens\",\"references\":[{\"type\":\"index-pattern\",\"id\":\"e886429e-9532-4f44-bb36-6465fe760866\",\"name\":\"indexpattern-datasource-layer-d0ae3dee-4383-481f-aef0-daf860c05856\"}],\"state\":{\"visualization\":{\"shape\":\"donut\",\"layers\":[{\"layerId\":\"d0ae3dee-4383-481f-aef0-daf860c05856\",\"primaryGroups\":[\"5d80b5b5-18f3-4e68-89ea-9e8f4f3a5513\"],\"metrics\":[\"bd0319f0-b85b-481d-abde-21648d07caa7\"],\"numberDisplay\":\"percent\",\"categoryDisplay\":\"default\",\"legendDisplay\":\"hide\",\"nestedLegend\":false,\"layerType\":\"data\",\"percentDecimals\":1,\"emptySizeRatio\":0.7,\"collapseFns\":{\"5d80b5b5-18f3-4e68-89ea-9e8f4f3a5513\":\"\"}}]},\"query\":{\"query\":\"\",\"language\":\"kuery\"},\"filters\":[],\"datasourceStates\":{\"formBased\":{\"layers\":{\"d0ae3dee-4383-481f-aef0-daf860c05856\":{\"columns\":{\"5d80b5b5-18f3-4e68-89ea-9e8f4f3a5513\":{\"label\":\"Top 5 values of host.adapter.ip_filter.enabled\",\"dataType\":\"string\",\"operationType\":\"terms\",\"scale\":\"ordinal\",\"sourceField\":\"host.adapter.ip_filter.enabled\",\"isBucketed\":true,\"params\":{\"size\":5,\"orderBy\":{\"type\":\"column\",\"columnId\":\"bd0319f0-b85b-481d-abde-21648d07caa7\"},\"orderDirection\":\"desc\",\"otherBucket\":true,\"missingBucket\":false,\"parentFormat\":{\"id\":\"terms\"},\"include\":[],\"exclude\":[],\"includeIsRegex\":false,\"excludeIsRegex\":false}},\"bd0319f0-b85b-481d-abde-21648d07caa7\":{\"label\":\"Count of records\",\"dataType\":\"number\",\"operationType\":\"count\",\"isBucketed\":false,\"scale\":\"ratio\",\"sourceField\":\"___records___\",\"params\":{\"emptyAsNull\":true}}},\"columnOrder\":[\"5d80b5b5-18f3-4e68-89ea-9e8f4f3a5513\",\"bd0319f0-b85b-481d-abde-21648d07caa7\"],\"incompleteColumns\":{},\"sampling\":1}}},\"textBased\":{\"layers\":{}}},\"internalReferences\":[],\"adHocDataViews\":{}}},\"hidePanelTitles\":false,\"enhancements\":{}},\"title\":\"IP Filtering Enabled\"},{\"version\":\"8.6.2\",\"type\":\"lens\",\"gridData\":{\"x\":13,\"y\":0,\"w\":9,\"h\":12,\"i\":\"e32e4e7e-d84d-4f31-9a0d-a57ab471c406\"},\"panelIndex\":\"e32e4e7e-d84d-4f31-9a0d-a57ab471c406\",\"embeddableConfig\":{\"attributes\":{\"title\":\"\",\"visualizationType\":\"lnsPie\",\"type\":\"lens\",\"references\":[{\"type\":\"index-pattern\",\"id\":\"e886429e-9532-4f44-bb36-6465fe760866\",\"name\":\"indexpattern-datasource-layer-8c16b6e7-b3ab-468a-be34-9eaa64761bc4\"}],\"state\":{\"visualization\":{\"shape\":\"donut\",\"layers\":[{\"layerId\":\"8c16b6e7-b3ab-468a-be34-9eaa64761bc4\",\"primaryGroups\":[\"da1553ec-49af-40ed-ae81-3f0f934cb82c\"],\"metrics\":[\"e9a53c29-8278-4d38-86d9-c3d714781f13\"],\"numberDisplay\":\"percent\",\"categoryDisplay\":\"default\",\"legendDisplay\":\"default\",\"nestedLegend\":false,\"layerType\":\"data\",\"emptySizeRatio\":0.7}]},\"query\":{\"query\":\"\",\"language\":\"kuery\"},\"filters\":[],\"datasourceStates\":{\"formBased\":{\"layers\":{\"8c16b6e7-b3ab-468a-be34-9eaa64761bc4\":{\"columns\":{\"da1553ec-49af-40ed-ae81-3f0f934cb82c\":{\"label\":\"Top 5 values of host.adapter.dhcp.enabled\",\"dataType\":\"string\",\"operationType\":\"terms\",\"scale\":\"ordinal\",\"sourceField\":\"host.adapter.dhcp.enabled\",\"isBucketed\":true,\"params\":{\"size\":5,\"orderBy\":{\"type\":\"column\",\"columnId\":\"e9a53c29-8278-4d38-86d9-c3d714781f13\"},\"orderDirection\":\"desc\",\"otherBucket\":true,\"missingBucket\":false,\"parentFormat\":{\"id\":\"terms\"},\"include\":[],\"exclude\":[],\"includeIsRegex\":false,\"excludeIsRegex\":false}},\"e9a53c29-8278-4d38-86d9-c3d714781f13\":{\"label\":\"Count of records\",\"dataType\":\"number\",\"operationType\":\"count\",\"isBucketed\":false,\"scale\":\"ratio\",\"sourceField\":\"___records___\",\"params\":{\"emptyAsNull\":true}}},\"columnOrder\":[\"da1553ec-49af-40ed-ae81-3f0f934cb82c\",\"e9a53c29-8278-4d38-86d9-c3d714781f13\"],\"incompleteColumns\":{},\"sampling\":1}}},\"textBased\":{\"layers\":{}}},\"internalReferences\":[],\"adHocDataViews\":{}}},\"hidePanelTitles\":false,\"enhancements\":{}},\"title\":\"DHCP Enabled\"},{\"version\":\"8.6.2\",\"type\":\"lens\",\"gridData\":{\"x\":22,\"y\":0,\"w\":9,\"h\":12,\"i\":\"9936786e-a55c-4b9a-aa4b-b8d980f57126\"},\"panelIndex\":\"9936786e-a55c-4b9a-aa4b-b8d980f57126\",\"embeddableConfig\":{\"attributes\":{\"title\":\"\",\"visualizationType\":\"lnsPie\",\"type\":\"lens\",\"references\":[{\"type\":\"index-pattern\",\"id\":\"e886429e-9532-4f44-bb36-6465fe760866\",\"name\":\"indexpattern-datasource-layer-89d857bd-b2bf-4a46-a223-daa5fbc8d974\"}],\"state\":{\"visualization\":{\"shape\":\"donut\",\"layers\":[{\"layerId\":\"89d857bd-b2bf-4a46-a223-daa5fbc8d974\",\"primaryGroups\":[\"ab2f98ea-92e9-4b85-8ac9-83aa0cadfcef\"],\"metrics\":[\"85eb49da-cefb-4e08-b5e1-8a420138b003\"],\"numberDisplay\":\"percent\",\"categoryDisplay\":\"default\",\"legendDisplay\":\"default\",\"nestedLegend\":false,\"layerType\":\"data\",\"emptySizeRatio\":0.7}]},\"query\":{\"query\":\"\",\"language\":\"kuery\"},\"filters\":[],\"datasourceStates\":{\"formBased\":{\"layers\":{\"89d857bd-b2bf-4a46-a223-daa5fbc8d974\":{\"columns\":{\"ab2f98ea-92e9-4b85-8ac9-83aa0cadfcef\":{\"label\":\"Top 5 values of host.adapter.wifi.enabled\",\"dataType\":\"boolean\",\"operationType\":\"terms\",\"scale\":\"ordinal\",\"sourceField\":\"host.adapter.wifi.enabled\",\"isBucketed\":true,\"params\":{\"size\":5,\"orderBy\":{\"type\":\"column\",\"columnId\":\"85eb49da-cefb-4e08-b5e1-8a420138b003\"},\"orderDirection\":\"desc\",\"otherBucket\":true,\"missingBucket\":false,\"parentFormat\":{\"id\":\"terms\"},\"include\":[],\"exclude\":[],\"includeIsRegex\":false,\"excludeIsRegex\":false,\"secondaryFields\":[]},\"customLabel\":false},\"85eb49da-cefb-4e08-b5e1-8a420138b003\":{\"label\":\"Count of records\",\"dataType\":\"number\",\"operationType\":\"count\",\"isBucketed\":false,\"scale\":\"ratio\",\"sourceField\":\"___records___\",\"params\":{\"emptyAsNull\":true}}},\"columnOrder\":[\"ab2f98ea-92e9-4b85-8ac9-83aa0cadfcef\",\"85eb49da-cefb-4e08-b5e1-8a420138b003\"],\"incompleteColumns\":{},\"sampling\":1}}},\"textBased\":{\"layers\":{}}},\"internalReferences\":[],\"adHocDataViews\":{}}},\"hidePanelTitles\":false,\"enhancements\":{}},\"title\":\"Wifi Enabled\"},{\"version\":\"8.6.2\",\"type\":\"lens\",\"gridData\":{\"x\":31,\"y\":0,\"w\":9,\"h\":12,\"i\":\"df122ed7-85d7-41b1-a9a9-047e43b8f3a1\"},\"panelIndex\":\"df122ed7-85d7-41b1-a9a9-047e43b8f3a1\",\"embeddableConfig\":{\"attributes\":{\"title\":\"\",\"visualizationType\":\"lnsDatatable\",\"type\":\"lens\",\"references\":[{\"type\":\"index-pattern\",\"id\":\"e886429e-9532-4f44-bb36-6465fe760866\",\"name\":\"indexpattern-datasource-layer-478c5274-7721-46c2-b0f5-d42bd3449cce\"}],\"state\":{\"visualization\":{\"layerId\":\"478c5274-7721-46c2-b0f5-d42bd3449cce\",\"layerType\":\"data\",\"columns\":[{\"columnId\":\"2601cadf-de30-40c7-84fb-c3f338ccc376\"},{\"columnId\":\"cb480377-d348-4319-9392-8cd5de727be0\"}]},\"query\":{\"query\":\"\",\"language\":\"kuery\"},\"filters\":[],\"datasourceStates\":{\"formBased\":{\"layers\":{\"478c5274-7721-46c2-b0f5-d42bd3449cce\":{\"columns\":{\"2601cadf-de30-40c7-84fb-c3f338ccc376\":{\"label\":\"WIFI Authentication\",\"dataType\":\"string\",\"operationType\":\"terms\",\"scale\":\"ordinal\",\"sourceField\":\"host.adapter.wifi.authentication\",\"isBucketed\":true,\"params\":{\"size\":20,\"orderBy\":{\"type\":\"column\",\"columnId\":\"cb480377-d348-4319-9392-8cd5de727be0\"},\"orderDirection\":\"desc\",\"otherBucket\":true,\"missingBucket\":false,\"parentFormat\":{\"id\":\"terms\"},\"include\":[],\"exclude\":[],\"includeIsRegex\":false,\"excludeIsRegex\":false},\"customLabel\":true},\"cb480377-d348-4319-9392-8cd5de727be0\":{\"label\":\"Count of records\",\"dataType\":\"number\",\"operationType\":\"count\",\"isBucketed\":false,\"scale\":\"ratio\",\"sourceField\":\"___records___\",\"params\":{\"emptyAsNull\":true}}},\"columnOrder\":[\"2601cadf-de30-40c7-84fb-c3f338ccc376\",\"cb480377-d348-4319-9392-8cd5de727be0\"],\"incompleteColumns\":{},\"sampling\":1}}},\"textBased\":{\"layers\":{}}},\"internalReferences\":[],\"adHocDataViews\":{}}},\"hidePanelTitles\":false,\"enhancements\":{}},\"title\":\"Top WIFI Authentication\"},{\"version\":\"8.6.2\",\"type\":\"lens\",\"gridData\":{\"x\":40,\"y\":0,\"w\":8,\"h\":12,\"i\":\"d648a9c0-0648-419b-b79b-71e1ee8a9a72\"},\"panelIndex\":\"d648a9c0-0648-419b-b79b-71e1ee8a9a72\",\"embeddableConfig\":{\"attributes\":{\"title\":\"\",\"visualizationType\":\"lnsDatatable\",\"type\":\"lens\",\"references\":[{\"type\":\"index-pattern\",\"id\":\"e886429e-9532-4f44-bb36-6465fe760866\",\"name\":\"indexpattern-datasource-layer-a9f337a1-9ff1-4aae-ad4f-594b27fae2b3\"}],\"state\":{\"visualization\":{\"layerId\":\"a9f337a1-9ff1-4aae-ad4f-594b27fae2b3\",\"layerType\":\"data\",\"columns\":[{\"columnId\":\"59edd0fe-bf89-4d01-bbd4-02affe8ec26b\"},{\"columnId\":\"066b12e0-e98d-463e-9786-758d37cdd4cb\"}]},\"query\":{\"query\":\"\",\"language\":\"kuery\"},\"filters\":[],\"datasourceStates\":{\"formBased\":{\"layers\":{\"a9f337a1-9ff1-4aae-ad4f-594b27fae2b3\":{\"columns\":{\"59edd0fe-bf89-4d01-bbd4-02affe8ec26b\":{\"label\":\"WIFI Cipher\",\"dataType\":\"string\",\"operationType\":\"terms\",\"scale\":\"ordinal\",\"sourceField\":\"host.adapter.wifi.cipher\",\"isBucketed\":true,\"params\":{\"size\":20,\"orderBy\":{\"type\":\"column\",\"columnId\":\"066b12e0-e98d-463e-9786-758d37cdd4cb\"},\"orderDirection\":\"desc\",\"otherBucket\":true,\"missingBucket\":false,\"parentFormat\":{\"id\":\"terms\"},\"include\":[],\"exclude\":[],\"includeIsRegex\":false,\"excludeIsRegex\":false},\"customLabel\":true},\"066b12e0-e98d-463e-9786-758d37cdd4cb\":{\"label\":\"Count of records\",\"dataType\":\"number\",\"operationType\":\"count\",\"isBucketed\":false,\"scale\":\"ratio\",\"sourceField\":\"___records___\",\"params\":{\"emptyAsNull\":true}}},\"columnOrder\":[\"59edd0fe-bf89-4d01-bbd4-02affe8ec26b\",\"066b12e0-e98d-463e-9786-758d37cdd4cb\"],\"incompleteColumns\":{},\"sampling\":1}}},\"textBased\":{\"layers\":{}}},\"internalReferences\":[],\"adHocDataViews\":{}}},\"hidePanelTitles\":false,\"enhancements\":{}},\"title\":\"Top WIFI Ciphers\"},{\"version\":\"8.6.2\",\"type\":\"lens\",\"gridData\":{\"x\":0,\"y\":12,\"w\":31,\"h\":12,\"i\":\"543e1534-9b02-483a-a90d-64133a9f3949\"},\"panelIndex\":\"543e1534-9b02-483a-a90d-64133a9f3949\",\"embeddableConfig\":{\"attributes\":{\"title\":\"\",\"visualizationType\":\"lnsXY\",\"type\":\"lens\",\"references\":[{\"type\":\"index-pattern\",\"id\":\"df491fbb-3f09-4ab0-995a-c2c549a9bc21\",\"name\":\"indexpattern-datasource-layer-aeef0279-8407-4694-9a27-0c3160e7ac86\"}],\"state\":{\"visualization\":{\"legend\":{\"isVisible\":true,\"position\":\"right\"},\"valueLabels\":\"hide\",\"fittingFunction\":\"None\",\"axisTitlesVisibilitySettings\":{\"x\":true,\"yLeft\":true,\"yRight\":true},\"tickLabelsVisibilitySettings\":{\"x\":true,\"yLeft\":true,\"yRight\":true},\"labelsOrientation\":{\"x\":0,\"yLeft\":0,\"yRight\":0},\"gridlinesVisibilitySettings\":{\"x\":true,\"yLeft\":true,\"yRight\":true},\"preferredSeriesType\":\"line\",\"layers\":[{\"layerId\":\"aeef0279-8407-4694-9a27-0c3160e7ac86\",\"accessors\":[\"bfa9be94-5153-418c-89aa-3629fc8e8977\"],\"position\":\"top\",\"seriesType\":\"line\",\"showGridlines\":false,\"layerType\":\"data\",\"xAccessor\":\"f5441746-7ad5-47c1-a7f1-5bb1c1ebbc5b\",\"yConfig\":[{\"forAccessor\":\"bfa9be94-5153-418c-89aa-3629fc8e8977\",\"color\":\"#6092c0\"}]}]},\"query\":{\"query\":\"event.code:8502 \",\"language\":\"kuery\"},\"filters\":[],\"datasourceStates\":{\"formBased\":{\"layers\":{\"aeef0279-8407-4694-9a27-0c3160e7ac86\":{\"columns\":{\"f5441746-7ad5-47c1-a7f1-5bb1c1ebbc5b\":{\"label\":\"events\",\"dataType\":\"date\",\"operationType\":\"date_histogram\",\"sourceField\":\"event.ingested\",\"isBucketed\":true,\"scale\":\"interval\",\"params\":{\"interval\":\"d\",\"includeEmptyRows\":true,\"dropPartials\":false},\"customLabel\":true},\"bfa9be94-5153-418c-89aa-3629fc8e8977\":{\"label\":\"Reporting Hosts\",\"dataType\":\"number\",\"operationType\":\"count\",\"isBucketed\":false,\"scale\":\"ratio\",\"sourceField\":\"host.id\",\"params\":{\"emptyAsNull\":true},\"customLabel\":true}},\"columnOrder\":[\"f5441746-7ad5-47c1-a7f1-5bb1c1ebbc5b\",\"bfa9be94-5153-418c-89aa-3629fc8e8977\"],\"incompleteColumns\":{},\"sampling\":1}}},\"textBased\":{\"layers\":{}}},\"internalReferences\":[],\"adHocDataViews\":{}}},\"enhancements\":{}}},{\"version\":\"8.6.2\",\"type\":\"lens\",\"gridData\":{\"x\":31,\"y\":12,\"w\":17,\"h\":12,\"i\":\"1f76e42c-0430-4e02-97bb-62ebd19fd592\"},\"panelIndex\":\"1f76e42c-0430-4e02-97bb-62ebd19fd592\",\"embeddableConfig\":{\"attributes\":{\"title\":\"\",\"visualizationType\":\"lnsDatatable\",\"type\":\"lens\",\"references\":[{\"type\":\"index-pattern\",\"id\":\"e886429e-9532-4f44-bb36-6465fe760866\",\"name\":\"indexpattern-datasource-layer-3c9abebd-e23f-413d-abb5-f2bcca35a2f4\"}],\"state\":{\"visualization\":{\"columns\":[{\"columnId\":\"97ec5e03-9fbc-4f67-8023-d03a325cd9c1\",\"isTransposed\":false},{\"columnId\":\"afb2746e-d5b5-4e13-b935-4d5c2d553258\",\"isTransposed\":false}],\"layerId\":\"3c9abebd-e23f-413d-abb5-f2bcca35a2f4\",\"layerType\":\"data\"},\"query\":{\"query\":\"\",\"language\":\"kuery\"},\"filters\":[],\"datasourceStates\":{\"formBased\":{\"layers\":{\"3c9abebd-e23f-413d-abb5-f2bcca35a2f4\":{\"columns\":{\"97ec5e03-9fbc-4f67-8023-d03a325cd9c1\":{\"label\":\"SSID\",\"dataType\":\"string\",\"operationType\":\"terms\",\"scale\":\"ordinal\",\"sourceField\":\"host.adapter.wifi.ssid\",\"isBucketed\":true,\"params\":{\"size\":100,\"orderBy\":{\"type\":\"column\",\"columnId\":\"afb2746e-d5b5-4e13-b935-4d5c2d553258\"},\"orderDirection\":\"desc\",\"otherBucket\":true,\"missingBucket\":false,\"parentFormat\":{\"id\":\"terms\"},\"include\":[],\"exclude\":[],\"includeIsRegex\":false,\"excludeIsRegex\":false},\"customLabel\":true},\"afb2746e-d5b5-4e13-b935-4d5c2d553258\":{\"label\":\"Count of records\",\"dataType\":\"number\",\"operationType\":\"count\",\"isBucketed\":false,\"scale\":\"ratio\",\"sourceField\":\"___records___\",\"params\":{\"emptyAsNull\":true}}},\"columnOrder\":[\"97ec5e03-9fbc-4f67-8023-d03a325cd9c1\",\"afb2746e-d5b5-4e13-b935-4d5c2d553258\"],\"sampling\":1,\"incompleteColumns\":{}}}},\"textBased\":{\"layers\":{}}},\"internalReferences\":[],\"adHocDataViews\":{}}},\"hidePanelTitles\":false,\"enhancements\":{}},\"title\":\"Wireless SSIDs\"},{\"version\":\"8.6.2\",\"type\":\"lens\",\"gridData\":{\"x\":0,\"y\":24,\"w\":31,\"h\":15,\"i\":\"c6dfaa90-2cfe-4e80-9df0-668ed93cc376\"},\"panelIndex\":\"c6dfaa90-2cfe-4e80-9df0-668ed93cc376\",\"embeddableConfig\":{\"attributes\":{\"title\":\"\",\"visualizationType\":\"lnsDatatable\",\"type\":\"lens\",\"references\":[{\"type\":\"index-pattern\",\"id\":\"e886429e-9532-4f44-bb36-6465fe760866\",\"name\":\"indexpattern-datasource-layer-32ff30b7-29b3-4d44-ad6b-75b5ac82b7d1\"}],\"state\":{\"visualization\":{\"columns\":[{\"isTransposed\":false,\"columnId\":\"844bced9-2788-47f0-a95c-866804591aab\"},{\"isTransposed\":false,\"columnId\":\"7824c0bb-7bc5-4b20-a164-2c9ba76b0b20\"},{\"isTransposed\":false,\"columnId\":\"3c7a969e-bdf4-466b-8992-d15d21ed19a4\"},{\"isTransposed\":false,\"columnId\":\"97cd8085-627d-4dc1-b014-3b9a9281a580\"},{\"isTransposed\":false,\"columnId\":\"64ab5703-ecdb-4c44-9ea2-4a79689c8a33\"},{\"isTransposed\":false,\"columnId\":\"887116a6-6ac3-4495-a2b0-dffe493e7963\",\"hidden\":true},{\"columnId\":\"fd305582-42c8-4034-af5b-9bad7687ca56\",\"isTransposed\":false,\"oneClickFilter\":true}],\"layerId\":\"32ff30b7-29b3-4d44-ad6b-75b5ac82b7d1\",\"layerType\":\"data\"},\"query\":{\"query\":\"\",\"language\":\"kuery\"},\"filters\":[],\"datasourceStates\":{\"formBased\":{\"layers\":{\"32ff30b7-29b3-4d44-ad6b-75b5ac82b7d1\":{\"columns\":{\"844bced9-2788-47f0-a95c-866804591aab\":{\"label\":\"Host IP\",\"dataType\":\"ip\",\"operationType\":\"terms\",\"scale\":\"ordinal\",\"sourceField\":\"host.ip\",\"isBucketed\":true,\"params\":{\"size\":5,\"orderBy\":{\"type\":\"column\",\"columnId\":\"887116a6-6ac3-4495-a2b0-dffe493e7963\"},\"orderDirection\":\"desc\",\"otherBucket\":true,\"missingBucket\":false,\"parentFormat\":{\"id\":\"terms\"},\"include\":[],\"exclude\":[],\"includeIsRegex\":false,\"excludeIsRegex\":false},\"customLabel\":true},\"7824c0bb-7bc5-4b20-a164-2c9ba76b0b20\":{\"label\":\"MAC\",\"dataType\":\"string\",\"operationType\":\"terms\",\"scale\":\"ordinal\",\"sourceField\":\"host.mac\",\"isBucketed\":true,\"params\":{\"size\":3,\"orderBy\":{\"type\":\"column\",\"columnId\":\"887116a6-6ac3-4495-a2b0-dffe493e7963\"},\"orderDirection\":\"desc\",\"otherBucket\":true,\"missingBucket\":false,\"parentFormat\":{\"id\":\"terms\"},\"include\":[],\"exclude\":[],\"includeIsRegex\":false,\"excludeIsRegex\":false},\"customLabel\":true},\"3c7a969e-bdf4-466b-8992-d15d21ed19a4\":{\"label\":\"Adapter IP\",\"dataType\":\"ip\",\"operationType\":\"terms\",\"scale\":\"ordinal\",\"sourceField\":\"host.adapter.ip\",\"isBucketed\":true,\"params\":{\"size\":3,\"orderBy\":{\"type\":\"column\",\"columnId\":\"887116a6-6ac3-4495-a2b0-dffe493e7963\"},\"orderDirection\":\"desc\",\"otherBucket\":true,\"missingBucket\":false,\"parentFormat\":{\"id\":\"terms\"},\"include\":[],\"exclude\":[],\"includeIsRegex\":false,\"excludeIsRegex\":false},\"customLabel\":true},\"97cd8085-627d-4dc1-b014-3b9a9281a580\":{\"label\":\"Adapter MAC\",\"dataType\":\"string\",\"operationType\":\"terms\",\"scale\":\"ordinal\",\"sourceField\":\"host.adapter.mac\",\"isBucketed\":true,\"params\":{\"size\":3,\"orderBy\":{\"type\":\"column\",\"columnId\":\"887116a6-6ac3-4495-a2b0-dffe493e7963\"},\"orderDirection\":\"desc\",\"otherBucket\":true,\"missingBucket\":false,\"parentFormat\":{\"id\":\"terms\"},\"include\":[],\"exclude\":[],\"includeIsRegex\":false,\"excludeIsRegex\":false},\"customLabel\":true},\"64ab5703-ecdb-4c44-9ea2-4a79689c8a33\":{\"label\":\"Domain\",\"dataType\":\"string\",\"operationType\":\"terms\",\"scale\":\"ordinal\",\"sourceField\":\"host.domain\",\"isBucketed\":true,\"params\":{\"size\":3,\"orderBy\":{\"type\":\"column\",\"columnId\":\"887116a6-6ac3-4495-a2b0-dffe493e7963\"},\"orderDirection\":\"desc\",\"otherBucket\":true,\"missingBucket\":false,\"parentFormat\":{\"id\":\"terms\"},\"include\":[],\"exclude\":[],\"includeIsRegex\":false,\"excludeIsRegex\":false},\"customLabel\":true},\"887116a6-6ac3-4495-a2b0-dffe493e7963\":{\"label\":\"Count of records\",\"dataType\":\"number\",\"operationType\":\"count\",\"isBucketed\":false,\"scale\":\"ratio\",\"sourceField\":\"___records___\",\"params\":{\"emptyAsNull\":true}},\"fd305582-42c8-4034-af5b-9bad7687ca56\":{\"label\":\"Hostname\",\"dataType\":\"string\",\"operationType\":\"terms\",\"scale\":\"ordinal\",\"sourceField\":\"host.hostname\",\"isBucketed\":true,\"params\":{\"size\":3,\"orderBy\":{\"type\":\"column\",\"columnId\":\"887116a6-6ac3-4495-a2b0-dffe493e7963\"},\"orderDirection\":\"desc\",\"otherBucket\":true,\"missingBucket\":false,\"parentFormat\":{\"id\":\"terms\"},\"include\":[],\"exclude\":[],\"includeIsRegex\":false,\"excludeIsRegex\":false},\"customLabel\":true}},\"columnOrder\":[\"844bced9-2788-47f0-a95c-866804591aab\",\"7824c0bb-7bc5-4b20-a164-2c9ba76b0b20\",\"3c7a969e-bdf4-466b-8992-d15d21ed19a4\",\"97cd8085-627d-4dc1-b014-3b9a9281a580\",\"64ab5703-ecdb-4c44-9ea2-4a79689c8a33\",\"fd305582-42c8-4034-af5b-9bad7687ca56\",\"887116a6-6ac3-4495-a2b0-dffe493e7963\"],\"incompleteColumns\":{},\"sampling\":1}}},\"textBased\":{\"layers\":{}}},\"internalReferences\":[],\"adHocDataViews\":{}}},\"enhancements\":{\"dynamicActions\":{\"events\":[{\"eventId\":\"f98ddf9f-1272-4629-a78f-34be39b396c9\",\"triggers\":[\"FILTER_TRIGGER\"],\"action\":{\"factoryId\":\"DASHBOARD_TO_DASHBOARD_DRILLDOWN\",\"name\":\"Go to Dashboard\",\"config\":{\"useCurrentFilters\":false,\"useCurrentDateRange\":true,\"openInNewTab\":false}}}]}},\"hidePanelTitles\":false},\"title\":\"Adapter Information\"},{\"version\":\"8.6.2\",\"type\":\"lens\",\"gridData\":{\"x\":31,\"y\":24,\"w\":17,\"h\":29,\"i\":\"b6ab1ca4-6059-46f3-aeb5-179d697bd31e\"},\"panelIndex\":\"b6ab1ca4-6059-46f3-aeb5-179d697bd31e\",\"embeddableConfig\":{\"attributes\":{\"title\":\"\",\"visualizationType\":\"lnsDatatable\",\"type\":\"lens\",\"references\":[{\"type\":\"index-pattern\",\"id\":\"e886429e-9532-4f44-bb36-6465fe760866\",\"name\":\"indexpattern-datasource-layer-b2b81cdf-b376-4b7b-8c8a-2dcba80a5592\"}],\"state\":{\"visualization\":{\"columns\":[{\"isTransposed\":false,\"columnId\":\"db31a9cd-02fb-4e53-8189-6b4cf20e622b\",\"oneClickFilter\":true},{\"isTransposed\":false,\"columnId\":\"60a1e7e5-b330-4283-801d-5257bd50d8ff\"},{\"isTransposed\":false,\"columnId\":\"cc510be1-9910-472e-9293-4d969fed4df5\"},{\"isTransposed\":false,\"columnId\":\"298203d5-0914-4aaa-97a8-bd1a1c99f441\",\"width\":164.4,\"hidden\":true},{\"columnId\":\"09a3d3c8-e208-4954-aa8f-cc0e9adbb427\",\"isTransposed\":false,\"alignment\":\"center\"},{\"columnId\":\"84773659-f553-44c6-a891-2a319c961733\",\"isTransposed\":false,\"alignment\":\"center\"}],\"layerId\":\"b2b81cdf-b376-4b7b-8c8a-2dcba80a5592\",\"layerType\":\"data\"},\"query\":{\"query\":\"\",\"language\":\"kuery\"},\"filters\":[],\"datasourceStates\":{\"formBased\":{\"layers\":{\"b2b81cdf-b376-4b7b-8c8a-2dcba80a5592\":{\"columns\":{\"db31a9cd-02fb-4e53-8189-6b4cf20e622b\":{\"label\":\"Hostname\",\"dataType\":\"string\",\"operationType\":\"terms\",\"scale\":\"ordinal\",\"sourceField\":\"host.hostname\",\"isBucketed\":true,\"params\":{\"size\":5,\"orderBy\":{\"type\":\"column\",\"columnId\":\"298203d5-0914-4aaa-97a8-bd1a1c99f441\"},\"orderDirection\":\"desc\",\"otherBucket\":true,\"missingBucket\":false,\"parentFormat\":{\"id\":\"terms\"},\"include\":[],\"exclude\":[],\"includeIsRegex\":false,\"excludeIsRegex\":false},\"customLabel\":true},\"60a1e7e5-b330-4283-801d-5257bd50d8ff\":{\"label\":\"DHCP Server\",\"dataType\":\"ip\",\"operationType\":\"terms\",\"scale\":\"ordinal\",\"sourceField\":\"host.adapter.dhcp.server\",\"isBucketed\":true,\"params\":{\"size\":3,\"orderBy\":{\"type\":\"column\",\"columnId\":\"298203d5-0914-4aaa-97a8-bd1a1c99f441\"},\"orderDirection\":\"desc\",\"otherBucket\":true,\"missingBucket\":false,\"parentFormat\":{\"id\":\"terms\"},\"include\":[],\"exclude\":[],\"includeIsRegex\":false,\"excludeIsRegex\":false},\"customLabel\":true},\"cc510be1-9910-472e-9293-4d969fed4df5\":{\"label\":\"DHCP Enabled\",\"dataType\":\"boolean\",\"operationType\":\"terms\",\"scale\":\"ordinal\",\"sourceField\":\"host.adapter.dhcp.enabled\",\"isBucketed\":true,\"params\":{\"size\":3,\"orderBy\":{\"type\":\"column\",\"columnId\":\"298203d5-0914-4aaa-97a8-bd1a1c99f441\"},\"orderDirection\":\"desc\",\"otherBucket\":true,\"missingBucket\":false,\"parentFormat\":{\"id\":\"terms\"},\"include\":[],\"exclude\":[],\"includeIsRegex\":false,\"excludeIsRegex\":false},\"customLabel\":true},\"298203d5-0914-4aaa-97a8-bd1a1c99f441\":{\"label\":\"Count of records\",\"dataType\":\"number\",\"operationType\":\"count\",\"isBucketed\":false,\"scale\":\"ratio\",\"sourceField\":\"___records___\",\"params\":{\"emptyAsNull\":true}},\"09a3d3c8-e208-4954-aa8f-cc0e9adbb427\":{\"label\":\"Lease Expires\",\"dataType\":\"date\",\"operationType\":\"last_value\",\"isBucketed\":false,\"scale\":\"ratio\",\"sourceField\":\"host.adapter.dhcp.lease_expires\",\"filter\":{\"query\":\"host.adapter.dhcp.lease_expires: *\",\"language\":\"kuery\"},\"params\":{\"sortField\":\"@timestamp\"},\"customLabel\":true},\"84773659-f553-44c6-a891-2a319c961733\":{\"label\":\"Lease Obtained\",\"dataType\":\"date\",\"operationType\":\"last_value\",\"isBucketed\":false,\"scale\":\"ratio\",\"sourceField\":\"host.adapter.dhcp.lease_obtained\",\"filter\":{\"query\":\"host.adapter.dhcp.lease_obtained: *\",\"language\":\"kuery\"},\"params\":{\"sortField\":\"@timestamp\"},\"customLabel\":true}},\"columnOrder\":[\"db31a9cd-02fb-4e53-8189-6b4cf20e622b\",\"60a1e7e5-b330-4283-801d-5257bd50d8ff\",\"cc510be1-9910-472e-9293-4d969fed4df5\",\"298203d5-0914-4aaa-97a8-bd1a1c99f441\",\"09a3d3c8-e208-4954-aa8f-cc0e9adbb427\",\"84773659-f553-44c6-a891-2a319c961733\"],\"incompleteColumns\":{},\"sampling\":1}}},\"textBased\":{\"layers\":{}}},\"internalReferences\":[],\"adHocDataViews\":{}}},\"enhancements\":{\"dynamicActions\":{\"events\":[{\"eventId\":\"06b99334-2f3a-4fea-88a9-f8ff484a0273\",\"triggers\":[\"FILTER_TRIGGER\"],\"action\":{\"factoryId\":\"DASHBOARD_TO_DASHBOARD_DRILLDOWN\",\"name\":\"Go to Dashboard\",\"config\":{\"useCurrentFilters\":false,\"useCurrentDateRange\":true,\"openInNewTab\":false}}}]}},\"hidePanelTitles\":false},\"title\":\"DHCP Leases\"},{\"version\":\"8.6.2\",\"type\":\"lens\",\"gridData\":{\"x\":0,\"y\":39,\"w\":31,\"h\":14,\"i\":\"e44243ce-1dd7-4d08-bdfd-ada361b702ba\"},\"panelIndex\":\"e44243ce-1dd7-4d08-bdfd-ada361b702ba\",\"embeddableConfig\":{\"attributes\":{\"title\":\"\",\"visualizationType\":\"lnsDatatable\",\"type\":\"lens\",\"references\":[{\"type\":\"index-pattern\",\"id\":\"e886429e-9532-4f44-bb36-6465fe760866\",\"name\":\"indexpattern-datasource-layer-5d4423cc-ea65-4dde-b95c-c03fc25f421e\"}],\"state\":{\"visualization\":{\"columns\":[{\"isTransposed\":false,\"columnId\":\"80d969cb-519d-4f44-896e-414e3855ff30\"},{\"isTransposed\":false,\"columnId\":\"49a08f10-2a5d-45a1-80f4-c1217d6a3ba9\"},{\"isTransposed\":false,\"columnId\":\"5ed2292c-513d-4a4b-81f0-450b471824bf\"},{\"isTransposed\":false,\"columnId\":\"0d310f9d-a56d-4091-979d-170a9f4c6933\"},{\"isTransposed\":false,\"columnId\":\"4ebd68ae-b793-42be-a295-0271f7ab93cb\",\"width\":139.66666666666666,\"hidden\":true}],\"layerId\":\"5d4423cc-ea65-4dde-b95c-c03fc25f421e\",\"layerType\":\"data\"},\"query\":{\"query\":\"\",\"language\":\"kuery\"},\"filters\":[],\"datasourceStates\":{\"formBased\":{\"layers\":{\"5d4423cc-ea65-4dde-b95c-c03fc25f421e\":{\"columns\":{\"80d969cb-519d-4f44-896e-414e3855ff30\":{\"label\":\"Driver Name\",\"dataType\":\"string\",\"operationType\":\"terms\",\"scale\":\"ordinal\",\"sourceField\":\"host.adapter.driver.name\",\"isBucketed\":true,\"params\":{\"size\":5,\"orderBy\":{\"type\":\"column\",\"columnId\":\"4ebd68ae-b793-42be-a295-0271f7ab93cb\"},\"orderDirection\":\"desc\",\"otherBucket\":true,\"missingBucket\":false,\"parentFormat\":{\"id\":\"terms\"},\"include\":[],\"exclude\":[],\"includeIsRegex\":false,\"excludeIsRegex\":false},\"customLabel\":true},\"49a08f10-2a5d-45a1-80f4-c1217d6a3ba9\":{\"label\":\"Driver Provider\",\"dataType\":\"string\",\"operationType\":\"terms\",\"scale\":\"ordinal\",\"sourceField\":\"host.adapter.driver.provider\",\"isBucketed\":true,\"params\":{\"size\":3,\"orderBy\":{\"type\":\"column\",\"columnId\":\"4ebd68ae-b793-42be-a295-0271f7ab93cb\"},\"orderDirection\":\"desc\",\"otherBucket\":true,\"missingBucket\":false,\"parentFormat\":{\"id\":\"terms\"},\"include\":[],\"exclude\":[],\"includeIsRegex\":false,\"excludeIsRegex\":false},\"customLabel\":true},\"5ed2292c-513d-4a4b-81f0-450b471824bf\":{\"label\":\"Version\",\"dataType\":\"string\",\"operationType\":\"terms\",\"scale\":\"ordinal\",\"sourceField\":\"host.adapter.driver.version\",\"isBucketed\":true,\"params\":{\"size\":3,\"orderBy\":{\"type\":\"column\",\"columnId\":\"4ebd68ae-b793-42be-a295-0271f7ab93cb\"},\"orderDirection\":\"desc\",\"otherBucket\":true,\"missingBucket\":false,\"parentFormat\":{\"id\":\"terms\"},\"include\":[],\"exclude\":[],\"includeIsRegex\":false,\"excludeIsRegex\":false},\"customLabel\":true},\"0d310f9d-a56d-4091-979d-170a9f4c6933\":{\"label\":\"File\",\"dataType\":\"string\",\"operationType\":\"terms\",\"scale\":\"ordinal\",\"sourceField\":\"host.adapter.driver.file_name\",\"isBucketed\":true,\"params\":{\"size\":3,\"orderBy\":{\"type\":\"column\",\"columnId\":\"4ebd68ae-b793-42be-a295-0271f7ab93cb\"},\"orderDirection\":\"desc\",\"otherBucket\":true,\"missingBucket\":false,\"parentFormat\":{\"id\":\"terms\"},\"include\":[],\"exclude\":[],\"includeIsRegex\":false,\"excludeIsRegex\":false},\"customLabel\":true},\"4ebd68ae-b793-42be-a295-0271f7ab93cb\":{\"label\":\"Count of records\",\"dataType\":\"number\",\"operationType\":\"count\",\"isBucketed\":false,\"scale\":\"ratio\",\"sourceField\":\"___records___\",\"params\":{\"emptyAsNull\":true}}},\"columnOrder\":[\"80d969cb-519d-4f44-896e-414e3855ff30\",\"49a08f10-2a5d-45a1-80f4-c1217d6a3ba9\",\"5ed2292c-513d-4a4b-81f0-450b471824bf\",\"0d310f9d-a56d-4091-979d-170a9f4c6933\",\"4ebd68ae-b793-42be-a295-0271f7ab93cb\"],\"incompleteColumns\":{},\"sampling\":1}}},\"textBased\":{\"layers\":{}}},\"internalReferences\":[],\"adHocDataViews\":{}}},\"enhancements\":{},\"hidePanelTitles\":false},\"title\":\"Network Card Drivers\"}]",
        "timeRestore": false,
        "title": "[TYCHON] Host Network Adapters",
        "version": 1
    },
    "coreMigrationVersion": "8.6.2",
    "created_at": "2023-08-24T11:25:58.181Z",
    "id": "tychon-3cb855d0-3c5e-11ee-8557-a7ea91123f8b-networkadapter",
    "migrationVersion": {
        "dashboard": "8.6.0"
    },
    "references": [
        {
            "id": "e886429e-9532-4f44-bb36-6465fe760866",
            "name": "7f62756c-e202-4cfe-941c-efadbe5e5d44:indexpattern-datasource-layer-d0ae3dee-4383-481f-aef0-daf860c05856",
            "type": "index-pattern"
        },
        {
            "id": "e886429e-9532-4f44-bb36-6465fe760866",
            "name": "e32e4e7e-d84d-4f31-9a0d-a57ab471c406:indexpattern-datasource-layer-8c16b6e7-b3ab-468a-be34-9eaa64761bc4",
            "type": "index-pattern"
        },
        {
            "id": "e886429e-9532-4f44-bb36-6465fe760866",
            "name": "9936786e-a55c-4b9a-aa4b-b8d980f57126:indexpattern-datasource-layer-89d857bd-b2bf-4a46-a223-daa5fbc8d974",
            "type": "index-pattern"
        },
        {
            "id": "e886429e-9532-4f44-bb36-6465fe760866",
            "name": "df122ed7-85d7-41b1-a9a9-047e43b8f3a1:indexpattern-datasource-layer-478c5274-7721-46c2-b0f5-d42bd3449cce",
            "type": "index-pattern"
        },
        {
            "id": "e886429e-9532-4f44-bb36-6465fe760866",
            "name": "d648a9c0-0648-419b-b79b-71e1ee8a9a72:indexpattern-datasource-layer-a9f337a1-9ff1-4aae-ad4f-594b27fae2b3",
            "type": "index-pattern"
        },
        {
            "id": "df491fbb-3f09-4ab0-995a-c2c549a9bc21",
            "name": "543e1534-9b02-483a-a90d-64133a9f3949:indexpattern-datasource-layer-aeef0279-8407-4694-9a27-0c3160e7ac86",
            "type": "index-pattern"
        },
        {
            "id": "e886429e-9532-4f44-bb36-6465fe760866",
            "name": "1f76e42c-0430-4e02-97bb-62ebd19fd592:indexpattern-datasource-layer-3c9abebd-e23f-413d-abb5-f2bcca35a2f4",
            "type": "index-pattern"
        },
        {
            "id": "e886429e-9532-4f44-bb36-6465fe760866",
            "name": "c6dfaa90-2cfe-4e80-9df0-668ed93cc376:indexpattern-datasource-layer-32ff30b7-29b3-4d44-ad6b-75b5ac82b7d1",
            "type": "index-pattern"
        },
        {
            "id": "tychon-1af57010-41b6-11ee-83e4-c92ed141b9e5-networkadapter",
            "name": "c6dfaa90-2cfe-4e80-9df0-668ed93cc376:drilldown:DASHBOARD_TO_DASHBOARD_DRILLDOWN:f98ddf9f-1272-4629-a78f-34be39b396c9:dashboardId",
            "type": "dashboard"
        },
        {
            "id": "e886429e-9532-4f44-bb36-6465fe760866",
            "name": "b6ab1ca4-6059-46f3-aeb5-179d697bd31e:indexpattern-datasource-layer-b2b81cdf-b376-4b7b-8c8a-2dcba80a5592",
            "type": "index-pattern"
        },
        {
            "id": "tychon-1af57010-41b6-11ee-83e4-c92ed141b9e5-networkadapter",
            "name": "b6ab1ca4-6059-46f3-aeb5-179d697bd31e:drilldown:DASHBOARD_TO_DASHBOARD_DRILLDOWN:06b99334-2f3a-4fea-88a9-f8ff484a0273:dashboardId",
            "type": "dashboard"
        },
        {
            "id": "e886429e-9532-4f44-bb36-6465fe760866",
            "name": "e44243ce-1dd7-4d08-bdfd-ada361b702ba:indexpattern-datasource-layer-5d4423cc-ea65-4dde-b95c-c03fc25f421e",
            "type": "index-pattern"
        },
        {
            "id": "11990b80-41b6-11ee-83e4-c92ed141b9e5",
            "name": "tag-ref-11990b80-41b6-11ee-83e4-c92ed141b9e5",
            "type": "tag"
        },
        {
            "id": "e18d6100-3c85-11ee-9610-15dee918f31a",
            "name": "tag-ref-e18d6100-3c85-11ee-9610-15dee918f31a",
            "type": "tag"
        },
        {
            "id": "10af3800-10f3-11ee-af86-538da1394f27",
            "name": "tag-ref-10af3800-10f3-11ee-af86-538da1394f27",
            "type": "tag"
        },
        {
            "id": "5a3ae0c0-3dbf-11ee-9610-15dee918f31a",
            "name": "tag-ref-5a3ae0c0-3dbf-11ee-9610-15dee918f31a",
            "type": "tag"
        }
    ],
    "type": "dashboard",
    "updated_at": "2023-08-24T11:25:58.181Z",
    "version": "WzgyNzcwNywyMl0="
}