{
    "attributes": {
        "controlGroupInput": {
            "chainingSystem": "HIERARCHICAL",
            "controlStyle": "oneLine",
            "ignoreParentSettingsJSON": "{\"ignoreFilters\":false,\"ignoreQuery\":false,\"ignoreTimerange\":false,\"ignoreValidations\":false}",
            "panelsJSON": "{\"49a66ed0-406a-4bd8-b21b-965eb1f497f9\":{\"type\":\"optionsListControl\",\"order\":0,\"grow\":false,\"width\":\"medium\",\"explicitInput\":{\"id\":\"49a66ed0-406a-4bd8-b21b-965eb1f497f9\",\"fieldName\":\"benchmark.name\",\"title\":\"Benchmark\",\"singleSelect\":false,\"enhancements\":{}}},\"dbbeb350-d58e-4ea2-8079-2b9d4478974f\":{\"type\":\"optionsListControl\",\"order\":1,\"grow\":false,\"width\":\"small\",\"explicitInput\":{\"id\":\"dbbeb350-d58e-4ea2-8079-2b9d4478974f\",\"fieldName\":\"rule.stig_id\",\"title\":\"STIG ID\",\"enhancements\":{}}},\"44a753fb-4299-48af-b65f-ebb50e7a8c3b\":{\"type\":\"optionsListControl\",\"order\":2,\"grow\":false,\"width\":\"small\",\"explicitInput\":{\"id\":\"44a753fb-4299-48af-b65f-ebb50e7a8c3b\",\"fieldName\":\"rule.finding_id\",\"title\":\"Finding ID\",\"singleSelect\":false,\"enhancements\":{}}},\"ac743466-b33c-422d-a482-e9a04f6351ca\":{\"type\":\"optionsListControl\",\"order\":3,\"grow\":false,\"width\":\"medium\",\"explicitInput\":{\"id\":\"ac743466-b33c-422d-a482-e9a04f6351ca\",\"fieldName\":\"rule.oval.id\",\"title\":\"OVAL ID\",\"enhancements\":{}}}}"
        },
        "description": "Analyze the status of your current STIG scans run against your endpoints.",
        "kibanaSavedObjectMeta": {
            "searchSourceJSON": "{\"query\":{\"query\":\"\",\"language\":\"kuery\"},\"filter\":[]}"
        },
        "optionsJSON": "{\"useMargins\":true,\"syncColors\":false,\"syncCursor\":true,\"syncTooltips\":false,\"hidePanelTitles\":false}",
        "panelsJSON": "[{\"version\":\"8.8.2\",\"type\":\"lens\",\"gridData\":{\"x\":0,\"y\":0,\"w\":13,\"h\":4,\"i\":\"c9a6aaf7-7ebd-43d6-ae37-eb8664d5c0c5\"},\"panelIndex\":\"c9a6aaf7-7ebd-43d6-ae37-eb8664d5c0c5\",\"embeddableConfig\":{\"attributes\":{\"title\":\"\",\"visualizationType\":\"lnsMetric\",\"type\":\"lens\",\"references\":[{\"id\":\"ed7c1bb4-5aac-45d4-9aff-06f4d4ad4a9a\",\"name\":\"indexpattern-datasource-layer-6fff9691-3ddd-4388-8285-de60ad5d992f\",\"type\":\"index-pattern\"}],\"state\":{\"visualization\":{\"layerId\":\"6fff9691-3ddd-4388-8285-de60ad5d992f\",\"layerType\":\"data\",\"palette\":{\"type\":\"palette\",\"name\":\"status\",\"params\":{\"name\":\"status\",\"reverse\":false,\"rangeType\":\"percent\",\"rangeMin\":0,\"rangeMax\":100,\"progression\":\"fixed\",\"stops\":[{\"color\":\"#209280\",\"stop\":33.33},{\"color\":\"#d6bf57\",\"stop\":66.66},{\"color\":\"#cc5642\",\"stop\":100}],\"steps\":3,\"colorStops\":[],\"continuity\":\"all\",\"maxSteps\":5}},\"metricAccessor\":\"71671d69-d31c-4a61-9ee3-68bacec8d16f\",\"maxAccessor\":\"a2a4b1f7-a375-41c3-8b87-261df67e20c0\",\"showBar\":true,\"progressDirection\":\"horizontal\",\"subtitle\":\"Failed tests to all tests.\"},\"query\":{\"query\":\"\",\"language\":\"kuery\"},\"filters\":[],\"datasourceStates\":{\"formBased\":{\"layers\":{\"6fff9691-3ddd-4388-8285-de60ad5d992f\":{\"columns\":{\"71671d69-d31c-4a61-9ee3-68bacec8d16f\":{\"label\":\"Total Failures\",\"dataType\":\"number\",\"operationType\":\"count\",\"isBucketed\":false,\"scale\":\"ratio\",\"sourceField\":\"___records___\",\"filter\":{\"query\":\"rule.result: \\\"fail\\\"\",\"language\":\"kuery\"},\"params\":{\"emptyAsNull\":false},\"customLabel\":true},\"a2a4b1f7-a375-41c3-8b87-261df67e20c0\":{\"label\":\"Count of records\",\"dataType\":\"number\",\"operationType\":\"count\",\"isBucketed\":false,\"scale\":\"ratio\",\"sourceField\":\"___records___\",\"params\":{\"emptyAsNull\":true},\"filter\":{\"query\":\"rule.result: \\\"fail\\\" or rule.result: \\\"pass\\\"\",\"language\":\"kuery\"}}},\"columnOrder\":[\"71671d69-d31c-4a61-9ee3-68bacec8d16f\",\"a2a4b1f7-a375-41c3-8b87-261df67e20c0\"],\"sampling\":1,\"incompleteColumns\":{}}}},\"textBased\":{\"layers\":{}}},\"internalReferences\":[],\"adHocDataViews\":{}}},\"hidePanelTitles\":true,\"enhancements\":{}}},{\"version\":\"8.8.2\",\"type\":\"lens\",\"gridData\":{\"x\":13,\"y\":0,\"w\":8,\"h\":6,\"i\":\"2b7c414a-b5fb-4a90-9231-26aaa796e7bf\"},\"panelIndex\":\"2b7c414a-b5fb-4a90-9231-26aaa796e7bf\",\"embeddableConfig\":{\"attributes\":{\"title\":\"\",\"description\":\"\",\"visualizationType\":\"lnsLegacyMetric\",\"type\":\"lens\",\"references\":[{\"id\":\"ed7c1bb4-5aac-45d4-9aff-06f4d4ad4a9a\",\"name\":\"indexpattern-datasource-layer-dd63da37-c38e-481c-8749-8d1939e14d4f\",\"type\":\"index-pattern\"}],\"state\":{\"visualization\":{\"layerId\":\"dd63da37-c38e-481c-8749-8d1939e14d4f\",\"accessor\":\"600ef522-0a03-40d3-8833-3090b2b3fe47\",\"layerType\":\"data\",\"titlePosition\":\"bottom\",\"textAlign\":\"center\",\"size\":\"xl\"},\"query\":{\"query\":\"\",\"language\":\"kuery\"},\"filters\":[],\"datasourceStates\":{\"formBased\":{\"layers\":{\"dd63da37-c38e-481c-8749-8d1939e14d4f\":{\"columns\":{\"600ef522-0a03-40d3-8833-3090b2b3fe47\":{\"label\":\"Total Hosts\",\"dataType\":\"number\",\"operationType\":\"unique_count\",\"scale\":\"ratio\",\"sourceField\":\"tychon.id\",\"isBucketed\":false,\"params\":{\"emptyAsNull\":true},\"customLabel\":true}},\"columnOrder\":[\"600ef522-0a03-40d3-8833-3090b2b3fe47\"],\"sampling\":1,\"incompleteColumns\":{}}}},\"textBased\":{\"layers\":{}}},\"internalReferences\":[],\"adHocDataViews\":{}}},\"hidePanelTitles\":true,\"enhancements\":{}}},{\"version\":\"8.8.2\",\"type\":\"lens\",\"gridData\":{\"x\":21,\"y\":0,\"w\":9,\"h\":6,\"i\":\"6cb8b7bb-6752-4d80-b398-16c5b02eb0b6\"},\"panelIndex\":\"6cb8b7bb-6752-4d80-b398-16c5b02eb0b6\",\"embeddableConfig\":{\"attributes\":{\"title\":\"\",\"description\":\"\",\"visualizationType\":\"lnsLegacyMetric\",\"type\":\"lens\",\"references\":[{\"type\":\"index-pattern\",\"id\":\"ed7c1bb4-5aac-45d4-9aff-06f4d4ad4a9a\",\"name\":\"indexpattern-datasource-layer-bbddf942-4f39-4965-9729-159c62ef2d15\"}],\"state\":{\"visualization\":{\"layerId\":\"bbddf942-4f39-4965-9729-159c62ef2d15\",\"accessor\":\"c8b77c55-379a-4ac9-baae-bb94adc9f85d\",\"layerType\":\"data\",\"size\":\"xl\",\"titlePosition\":\"bottom\",\"textAlign\":\"center\"},\"query\":{\"query\":\"\",\"language\":\"kuery\"},\"filters\":[],\"datasourceStates\":{\"formBased\":{\"layers\":{\"bbddf942-4f39-4965-9729-159c62ef2d15\":{\"columns\":{\"c8b77c55-379a-4ac9-baae-bb94adc9f85d\":{\"label\":\"Total Rules\",\"dataType\":\"number\",\"operationType\":\"count\",\"isBucketed\":false,\"scale\":\"ratio\",\"sourceField\":\"___records___\",\"params\":{\"emptyAsNull\":true},\"customLabel\":true}},\"columnOrder\":[\"c8b77c55-379a-4ac9-baae-bb94adc9f85d\"],\"sampling\":1,\"incompleteColumns\":{}}}},\"textBased\":{\"layers\":{}}},\"internalReferences\":[],\"adHocDataViews\":{}}},\"hidePanelTitles\":true,\"enhancements\":{}}},{\"version\":\"8.8.2\",\"type\":\"visualization\",\"gridData\":{\"x\":30,\"y\":0,\"w\":4,\"h\":11,\"i\":\"655f71a3-4dd4-4429-9163-46300ac07597\"},\"panelIndex\":\"655f71a3-4dd4-4429-9163-46300ac07597\",\"embeddableConfig\":{\"savedVis\":{\"id\":\"\",\"title\":\"\",\"description\":\"\",\"type\":\"markdown\",\"params\":{\"fontSize\":12,\"openLinksInNewTab\":false,\"markdown\":\"| CCRI Score | Description |\\n| :------------ | :------------ |\\n| 20-100% | Critical Concern |\\n| 10-20% | Moderate Concern |\\n| 0-10% | Minor Concern |\\n| 0% | No Concern |\"},\"uiState\":{},\"data\":{\"aggs\":[],\"searchSource\":{\"query\":{\"query\":\"\",\"language\":\"kuery\"},\"filter\":[]}}},\"hidePanelTitles\":true,\"enhancements\":{}}},{\"version\":\"8.8.2\",\"type\":\"lens\",\"gridData\":{\"x\":34,\"y\":0,\"w\":14,\"h\":20,\"i\":\"149977b6-c38d-4715-974d-641c1fc8e57b\"},\"panelIndex\":\"149977b6-c38d-4715-974d-641c1fc8e57b\",\"embeddableConfig\":{\"attributes\":{\"title\":\"\",\"visualizationType\":\"lnsDatatable\",\"type\":\"lens\",\"references\":[{\"id\":\"ed7c1bb4-5aac-45d4-9aff-06f4d4ad4a9a\",\"name\":\"indexpattern-datasource-layer-5e88cf37-b3d3-4794-acb6-5e30cdcfd93e\",\"type\":\"index-pattern\"}],\"state\":{\"visualization\":{\"layerId\":\"5e88cf37-b3d3-4794-acb6-5e30cdcfd93e\",\"layerType\":\"data\",\"columns\":[{\"columnId\":\"3af96ad3-0927-4d98-926f-ff4a49627148\",\"oneClickFilter\":true},{\"columnId\":\"4136d2b6-93b1-42bb-ad71-6a19e3cc12b8\",\"alignment\":\"center\",\"colorMode\":\"cell\",\"palette\":{\"type\":\"palette\",\"name\":\"temperature\",\"params\":{\"stops\":[{\"color\":\"#6092c0\",\"stop\":0},{\"color\":\"#a8bfda\",\"stop\":20},{\"color\":\"#ebeff5\",\"stop\":40},{\"color\":\"#ecb385\",\"stop\":60},{\"color\":\"#e7664c\",\"stop\":80}],\"name\":\"temperature\",\"continuity\":\"above\",\"reverse\":false,\"rangeMin\":0,\"rangeMax\":null}},\"hidden\":false,\"summaryRow\":\"avg\"}]},\"query\":{\"query\":\"rule.result.score :*\",\"language\":\"kuery\"},\"filters\":[],\"datasourceStates\":{\"formBased\":{\"layers\":{\"5e88cf37-b3d3-4794-acb6-5e30cdcfd93e\":{\"columns\":{\"3af96ad3-0927-4d98-926f-ff4a49627148\":{\"label\":\"Benchmark\",\"dataType\":\"string\",\"operationType\":\"terms\",\"scale\":\"ordinal\",\"sourceField\":\"benchmarkname\",\"isBucketed\":true,\"params\":{\"size\":100,\"orderBy\":{\"type\":\"alphabetical\",\"fallback\":true},\"orderDirection\":\"asc\",\"otherBucket\":true,\"missingBucket\":false,\"parentFormat\":{\"id\":\"terms\"},\"include\":[],\"exclude\":[],\"includeIsRegex\":false,\"excludeIsRegex\":false},\"customLabel\":true},\"4136d2b6-93b1-42bb-ad71-6a19e3cc12b8X0\":{\"label\":\"Part of Score %\",\"dataType\":\"number\",\"operationType\":\"sum\",\"sourceField\":\"rule.result.score\",\"isBucketed\":false,\"scale\":\"ratio\",\"params\":{\"emptyAsNull\":false},\"customLabel\":true},\"4136d2b6-93b1-42bb-ad71-6a19e3cc12b8X1\":{\"label\":\"Part of Score %\",\"dataType\":\"number\",\"operationType\":\"sum\",\"sourceField\":\"rule.result.score\",\"isBucketed\":false,\"scale\":\"ratio\",\"params\":{\"emptyAsNull\":false},\"customLabel\":true},\"4136d2b6-93b1-42bb-ad71-6a19e3cc12b8X2\":{\"label\":\"Part of Score %\",\"dataType\":\"number\",\"operationType\":\"overall_sum\",\"isBucketed\":false,\"scale\":\"ratio\",\"references\":[\"4136d2b6-93b1-42bb-ad71-6a19e3cc12b8X1\"],\"customLabel\":true},\"4136d2b6-93b1-42bb-ad71-6a19e3cc12b8X3\":{\"label\":\"Part of Score %\",\"dataType\":\"number\",\"operationType\":\"math\",\"isBucketed\":false,\"scale\":\"ratio\",\"params\":{\"tinymathAst\":{\"type\":\"function\",\"name\":\"divide\",\"args\":[\"4136d2b6-93b1-42bb-ad71-6a19e3cc12b8X0\",\"4136d2b6-93b1-42bb-ad71-6a19e3cc12b8X2\"],\"location\":{\"min\":0,\"max\":62},\"text\":\"(sum(rule.result.score) / overall_sum(sum(rule.result.score)))\"}},\"references\":[\"4136d2b6-93b1-42bb-ad71-6a19e3cc12b8X0\",\"4136d2b6-93b1-42bb-ad71-6a19e3cc12b8X2\"],\"customLabel\":true},\"4136d2b6-93b1-42bb-ad71-6a19e3cc12b8\":{\"label\":\"Score %\",\"dataType\":\"number\",\"operationType\":\"formula\",\"isBucketed\":false,\"scale\":\"ratio\",\"params\":{\"formula\":\"(sum(rule.result.score) / overall_sum(sum(rule.result.score)))\",\"isFormulaBroken\":false,\"format\":{\"id\":\"percent\",\"params\":{\"decimals\":0}}},\"references\":[\"4136d2b6-93b1-42bb-ad71-6a19e3cc12b8X3\"],\"customLabel\":true}},\"columnOrder\":[\"3af96ad3-0927-4d98-926f-ff4a49627148\",\"4136d2b6-93b1-42bb-ad71-6a19e3cc12b8\",\"4136d2b6-93b1-42bb-ad71-6a19e3cc12b8X0\",\"4136d2b6-93b1-42bb-ad71-6a19e3cc12b8X1\",\"4136d2b6-93b1-42bb-ad71-6a19e3cc12b8X2\",\"4136d2b6-93b1-42bb-ad71-6a19e3cc12b8X3\"],\"sampling\":1,\"incompleteColumns\":{}}}},\"textBased\":{\"layers\":{}}},\"internalReferences\":[],\"adHocDataViews\":{}}},\"enhancements\":{},\"hidePanelTitles\":true}},{\"version\":\"8.8.2\",\"type\":\"lens\",\"gridData\":{\"x\":0,\"y\":4,\"w\":13,\"h\":4,\"i\":\"cec1fd74-b355-4dde-a4d0-a249bbe4f600\"},\"panelIndex\":\"cec1fd74-b355-4dde-a4d0-a249bbe4f600\",\"embeddableConfig\":{\"attributes\":{\"title\":\"\",\"visualizationType\":\"lnsMetric\",\"type\":\"lens\",\"references\":[{\"id\":\"ed7c1bb4-5aac-45d4-9aff-06f4d4ad4a9a\",\"name\":\"indexpattern-datasource-layer-6fff9691-3ddd-4388-8285-de60ad5d992f\",\"type\":\"index-pattern\"}],\"state\":{\"visualization\":{\"layerId\":\"6fff9691-3ddd-4388-8285-de60ad5d992f\",\"layerType\":\"data\",\"palette\":{\"name\":\"custom\",\"type\":\"palette\",\"params\":{\"steps\":3,\"name\":\"custom\",\"reverse\":false,\"rangeType\":\"percent\",\"rangeMin\":null,\"rangeMax\":null,\"progression\":\"fixed\",\"stops\":[{\"color\":\"#E7664C\",\"stop\":33.33},{\"color\":\"#DA8B45\",\"stop\":66.66},{\"color\":\"#6092C0\",\"stop\":100}],\"colorStops\":[{\"color\":\"#E7664C\",\"stop\":null},{\"color\":\"#DA8B45\",\"stop\":33.33},{\"color\":\"#6092C0\",\"stop\":66.66}],\"continuity\":\"all\",\"maxSteps\":5}},\"metricAccessor\":\"71671d69-d31c-4a61-9ee3-68bacec8d16f\",\"maxAccessor\":\"a2a4b1f7-a375-41c3-8b87-261df67e20c0\",\"showBar\":true,\"progressDirection\":\"horizontal\",\"subtitle\":\"Passed tests to all tests.\"},\"query\":{\"query\":\"\",\"language\":\"kuery\"},\"filters\":[],\"datasourceStates\":{\"formBased\":{\"layers\":{\"6fff9691-3ddd-4388-8285-de60ad5d992f\":{\"columns\":{\"71671d69-d31c-4a61-9ee3-68bacec8d16f\":{\"label\":\"Total Passes\",\"dataType\":\"number\",\"operationType\":\"count\",\"isBucketed\":false,\"scale\":\"ratio\",\"sourceField\":\"___records___\",\"filter\":{\"query\":\"rule.result: \\\"pass\\\"\",\"language\":\"kuery\"},\"params\":{\"emptyAsNull\":false},\"customLabel\":true},\"a2a4b1f7-a375-41c3-8b87-261df67e20c0\":{\"label\":\"Count of records\",\"dataType\":\"number\",\"operationType\":\"count\",\"isBucketed\":false,\"scale\":\"ratio\",\"sourceField\":\"___records___\",\"params\":{\"emptyAsNull\":true},\"filter\":{\"query\":\"rule.result: \\\"fail\\\" or rule.result: \\\"pass\\\"\",\"language\":\"kuery\"}}},\"columnOrder\":[\"71671d69-d31c-4a61-9ee3-68bacec8d16f\",\"a2a4b1f7-a375-41c3-8b87-261df67e20c0\"],\"sampling\":1,\"incompleteColumns\":{}}}},\"textBased\":{\"layers\":{}}},\"internalReferences\":[],\"adHocDataViews\":{}}},\"hidePanelTitles\":true,\"enhancements\":{}},\"title\":\"\"},{\"version\":\"8.8.2\",\"type\":\"lens\",\"gridData\":{\"x\":13,\"y\":6,\"w\":8,\"h\":10,\"i\":\"28e2a613-0d7f-4476-aed1-7175f2a18f28\"},\"panelIndex\":\"28e2a613-0d7f-4476-aed1-7175f2a18f28\",\"embeddableConfig\":{\"attributes\":{\"title\":\"\",\"visualizationType\":\"lnsPie\",\"type\":\"lens\",\"references\":[{\"id\":\"ed7c1bb4-5aac-45d4-9aff-06f4d4ad4a9a\",\"name\":\"indexpattern-datasource-layer-7ab9f589-0859-4a2d-a405-8041d7078f67\",\"type\":\"index-pattern\"}],\"state\":{\"visualization\":{\"shape\":\"donut\",\"layers\":[{\"layerId\":\"7ab9f589-0859-4a2d-a405-8041d7078f67\",\"primaryGroups\":[\"2e5e2a7f-5d61-4b93-b105-11d149d39607\"],\"secondaryGroups\":[],\"metrics\":[\"45feac65-b609-44f9-832f-b6d72365b5d8\"],\"numberDisplay\":\"percent\",\"categoryDisplay\":\"default\",\"legendDisplay\":\"default\",\"nestedLegend\":false,\"layerType\":\"data\",\"allowMultipleMetrics\":false}]},\"query\":{\"query\":\"\",\"language\":\"kuery\"},\"filters\":[],\"datasourceStates\":{\"formBased\":{\"layers\":{\"7ab9f589-0859-4a2d-a405-8041d7078f67\":{\"columns\":{\"2e5e2a7f-5d61-4b93-b105-11d149d39607\":{\"label\":\"OS Name\",\"dataType\":\"string\",\"operationType\":\"terms\",\"scale\":\"ordinal\",\"sourceField\":\"host.os.name\",\"isBucketed\":true,\"params\":{\"size\":10,\"orderBy\":{\"type\":\"column\",\"columnId\":\"45feac65-b609-44f9-832f-b6d72365b5d8\"},\"orderDirection\":\"desc\",\"otherBucket\":true,\"missingBucket\":false,\"parentFormat\":{\"id\":\"terms\"},\"include\":[],\"exclude\":[],\"includeIsRegex\":false,\"excludeIsRegex\":false,\"secondaryFields\":[]},\"customLabel\":true},\"45feac65-b609-44f9-832f-b6d72365b5d8\":{\"label\":\"Count of records\",\"dataType\":\"number\",\"operationType\":\"count\",\"isBucketed\":false,\"scale\":\"ratio\",\"sourceField\":\"___records___\",\"params\":{\"emptyAsNull\":true}}},\"columnOrder\":[\"2e5e2a7f-5d61-4b93-b105-11d149d39607\",\"45feac65-b609-44f9-832f-b6d72365b5d8\"],\"incompleteColumns\":{},\"sampling\":1}}},\"textBased\":{\"layers\":{}}},\"internalReferences\":[],\"adHocDataViews\":{}}},\"hidePanelTitles\":false,\"enhancements\":{}},\"title\":\"Operating System\"},{\"version\":\"8.8.2\",\"type\":\"lens\",\"gridData\":{\"x\":21,\"y\":6,\"w\":9,\"h\":10,\"i\":\"13f2d060-9d0e-4fba-9ab5-d2f3baeb0250\"},\"panelIndex\":\"13f2d060-9d0e-4fba-9ab5-d2f3baeb0250\",\"embeddableConfig\":{\"attributes\":{\"title\":\"\",\"visualizationType\":\"lnsPie\",\"type\":\"lens\",\"references\":[{\"id\":\"ed7c1bb4-5aac-45d4-9aff-06f4d4ad4a9a\",\"name\":\"indexpattern-datasource-layer-8d93f7aa-9914-492a-a515-42761f7602a6\",\"type\":\"index-pattern\"}],\"state\":{\"visualization\":{\"shape\":\"donut\",\"layers\":[{\"layerId\":\"8d93f7aa-9914-492a-a515-42761f7602a6\",\"primaryGroups\":[\"9fb8d8eb-a066-4a91-8fdc-2fb8a632698d\"],\"metrics\":[\"9185484c-03ef-4d02-8714-d3226d0fc7a2\"],\"numberDisplay\":\"percent\",\"categoryDisplay\":\"default\",\"legendDisplay\":\"default\",\"nestedLegend\":false,\"layerType\":\"data\",\"collapseFns\":{\"5d8b4201-d4ea-4da3-a2a8-a70c399b406e\":\"\"}}]},\"query\":{\"query\":\"\",\"language\":\"kuery\"},\"filters\":[],\"datasourceStates\":{\"formBased\":{\"layers\":{\"8d93f7aa-9914-492a-a515-42761f7602a6\":{\"columns\":{\"9185484c-03ef-4d02-8714-d3226d0fc7a2\":{\"label\":\"Count of records\",\"dataType\":\"number\",\"operationType\":\"count\",\"isBucketed\":false,\"scale\":\"ratio\",\"sourceField\":\"___records___\",\"params\":{\"emptyAsNull\":true}},\"9fb8d8eb-a066-4a91-8fdc-2fb8a632698d\":{\"label\":\"Top 3 values of host.os.kernel\",\"dataType\":\"string\",\"operationType\":\"terms\",\"scale\":\"ordinal\",\"sourceField\":\"host.os.kernel\",\"isBucketed\":true,\"params\":{\"size\":3,\"orderBy\":{\"type\":\"column\",\"columnId\":\"9185484c-03ef-4d02-8714-d3226d0fc7a2\"},\"orderDirection\":\"desc\",\"otherBucket\":true,\"missingBucket\":false,\"parentFormat\":{\"id\":\"terms\"},\"include\":[],\"exclude\":[],\"includeIsRegex\":false,\"excludeIsRegex\":false}}},\"columnOrder\":[\"9fb8d8eb-a066-4a91-8fdc-2fb8a632698d\",\"9185484c-03ef-4d02-8714-d3226d0fc7a2\"],\"incompleteColumns\":{},\"sampling\":1}}},\"textBased\":{\"layers\":{}}},\"internalReferences\":[],\"adHocDataViews\":{}}},\"hidePanelTitles\":false,\"enhancements\":{}},\"title\":\"Kernels\"},{\"version\":\"8.8.2\",\"type\":\"lens\",\"gridData\":{\"x\":0,\"y\":8,\"w\":13,\"h\":8,\"i\":\"87fa7e60-7def-4b15-a49b-1f651cfee463\"},\"panelIndex\":\"87fa7e60-7def-4b15-a49b-1f651cfee463\",\"embeddableConfig\":{\"attributes\":{\"title\":\"\",\"description\":\"\",\"visualizationType\":\"lnsDatatable\",\"type\":\"lens\",\"references\":[{\"id\":\"ed7c1bb4-5aac-45d4-9aff-06f4d4ad4a9a\",\"name\":\"indexpattern-datasource-layer-93bb9ce5-6dc1-41ec-bff3-f8c606cab5c9\",\"type\":\"index-pattern\"}],\"state\":{\"visualization\":{\"columns\":[{\"columnId\":\"ecc959a5-6cb4-43ed-bd8e-c8a11c51d3d2\",\"isTransposed\":false},{\"columnId\":\"31cd5bd5-bf05-4039-a241-c75a16ad9165\",\"isTransposed\":false,\"summaryRow\":\"sum\",\"summaryLabel\":\"Total\"},{\"columnId\":\"87f792ec-41cb-4052-ae3c-8e39032305c0\",\"isTransposed\":false,\"summaryRow\":\"sum\",\"summaryLabel\":\"Total\"}],\"layerId\":\"93bb9ce5-6dc1-41ec-bff3-f8c606cab5c9\",\"layerType\":\"data\"},\"query\":{\"query\":\"\",\"language\":\"kuery\"},\"filters\":[],\"datasourceStates\":{\"formBased\":{\"layers\":{\"93bb9ce5-6dc1-41ec-bff3-f8c606cab5c9\":{\"columns\":{\"ecc959a5-6cb4-43ed-bd8e-c8a11c51d3d2\":{\"label\":\"Severity\",\"dataType\":\"string\",\"operationType\":\"filters\",\"scale\":\"ordinal\",\"isBucketed\":true,\"params\":{\"filters\":[{\"input\":{\"query\":\"rule.severity :\\\"high\\\" \",\"language\":\"kuery\"},\"label\":\"CAT I\"},{\"input\":{\"query\":\"rule.severity : \\\"medium\\\" \",\"language\":\"kuery\"},\"label\":\"CAT II\"},{\"input\":{\"query\":\"rule.severity : \\\"low\\\" \",\"language\":\"kuery\"},\"label\":\"CAT III\"}]},\"customLabel\":true},\"31cd5bd5-bf05-4039-a241-c75a16ad9165\":{\"label\":\"Total Fails\",\"dataType\":\"number\",\"operationType\":\"count\",\"isBucketed\":false,\"scale\":\"ratio\",\"sourceField\":\"___records___\",\"filter\":{\"query\":\"rule.result : \\\"fail\\\" \",\"language\":\"kuery\"},\"params\":{\"emptyAsNull\":false},\"customLabel\":true},\"87f792ec-41cb-4052-ae3c-8e39032305c0\":{\"label\":\"Total Pass\",\"dataType\":\"number\",\"operationType\":\"count\",\"isBucketed\":false,\"scale\":\"ratio\",\"sourceField\":\"___records___\",\"filter\":{\"query\":\"rule.result : \\\"pass\\\" \",\"language\":\"kuery\"},\"params\":{\"emptyAsNull\":true},\"customLabel\":true}},\"columnOrder\":[\"ecc959a5-6cb4-43ed-bd8e-c8a11c51d3d2\",\"31cd5bd5-bf05-4039-a241-c75a16ad9165\",\"87f792ec-41cb-4052-ae3c-8e39032305c0\"],\"sampling\":1,\"incompleteColumns\":{}}}},\"textBased\":{\"layers\":{}}},\"internalReferences\":[],\"adHocDataViews\":{}}},\"hidePanelTitles\":false,\"description\":\"Passes and Fails broken down by the rule severity level.\",\"enhancements\":{}},\"title\":\"Severity Breakdown\"},{\"version\":\"8.8.2\",\"type\":\"lens\",\"gridData\":{\"x\":30,\"y\":11,\"w\":4,\"h\":20,\"i\":\"ca6d3287-d16e-4e2f-9216-6140f4f2b4c1\"},\"panelIndex\":\"ca6d3287-d16e-4e2f-9216-6140f4f2b4c1\",\"embeddableConfig\":{\"attributes\":{\"title\":\"\",\"visualizationType\":\"lnsGauge\",\"type\":\"lens\",\"references\":[{\"id\":\"ed7c1bb4-5aac-45d4-9aff-06f4d4ad4a9a\",\"name\":\"indexpattern-datasource-layer-771df181-6280-4ee3-b215-d26003efa966\",\"type\":\"index-pattern\"}],\"state\":{\"visualization\":{\"shape\":\"verticalBullet\",\"layerId\":\"771df181-6280-4ee3-b215-d26003efa966\",\"layerType\":\"data\",\"ticksPosition\":\"bands\",\"labelMajorMode\":\"auto\",\"metricAccessor\":\"33881eb3-ce77-4a4f-b41f-e74e4b17ff86\",\"maxAccessor\":\"e31a8da1-6c99-4e57-a6f6-510b5d44e88b\",\"palette\":{\"name\":\"custom\",\"type\":\"palette\",\"params\":{\"steps\":3,\"name\":\"custom\",\"reverse\":false,\"rangeType\":\"percent\",\"rangeMin\":null,\"rangeMax\":null,\"progression\":\"fixed\",\"stops\":[{\"color\":\"#AFB8C680\",\"stop\":33.33},{\"color\":\"#DA8B45\",\"stop\":66.66},{\"color\":\"#E7664C\",\"stop\":100}],\"colorStops\":[{\"color\":\"#AFB8C680\",\"stop\":null},{\"color\":\"#DA8B45\",\"stop\":33.33},{\"color\":\"#E7664C\",\"stop\":66.66}],\"continuity\":\"all\",\"maxSteps\":5}},\"colorMode\":\"palette\",\"minAccessor\":\"ccf28f2a-27d2-4cc2-a4c0-f9d06ea672dc\"},\"query\":{\"query\":\"\",\"language\":\"kuery\"},\"filters\":[],\"datasourceStates\":{\"formBased\":{\"layers\":{\"771df181-6280-4ee3-b215-d26003efa966\":{\"columns\":{\"33881eb3-ce77-4a4f-b41f-e74e4b17ff86\":{\"label\":\"Failure Score\",\"dataType\":\"number\",\"operationType\":\"sum\",\"sourceField\":\"rule.result.score\",\"isBucketed\":false,\"scale\":\"ratio\",\"filter\":{\"query\":\"rule.result: \\\"fail\\\"\",\"language\":\"kuery\"},\"params\":{\"emptyAsNull\":false},\"customLabel\":true},\"e31a8da1-6c99-4e57-a6f6-510b5d44e88b\":{\"label\":\"Sum of rule.weight\",\"dataType\":\"number\",\"operationType\":\"sum\",\"sourceField\":\"rule.weight\",\"isBucketed\":false,\"scale\":\"ratio\",\"params\":{\"emptyAsNull\":true},\"filter\":{\"query\":\"rule.result : \\\"fail\\\" or rule.result : \\\"pass\\\"\",\"language\":\"kuery\"}},\"ccf28f2a-27d2-4cc2-a4c0-f9d06ea672dc\":{\"label\":\"Static value: 0\",\"dataType\":\"number\",\"operationType\":\"static_value\",\"isStaticValue\":true,\"isBucketed\":false,\"scale\":\"ratio\",\"params\":{\"value\":\"0\"},\"references\":[]}},\"columnOrder\":[\"33881eb3-ce77-4a4f-b41f-e74e4b17ff86\",\"e31a8da1-6c99-4e57-a6f6-510b5d44e88b\",\"ccf28f2a-27d2-4cc2-a4c0-f9d06ea672dc\"],\"incompleteColumns\":{},\"sampling\":1}}},\"textBased\":{\"layers\":{}}},\"internalReferences\":[],\"adHocDataViews\":{}}},\"hidePanelTitles\":true,\"enhancements\":{}}},{\"version\":\"8.8.2\",\"type\":\"lens\",\"gridData\":{\"x\":0,\"y\":16,\"w\":30,\"h\":15,\"i\":\"3d731c15-8a40-45e3-bb29-f6aed782e586\"},\"panelIndex\":\"3d731c15-8a40-45e3-bb29-f6aed782e586\",\"embeddableConfig\":{\"attributes\":{\"title\":\"\",\"description\":\"\",\"visualizationType\":\"lnsDatatable\",\"type\":\"lens\",\"references\":[{\"type\":\"index-pattern\",\"id\":\"ed7c1bb4-5aac-45d4-9aff-06f4d4ad4a9a\",\"name\":\"indexpattern-datasource-layer-cbc12900-bf4a-46dd-b2a6-bd0477c82967\"}],\"state\":{\"visualization\":{\"columns\":[{\"isTransposed\":false,\"columnId\":\"30c31964-540e-4717-bd75-e40ea661192e\",\"oneClickFilter\":true},{\"isTransposed\":false,\"columnId\":\"ff66c536-1d5f-4bb4-8890-ec64e448627a\",\"alignment\":\"center\",\"colorMode\":\"cell\",\"palette\":{\"type\":\"palette\",\"name\":\"temperature\",\"params\":{\"stops\":[{\"color\":\"#6092c0\",\"stop\":0},{\"color\":\"#a8bfda\",\"stop\":20},{\"color\":\"#ebeff5\",\"stop\":40},{\"color\":\"#ecb385\",\"stop\":60},{\"color\":\"#e7664c\",\"stop\":80}],\"name\":\"temperature\",\"continuity\":\"above\",\"reverse\":false,\"rangeMin\":0,\"rangeMax\":null}}},{\"columnId\":\"eca93477-2464-4ff3-bc2a-63468a90b200\",\"isTransposed\":false,\"alignment\":\"center\",\"oneClickFilter\":true},{\"columnId\":\"8bdbac72-279d-4c9a-a1b8-0bd49791e78d\",\"isTransposed\":false,\"oneClickFilter\":false,\"alignment\":\"center\"},{\"columnId\":\"d84fce0c-6ffe-47fe-a85c-6286ca255f7f\",\"isTransposed\":true}],\"layerId\":\"cbc12900-bf4a-46dd-b2a6-bd0477c82967\",\"layerType\":\"data\"},\"query\":{\"query\":\"\",\"language\":\"kuery\"},\"filters\":[],\"datasourceStates\":{\"formBased\":{\"layers\":{\"cbc12900-bf4a-46dd-b2a6-bd0477c82967\":{\"columns\":{\"30c31964-540e-4717-bd75-e40ea661192e\":{\"label\":\"Hostname\",\"dataType\":\"string\",\"operationType\":\"terms\",\"scale\":\"ordinal\",\"sourceField\":\"host.hostname\",\"isBucketed\":true,\"params\":{\"size\":100,\"orderBy\":{\"type\":\"custom\"},\"orderAgg\":{\"label\":\"Sum of rule.result.score\",\"dataType\":\"number\",\"operationType\":\"sum\",\"sourceField\":\"rule.result.score\",\"isBucketed\":false,\"scale\":\"ratio\",\"params\":{\"emptyAsNull\":true}},\"orderDirection\":\"desc\",\"otherBucket\":true,\"missingBucket\":false,\"parentFormat\":{\"id\":\"terms\"},\"include\":[],\"exclude\":[],\"includeIsRegex\":false,\"excludeIsRegex\":false},\"customLabel\":true},\"ff66c536-1d5f-4bb4-8890-ec64e448627a\":{\"label\":\"Overall Score\",\"dataType\":\"number\",\"operationType\":\"sum\",\"sourceField\":\"rule.result.score\",\"isBucketed\":false,\"scale\":\"ratio\",\"params\":{\"emptyAsNull\":false},\"customLabel\":true},\"eca93477-2464-4ff3-bc2a-63468a90b200\":{\"label\":\"IP Address\",\"dataType\":\"ip\",\"operationType\":\"terms\",\"scale\":\"ordinal\",\"sourceField\":\"host.ip\",\"isBucketed\":true,\"params\":{\"size\":1,\"orderBy\":{\"type\":\"alphabetical\",\"fallback\":false},\"orderDirection\":\"asc\",\"otherBucket\":true,\"missingBucket\":false,\"parentFormat\":{\"id\":\"terms\"},\"include\":[],\"exclude\":[],\"includeIsRegex\":false,\"excludeIsRegex\":false},\"customLabel\":true},\"8bdbac72-279d-4c9a-a1b8-0bd49791e78d\":{\"label\":\"Domain\",\"dataType\":\"string\",\"operationType\":\"terms\",\"scale\":\"ordinal\",\"sourceField\":\"host.domain\",\"isBucketed\":true,\"params\":{\"size\":1,\"orderBy\":{\"type\":\"alphabetical\",\"fallback\":false},\"orderDirection\":\"asc\",\"otherBucket\":false,\"missingBucket\":true,\"parentFormat\":{\"id\":\"terms\"},\"include\":[],\"exclude\":[],\"includeIsRegex\":false,\"excludeIsRegex\":false},\"customLabel\":true},\"d84fce0c-6ffe-47fe-a85c-6286ca255f7f\":{\"label\":\"Benchmark Name\",\"dataType\":\"string\",\"operationType\":\"terms\",\"scale\":\"ordinal\",\"sourceField\":\"benchmark.name\",\"isBucketed\":true,\"params\":{\"size\":5,\"orderBy\":{\"type\":\"column\",\"columnId\":\"ff66c536-1d5f-4bb4-8890-ec64e448627a\"},\"orderDirection\":\"desc\",\"otherBucket\":false,\"missingBucket\":false,\"parentFormat\":{\"id\":\"terms\"},\"include\":[],\"exclude\":[],\"includeIsRegex\":false,\"excludeIsRegex\":false},\"customLabel\":true}},\"columnOrder\":[\"d84fce0c-6ffe-47fe-a85c-6286ca255f7f\",\"30c31964-540e-4717-bd75-e40ea661192e\",\"eca93477-2464-4ff3-bc2a-63468a90b200\",\"8bdbac72-279d-4c9a-a1b8-0bd49791e78d\",\"ff66c536-1d5f-4bb4-8890-ec64e448627a\"],\"incompleteColumns\":{},\"sampling\":1}}},\"textBased\":{\"layers\":{}}},\"internalReferences\":[],\"adHocDataViews\":{}}},\"hidePanelTitles\":false,\"enhancements\":{\"dynamicActions\":{\"events\":[{\"eventId\":\"3c0dfe4d-c571-4127-ba6c-7362042cf2e2\",\"triggers\":[\"FILTER_TRIGGER\"],\"action\":{\"factoryId\":\"DASHBOARD_TO_DASHBOARD_DRILLDOWN\",\"name\":\"View Benchmark Results for this Endpoint\",\"config\":{\"useCurrentFilters\":true,\"useCurrentDateRange\":true,\"openInNewTab\":false}}}]}},\"description\":\"By host breakdown of failing STIG checks and the sum of their score.\"},\"title\":\"Top 100 Vulnerable Hosts\"},{\"version\":\"8.8.2\",\"type\":\"lens\",\"gridData\":{\"x\":34,\"y\":20,\"w\":14,\"h\":11,\"i\":\"5bf2f4f8-4744-4f94-b99d-69b88ff226d1\"},\"panelIndex\":\"5bf2f4f8-4744-4f94-b99d-69b88ff226d1\",\"embeddableConfig\":{\"attributes\":{\"title\":\"\",\"visualizationType\":\"lnsXY\",\"type\":\"lens\",\"references\":[{\"id\":\"df491fbb-3f09-4ab0-995a-c2c549a9bc21\",\"name\":\"indexpattern-datasource-layer-0e956b5d-4b99-4efc-98a3-8b5ad23c4cab\",\"type\":\"index-pattern\"}],\"state\":{\"visualization\":{\"legend\":{\"isVisible\":true,\"position\":\"right\"},\"valueLabels\":\"hide\",\"fittingFunction\":\"None\",\"axisTitlesVisibilitySettings\":{\"x\":true,\"yLeft\":true,\"yRight\":true},\"tickLabelsVisibilitySettings\":{\"x\":true,\"yLeft\":true,\"yRight\":true},\"labelsOrientation\":{\"x\":0,\"yLeft\":0,\"yRight\":0},\"gridlinesVisibilitySettings\":{\"x\":true,\"yLeft\":true,\"yRight\":true},\"preferredSeriesType\":\"area_stacked\",\"layers\":[{\"layerId\":\"0e956b5d-4b99-4efc-98a3-8b5ad23c4cab\",\"accessors\":[\"b876dcfc-0fd2-4fcb-9602-65c9ea2c85fe\"],\"position\":\"top\",\"seriesType\":\"area_stacked\",\"showGridlines\":false,\"layerType\":\"data\",\"xAccessor\":\"cb589ffa-895e-453a-ad68-df02d014d992\"}]},\"query\":{\"query\":\"event.code: 8107\",\"language\":\"kuery\"},\"filters\":[],\"datasourceStates\":{\"formBased\":{\"layers\":{\"0e956b5d-4b99-4efc-98a3-8b5ad23c4cab\":{\"columns\":{\"cb589ffa-895e-453a-ad68-df02d014d992\":{\"label\":\"event.created\",\"dataType\":\"date\",\"operationType\":\"date_histogram\",\"sourceField\":\"event.created\",\"isBucketed\":true,\"scale\":\"interval\",\"params\":{\"interval\":\"h\",\"includeEmptyRows\":true,\"dropPartials\":false,\"ignoreTimeRange\":true}},\"b876dcfc-0fd2-4fcb-9602-65c9ea2c85fe\":{\"label\":\"Count of records\",\"dataType\":\"number\",\"operationType\":\"count\",\"isBucketed\":false,\"scale\":\"ratio\",\"sourceField\":\"___records___\",\"params\":{\"emptyAsNull\":true}}},\"columnOrder\":[\"cb589ffa-895e-453a-ad68-df02d014d992\",\"b876dcfc-0fd2-4fcb-9602-65c9ea2c85fe\"],\"incompleteColumns\":{},\"sampling\":1}}},\"textBased\":{\"layers\":{}}},\"internalReferences\":[],\"adHocDataViews\":{}}},\"hidePanelTitles\":false,\"enhancements\":{},\"description\":\"This is the event trigger of Benchmark scans completed on endpoints.  This is not based on results but on the event log flagging that a scan was completed. \"},\"title\":\"Benchmark Scan Rates\"},{\"version\":\"8.8.2\",\"type\":\"lens\",\"gridData\":{\"x\":0,\"y\":31,\"w\":11,\"h\":25,\"i\":\"100e003c-689d-4ccb-a36e-3a61c8aa1f37\"},\"panelIndex\":\"100e003c-689d-4ccb-a36e-3a61c8aa1f37\",\"embeddableConfig\":{\"attributes\":{\"title\":\"\",\"description\":\"\",\"visualizationType\":\"lnsDatatable\",\"type\":\"lens\",\"references\":[{\"type\":\"index-pattern\",\"id\":\"ed7c1bb4-5aac-45d4-9aff-06f4d4ad4a9a\",\"name\":\"indexpattern-datasource-layer-531949cb-8d36-4358-b503-c470db2357b8\"},{\"type\":\"index-pattern\",\"name\":\"68fe6bfd-8554-40ce-9803-f0fa1fa5f047\",\"id\":\"ed7c1bb4-5aac-45d4-9aff-06f4d4ad4a9a\"}],\"state\":{\"visualization\":{\"layerId\":\"531949cb-8d36-4358-b503-c470db2357b8\",\"layerType\":\"data\",\"columns\":[{\"isTransposed\":false,\"columnId\":\"694097f4-e845-4f15-a42b-3fd4b5731141\"},{\"isTransposed\":false,\"columnId\":\"24eae38e-8e7e-40fd-aa3a-19cd55219b6c\"},{\"isTransposed\":false,\"columnId\":\"e2c1831b-bcc2-49b1-b286-a80e84bfebe1\"},{\"columnId\":\"20ad1142-7e78-47f7-8889-6069ad3f7a46\",\"isTransposed\":false,\"alignment\":\"center\"},{\"columnId\":\"2a90ac34-3274-49b2-bac3-2dac93b5e0a6\",\"isTransposed\":false,\"alignment\":\"center\"}],\"paging\":{\"enabled\":true,\"size\":30}},\"query\":{\"query\":\"\",\"language\":\"kuery\"},\"filters\":[{\"meta\":{\"index\":\"68fe6bfd-8554-40ce-9803-f0fa1fa5f047\",\"negate\":true,\"type\":\"phrase\",\"key\":\"STIG_ID\",\"params\":{\"query\":\"\"},\"disabled\":false,\"alias\":null},\"query\":{\"match_phrase\":{\"STIG_ID\":\"\"}},\"$state\":{\"store\":\"appState\"}}],\"datasourceStates\":{\"formBased\":{\"layers\":{\"531949cb-8d36-4358-b503-c470db2357b8\":{\"columns\":{\"694097f4-e845-4f15-a42b-3fd4b5731141\":{\"label\":\"Vuln ID\",\"dataType\":\"string\",\"operationType\":\"terms\",\"scale\":\"ordinal\",\"sourceField\":\"VULN_ID\",\"isBucketed\":true,\"params\":{\"size\":300,\"orderBy\":{\"type\":\"column\",\"columnId\":\"e2c1831b-bcc2-49b1-b286-a80e84bfebe1\"},\"orderDirection\":\"desc\",\"otherBucket\":true,\"missingBucket\":false,\"parentFormat\":{\"id\":\"terms\"},\"include\":[],\"exclude\":[],\"includeIsRegex\":false,\"excludeIsRegex\":false},\"customLabel\":true},\"24eae38e-8e7e-40fd-aa3a-19cd55219b6c\":{\"label\":\"STIG ID\",\"dataType\":\"string\",\"operationType\":\"terms\",\"scale\":\"ordinal\",\"sourceField\":\"rule.stig_id\",\"isBucketed\":true,\"params\":{\"size\":1,\"orderBy\":{\"type\":\"column\",\"columnId\":\"e2c1831b-bcc2-49b1-b286-a80e84bfebe1\"},\"orderDirection\":\"desc\",\"otherBucket\":false,\"missingBucket\":false,\"parentFormat\":{\"id\":\"terms\"},\"include\":[],\"exclude\":[],\"includeIsRegex\":false,\"excludeIsRegex\":false,\"secondaryFields\":[]},\"customLabel\":true},\"e2c1831b-bcc2-49b1-b286-a80e84bfebe1\":{\"label\":\"Count of records\",\"dataType\":\"number\",\"operationType\":\"count\",\"isBucketed\":false,\"scale\":\"ratio\",\"sourceField\":\"___records___\",\"params\":{\"emptyAsNull\":true}},\"20ad1142-7e78-47f7-8889-6069ad3f7a46\":{\"label\":\"Result\",\"dataType\":\"string\",\"operationType\":\"terms\",\"scale\":\"ordinal\",\"sourceField\":\"rule.result\",\"isBucketed\":true,\"params\":{\"size\":1,\"orderBy\":{\"type\":\"column\",\"columnId\":\"e2c1831b-bcc2-49b1-b286-a80e84bfebe1\"},\"orderDirection\":\"desc\",\"otherBucket\":false,\"missingBucket\":false,\"parentFormat\":{\"id\":\"terms\"},\"include\":[],\"exclude\":[],\"includeIsRegex\":false,\"excludeIsRegex\":false},\"customLabel\":true},\"2a90ac34-3274-49b2-bac3-2dac93b5e0a6\":{\"label\":\"Finding ID\",\"dataType\":\"string\",\"operationType\":\"terms\",\"scale\":\"ordinal\",\"sourceField\":\"rule.finding_id\",\"isBucketed\":true,\"params\":{\"size\":3,\"orderBy\":{\"type\":\"column\",\"columnId\":\"e2c1831b-bcc2-49b1-b286-a80e84bfebe1\"},\"orderDirection\":\"desc\",\"otherBucket\":true,\"missingBucket\":false,\"parentFormat\":{\"id\":\"terms\"},\"include\":[],\"exclude\":[],\"includeIsRegex\":false,\"excludeIsRegex\":false,\"secondaryFields\":[]},\"customLabel\":true}},\"columnOrder\":[\"694097f4-e845-4f15-a42b-3fd4b5731141\",\"24eae38e-8e7e-40fd-aa3a-19cd55219b6c\",\"2a90ac34-3274-49b2-bac3-2dac93b5e0a6\",\"20ad1142-7e78-47f7-8889-6069ad3f7a46\",\"e2c1831b-bcc2-49b1-b286-a80e84bfebe1\"],\"incompleteColumns\":{},\"sampling\":1}}},\"textBased\":{\"layers\":{}}},\"internalReferences\":[],\"adHocDataViews\":{}}},\"hidePanelTitles\":false,\"enhancements\":{}},\"title\":\"Rule Results\"},{\"version\":\"8.8.2\",\"type\":\"lens\",\"gridData\":{\"x\":11,\"y\":31,\"w\":37,\"h\":11,\"i\":\"e9b5a9c0-5358-43e6-bcf3-ca3dbfe6ee60\"},\"panelIndex\":\"e9b5a9c0-5358-43e6-bcf3-ca3dbfe6ee60\",\"embeddableConfig\":{\"attributes\":{\"title\":\"\",\"description\":\"\",\"visualizationType\":\"lnsXY\",\"type\":\"lens\",\"references\":[{\"id\":\"7d972a32-d117-4963-a7bf-58fc65fb1ee8\",\"name\":\"indexpattern-datasource-layer-324940c5-7336-4d83-afd8-f132999ad21d\",\"type\":\"index-pattern\"},{\"id\":\"7d972a32-d117-4963-a7bf-58fc65fb1ee8\",\"name\":\"de7d5fcd-69c9-489a-ad14-e43451dc3eaa\",\"type\":\"index-pattern\"},{\"id\":\"7d972a32-d117-4963-a7bf-58fc65fb1ee8\",\"name\":\"82886999-a1d2-44ca-9355-6473b13151a2\",\"type\":\"index-pattern\"}],\"state\":{\"visualization\":{\"title\":\"Empty XY chart\",\"legend\":{\"isVisible\":true,\"position\":\"right\"},\"valueLabels\":\"hide\",\"preferredSeriesType\":\"area\",\"layers\":[{\"layerId\":\"324940c5-7336-4d83-afd8-f132999ad21d\",\"accessors\":[\"c7ed6ef5-293c-4841-8d4b-44ba3a962b27\"],\"position\":\"top\",\"seriesType\":\"area\",\"showGridlines\":false,\"layerType\":\"data\",\"xAccessor\":\"4c922613-246c-4854-8a29-4a64075d585e\",\"splitAccessor\":\"9fe8831b-a25f-4432-874b-af29a49486d1\",\"palette\":{\"type\":\"palette\",\"name\":\"temperature\"}}]},\"query\":{\"query\":\"\",\"language\":\"kuery\"},\"filters\":[{\"meta\":{\"index\":\"de7d5fcd-69c9-489a-ad14-e43451dc3eaa\",\"negate\":true,\"type\":\"phrase\",\"key\":\"rule.result\",\"params\":{\"query\":\"not applicable\"},\"disabled\":false,\"alias\":null},\"query\":{\"match_phrase\":{\"rule.result\":\"not applicable\"}},\"$state\":{\"store\":\"appState\"}},{\"meta\":{\"index\":\"82886999-a1d2-44ca-9355-6473b13151a2\",\"negate\":true,\"type\":\"phrase\",\"key\":\"rule.result\",\"params\":{\"query\":\"unknown\"},\"disabled\":false,\"alias\":null},\"query\":{\"match_phrase\":{\"rule.result\":\"unknown\"}},\"$state\":{\"store\":\"appState\"}}],\"datasourceStates\":{\"formBased\":{\"layers\":{\"324940c5-7336-4d83-afd8-f132999ad21d\":{\"columns\":{\"4c922613-246c-4854-8a29-4a64075d585e\":{\"label\":\"event.ingested\",\"dataType\":\"date\",\"operationType\":\"date_histogram\",\"sourceField\":\"event.ingested\",\"isBucketed\":true,\"scale\":\"interval\",\"params\":{\"interval\":\"auto\",\"includeEmptyRows\":true,\"dropPartials\":false}},\"c7ed6ef5-293c-4841-8d4b-44ba3a962b27\":{\"label\":\"STIG Counts\",\"dataType\":\"number\",\"operationType\":\"count\",\"isBucketed\":false,\"scale\":\"ratio\",\"sourceField\":\"___records___\",\"params\":{\"emptyAsNull\":true},\"customLabel\":true},\"9fe8831b-a25f-4432-874b-af29a49486d1\":{\"label\":\"Top 4 values of rule.result\",\"dataType\":\"string\",\"operationType\":\"terms\",\"scale\":\"ordinal\",\"sourceField\":\"rule.result\",\"isBucketed\":true,\"params\":{\"size\":4,\"orderBy\":{\"type\":\"column\",\"columnId\":\"c7ed6ef5-293c-4841-8d4b-44ba3a962b27\"},\"orderDirection\":\"desc\",\"otherBucket\":true,\"missingBucket\":false,\"parentFormat\":{\"id\":\"terms\"},\"include\":[],\"exclude\":[],\"includeIsRegex\":false,\"excludeIsRegex\":false}}},\"columnOrder\":[\"9fe8831b-a25f-4432-874b-af29a49486d1\",\"4c922613-246c-4854-8a29-4a64075d585e\",\"c7ed6ef5-293c-4841-8d4b-44ba3a962b27\"],\"sampling\":1,\"incompleteColumns\":{}}}},\"textBased\":{\"layers\":{}}},\"internalReferences\":[],\"adHocDataViews\":{}}},\"hidePanelTitles\":false,\"description\":\"TYCHON continuously reports the status of STIG results, this is the history of those results.\",\"enhancements\":{}},\"title\":\"STIG Scan Results History \"},{\"version\":\"8.8.2\",\"type\":\"lens\",\"gridData\":{\"x\":11,\"y\":42,\"w\":37,\"h\":14,\"i\":\"0259e2ee-6cce-430e-8e87-d57537a418f0\"},\"panelIndex\":\"0259e2ee-6cce-430e-8e87-d57537a418f0\",\"embeddableConfig\":{\"attributes\":{\"title\":\"\",\"visualizationType\":\"lnsPie\",\"type\":\"lens\",\"references\":[{\"id\":\"ed7c1bb4-5aac-45d4-9aff-06f4d4ad4a9a\",\"name\":\"indexpattern-datasource-layer-159bfab9-7c23-4970-a3b5-5fbfe799e5f4\",\"type\":\"index-pattern\"}],\"state\":{\"visualization\":{\"shape\":\"treemap\",\"palette\":{\"type\":\"palette\",\"name\":\"temperature\"},\"layers\":[{\"layerId\":\"159bfab9-7c23-4970-a3b5-5fbfe799e5f4\",\"primaryGroups\":[\"55733772-e80d-4270-b1ec-3cb02c639a4a\"],\"secondaryGroups\":[],\"metrics\":[\"3f83400f-c042-46f1-acaa-22fc25d8fdbd\"],\"numberDisplay\":\"percent\",\"categoryDisplay\":\"default\",\"legendDisplay\":\"default\",\"nestedLegend\":false,\"layerType\":\"data\",\"collapseFns\":{\"55733772-e80d-4270-b1ec-3cb02c639a4a\":\"\"}}]},\"query\":{\"query\":\"\",\"language\":\"kuery\"},\"filters\":[],\"datasourceStates\":{\"formBased\":{\"layers\":{\"159bfab9-7c23-4970-a3b5-5fbfe799e5f4\":{\"columns\":{\"55733772-e80d-4270-b1ec-3cb02c639a4a\":{\"label\":\"Top 1000 values of rule.oval.id\",\"dataType\":\"string\",\"operationType\":\"terms\",\"scale\":\"ordinal\",\"sourceField\":\"rule.oval.id\",\"isBucketed\":true,\"params\":{\"size\":1000,\"orderBy\":{\"type\":\"column\",\"columnId\":\"3f83400f-c042-46f1-acaa-22fc25d8fdbd\"},\"orderDirection\":\"desc\",\"otherBucket\":false,\"missingBucket\":false,\"parentFormat\":{\"id\":\"terms\"},\"include\":[],\"exclude\":[],\"includeIsRegex\":false,\"excludeIsRegex\":false}},\"3f83400f-c042-46f1-acaa-22fc25d8fdbd\":{\"label\":\"Sum of rule.result.score\",\"dataType\":\"number\",\"operationType\":\"sum\",\"sourceField\":\"rule.result.score\",\"isBucketed\":false,\"scale\":\"ratio\",\"params\":{\"emptyAsNull\":true}}},\"columnOrder\":[\"55733772-e80d-4270-b1ec-3cb02c639a4a\",\"3f83400f-c042-46f1-acaa-22fc25d8fdbd\"],\"incompleteColumns\":{},\"sampling\":1}}},\"textBased\":{\"layers\":{}}},\"internalReferences\":[],\"adHocDataViews\":{}}},\"hidePanelTitles\":false,\"enhancements\":{}},\"title\":\"Rule Result Map\"}]",
        "refreshInterval": {
            "pause": true,
            "value": 0
        },
        "timeFrom": "now-7d/d",
        "timeRestore": true,
        "timeTo": "now",
        "title": "[TYCHON] STIG Report Dashboard",
        "version": 1
    },
    "coreMigrationVersion": "8.8.0",
    "created_at": "2023-08-31T11:43:43.382Z",
    "id": "tychon-078edb40-d137-11e9-a2af-693b633cf871-stig",
    "migrationVersion": {
        "dashboard": "8.6.0"
    },
    "managed": true,
    "references": [
        {
            "id": "ed7c1bb4-5aac-45d4-9aff-06f4d4ad4a9a",
            "name": "c9a6aaf7-7ebd-43d6-ae37-eb8664d5c0c5:indexpattern-datasource-layer-6fff9691-3ddd-4388-8285-de60ad5d992f",
            "type": "index-pattern"
        },
        {
            "id": "ed7c1bb4-5aac-45d4-9aff-06f4d4ad4a9a",
            "name": "2b7c414a-b5fb-4a90-9231-26aaa796e7bf:indexpattern-datasource-layer-dd63da37-c38e-481c-8749-8d1939e14d4f",
            "type": "index-pattern"
        },
        {
            "id": "ed7c1bb4-5aac-45d4-9aff-06f4d4ad4a9a",
            "name": "6cb8b7bb-6752-4d80-b398-16c5b02eb0b6:indexpattern-datasource-layer-bbddf942-4f39-4965-9729-159c62ef2d15",
            "type": "index-pattern"
        },
        {
            "id": "ed7c1bb4-5aac-45d4-9aff-06f4d4ad4a9a",
            "name": "149977b6-c38d-4715-974d-641c1fc8e57b:indexpattern-datasource-layer-5e88cf37-b3d3-4794-acb6-5e30cdcfd93e",
            "type": "index-pattern"
        },
        {
            "id": "ed7c1bb4-5aac-45d4-9aff-06f4d4ad4a9a",
            "name": "cec1fd74-b355-4dde-a4d0-a249bbe4f600:indexpattern-datasource-layer-6fff9691-3ddd-4388-8285-de60ad5d992f",
            "type": "index-pattern"
        },
        {
            "id": "ed7c1bb4-5aac-45d4-9aff-06f4d4ad4a9a",
            "name": "28e2a613-0d7f-4476-aed1-7175f2a18f28:indexpattern-datasource-layer-7ab9f589-0859-4a2d-a405-8041d7078f67",
            "type": "index-pattern"
        },
        {
            "id": "ed7c1bb4-5aac-45d4-9aff-06f4d4ad4a9a",
            "name": "13f2d060-9d0e-4fba-9ab5-d2f3baeb0250:indexpattern-datasource-layer-8d93f7aa-9914-492a-a515-42761f7602a6",
            "type": "index-pattern"
        },
        {
            "id": "ed7c1bb4-5aac-45d4-9aff-06f4d4ad4a9a",
            "name": "87fa7e60-7def-4b15-a49b-1f651cfee463:indexpattern-datasource-layer-93bb9ce5-6dc1-41ec-bff3-f8c606cab5c9",
            "type": "index-pattern"
        },
        {
            "id": "ed7c1bb4-5aac-45d4-9aff-06f4d4ad4a9a",
            "name": "ca6d3287-d16e-4e2f-9216-6140f4f2b4c1:indexpattern-datasource-layer-771df181-6280-4ee3-b215-d26003efa966",
            "type": "index-pattern"
        },
        {
            "id": "ed7c1bb4-5aac-45d4-9aff-06f4d4ad4a9a",
            "name": "3d731c15-8a40-45e3-bb29-f6aed782e586:indexpattern-datasource-layer-cbc12900-bf4a-46dd-b2a6-bd0477c82967",
            "type": "index-pattern"
        },
        {
            "id": "tychon-e1c9c490-41a5-11ee-83e4-c92ed141b9e5-stig",
            "name": "3d731c15-8a40-45e3-bb29-f6aed782e586:drilldown:DASHBOARD_TO_DASHBOARD_DRILLDOWN:3c0dfe4d-c571-4127-ba6c-7362042cf2e2:dashboardId",
            "type": "dashboard"
        },
        {
            "id": "df491fbb-3f09-4ab0-995a-c2c549a9bc21",
            "name": "5bf2f4f8-4744-4f94-b99d-69b88ff226d1:indexpattern-datasource-layer-0e956b5d-4b99-4efc-98a3-8b5ad23c4cab",
            "type": "index-pattern"
        },
        {
            "id": "ed7c1bb4-5aac-45d4-9aff-06f4d4ad4a9a",
            "name": "100e003c-689d-4ccb-a36e-3a61c8aa1f37:indexpattern-datasource-layer-531949cb-8d36-4358-b503-c470db2357b8",
            "type": "index-pattern"
        },
        {
            "id": "ed7c1bb4-5aac-45d4-9aff-06f4d4ad4a9a",
            "name": "100e003c-689d-4ccb-a36e-3a61c8aa1f37:68fe6bfd-8554-40ce-9803-f0fa1fa5f047",
            "type": "index-pattern"
        },
        {
            "id": "7d972a32-d117-4963-a7bf-58fc65fb1ee8",
            "name": "e9b5a9c0-5358-43e6-bcf3-ca3dbfe6ee60:indexpattern-datasource-layer-324940c5-7336-4d83-afd8-f132999ad21d",
            "type": "index-pattern"
        },
        {
            "id": "7d972a32-d117-4963-a7bf-58fc65fb1ee8",
            "name": "e9b5a9c0-5358-43e6-bcf3-ca3dbfe6ee60:de7d5fcd-69c9-489a-ad14-e43451dc3eaa",
            "type": "index-pattern"
        },
        {
            "id": "7d972a32-d117-4963-a7bf-58fc65fb1ee8",
            "name": "e9b5a9c0-5358-43e6-bcf3-ca3dbfe6ee60:82886999-a1d2-44ca-9355-6473b13151a2",
            "type": "index-pattern"
        },
        {
            "id": "ed7c1bb4-5aac-45d4-9aff-06f4d4ad4a9a",
            "name": "0259e2ee-6cce-430e-8e87-d57537a418f0:indexpattern-datasource-layer-159bfab9-7c23-4970-a3b5-5fbfe799e5f4",
            "type": "index-pattern"
        },
        {
            "id": "ed7c1bb4-5aac-45d4-9aff-06f4d4ad4a9a",
            "name": "controlGroup_49a66ed0-406a-4bd8-b21b-965eb1f497f9:optionsListDataView",
            "type": "index-pattern"
        },
        {
            "id": "ed7c1bb4-5aac-45d4-9aff-06f4d4ad4a9a",
            "name": "controlGroup_dbbeb350-d58e-4ea2-8079-2b9d4478974f:optionsListDataView",
            "type": "index-pattern"
        },
        {
            "id": "ed7c1bb4-5aac-45d4-9aff-06f4d4ad4a9a",
            "name": "controlGroup_44a753fb-4299-48af-b65f-ebb50e7a8c3b:optionsListDataView",
            "type": "index-pattern"
        },
        {
            "id": "ed7c1bb4-5aac-45d4-9aff-06f4d4ad4a9a",
            "name": "controlGroup_ac743466-b33c-422d-a482-e9a04f6351ca:optionsListDataView",
            "type": "index-pattern"
        },
        {
            "id": "tychon-5a3ae0c0-3dbf-11ee-9610-15dee918f31a",
            "name": "tag-ref-tychon-5a3ae0c0-3dbf-11ee-9610-15dee918f31a",
            "type": "tag"
        },
        {
            "id": "tychon-10af3800-10f3-11ee-af86-538da1394f27",
            "name": "tag-ref-tychon-10af3800-10f3-11ee-af86-538da1394f27",
            "type": "tag"
        },
        {
            "id": "tychon-579051b0-10f2-11ee-af86-538da1394f27",
            "name": "tag-ref-tychon-579051b0-10f2-11ee-af86-538da1394f27",
            "type": "tag"
        },
        {
            "id": "tychon-39b55820-10f2-11ee-af86-538da1394f27",
            "name": "tag-ref-tychon-39b55820-10f2-11ee-af86-538da1394f27",
            "type": "tag"
        }
    ],
    "type": "dashboard",
    "typeMigrationVersion": "8.7.0",
    "updated_at": "2023-08-31T11:43:43.382Z",
    "version": "WzM0MDEsNF0="
}