{
    "attributes": {
        "description": "TYCHON captures ARP tables from endpoints. It tracks new ARP table entries and updates previously captured ones. Historical tracking is for previously found ARP lookups that are no longer seen.",
        "kibanaSavedObjectMeta": {
            "searchSourceJSON": "{\"query\":{\"query\":\"\",\"language\":\"kuery\"},\"filter\":[]}"
        },
        "optionsJSON": "{\"useMargins\":true,\"syncColors\":false,\"syncCursor\":true,\"syncTooltips\":false,\"hidePanelTitles\":false}",
        "panelsJSON": "[{\"version\":\"8.6.2\",\"type\":\"visualization\",\"gridData\":{\"x\":0,\"y\":0,\"w\":5,\"h\":17,\"i\":\"590b900e-fdb0-4f3f-8b3f-27fcaa636c0c\"},\"panelIndex\":\"590b900e-fdb0-4f3f-8b3f-27fcaa636c0c\",\"embeddableConfig\":{\"savedVis\":{\"id\":\"\",\"title\":\"\",\"description\":\"\",\"type\":\"markdown\",\"params\":{\"fontSize\":12,\"openLinksInNewTab\":false,\"markdown\":\"## ARP Tables\\n\\n**Overview** \\\\\\nTYCHON collects ARP tables every 30 minutes from endpoints and returns results to Elasticsearch. TYCHON assigns each ARP connection a unique identifier and updates previously captured ARP data. When TYCHON recognizes the same data, it updates the information. However, if TYCHON stops reporting an ARP entry, it is not removed. Therefore, this data is both the current ARP table and a historical view of ARP entries.\"},\"uiState\":{},\"data\":{\"aggs\":[],\"searchSource\":{\"query\":{\"query\":\"\",\"language\":\"kuery\"},\"filter\":[]}}},\"hidePanelTitles\":true,\"enhancements\":{}}},{\"version\":\"8.6.2\",\"type\":\"lens\",\"gridData\":{\"x\":5,\"y\":0,\"w\":13,\"h\":52,\"i\":\"ce775759-5615-4c75-9ef3-2a0330abbf25\"},\"panelIndex\":\"ce775759-5615-4c75-9ef3-2a0330abbf25\",\"embeddableConfig\":{\"attributes\":{\"title\":\"\",\"visualizationType\":\"lnsDatatable\",\"type\":\"lens\",\"references\":[{\"type\":\"index-pattern\",\"id\":\"8532a0b4-2a02-4dfa-b6aa-aabe01125b61\",\"name\":\"indexpattern-datasource-layer-afc52d89-e35c-44fa-9d4f-3edd6b5dd245\"}],\"state\":{\"visualization\":{\"layerId\":\"afc52d89-e35c-44fa-9d4f-3edd6b5dd245\",\"layerType\":\"data\",\"columns\":[{\"columnId\":\"648d98c9-1dfe-4a03-92dd-95529f0c34d4\",\"oneClickFilter\":true},{\"columnId\":\"07fe3a38-3801-46d4-a87b-f6c09df2cb56\",\"alignment\":\"right\",\"isTransposed\":false},{\"columnId\":\"8d87ad64-7076-47a7-ad7a-0b4ccf48b95e\",\"isTransposed\":false,\"alignment\":\"center\"},{\"columnId\":\"7ca8b3cd-e25c-47f2-a92e-51bc61e138b5\",\"isTransposed\":false,\"alignment\":\"center\"}]},\"query\":{\"query\":\"\",\"language\":\"kuery\"},\"filters\":[],\"datasourceStates\":{\"formBased\":{\"layers\":{\"afc52d89-e35c-44fa-9d4f-3edd6b5dd245\":{\"columns\":{\"648d98c9-1dfe-4a03-92dd-95529f0c34d4\":{\"label\":\"Hostname\",\"dataType\":\"string\",\"operationType\":\"terms\",\"scale\":\"ordinal\",\"sourceField\":\"host.hostname\",\"isBucketed\":true,\"params\":{\"size\":100,\"orderBy\":{\"type\":\"column\",\"columnId\":\"07fe3a38-3801-46d4-a87b-f6c09df2cb56\"},\"orderDirection\":\"desc\",\"otherBucket\":true,\"missingBucket\":false,\"parentFormat\":{\"id\":\"terms\"},\"include\":[],\"exclude\":[],\"includeIsRegex\":false,\"excludeIsRegex\":false},\"customLabel\":true},\"07fe3a38-3801-46d4-a87b-f6c09df2cb56\":{\"label\":\"Number of ARP Records\",\"dataType\":\"number\",\"operationType\":\"count\",\"isBucketed\":false,\"scale\":\"ratio\",\"sourceField\":\"destination.mac\",\"params\":{\"emptyAsNull\":true},\"customLabel\":true},\"8d87ad64-7076-47a7-ad7a-0b4ccf48b95e\":{\"label\":\"Unique IPs\",\"dataType\":\"number\",\"operationType\":\"unique_count\",\"scale\":\"ratio\",\"sourceField\":\"destination.ip\",\"isBucketed\":false,\"params\":{\"emptyAsNull\":true},\"customLabel\":true},\"7ca8b3cd-e25c-47f2-a92e-51bc61e138b5\":{\"label\":\"Unique MACs\",\"dataType\":\"number\",\"operationType\":\"unique_count\",\"scale\":\"ratio\",\"sourceField\":\"destination.mac\",\"isBucketed\":false,\"params\":{\"emptyAsNull\":true},\"customLabel\":true}},\"columnOrder\":[\"648d98c9-1dfe-4a03-92dd-95529f0c34d4\",\"8d87ad64-7076-47a7-ad7a-0b4ccf48b95e\",\"7ca8b3cd-e25c-47f2-a92e-51bc61e138b5\",\"07fe3a38-3801-46d4-a87b-f6c09df2cb56\"],\"incompleteColumns\":{},\"sampling\":1}}},\"textBased\":{\"layers\":{}}},\"internalReferences\":[],\"adHocDataViews\":{}}},\"hidePanelTitles\":false,\"enhancements\":{\"dynamicActions\":{\"events\":[{\"eventId\":\"e9dae9b3-8ad2-444c-97e2-fdaa1f8a3a34\",\"triggers\":[\"FILTER_TRIGGER\"],\"action\":{\"factoryId\":\"DASHBOARD_TO_DASHBOARD_DRILLDOWN\",\"name\":\"View TYCHON Host Connection Details\",\"config\":{\"useCurrentFilters\":true,\"useCurrentDateRange\":true,\"openInNewTab\":false}}}]}}},\"title\":\"Endpoint List\"},{\"version\":\"8.6.2\",\"type\":\"lens\",\"gridData\":{\"x\":18,\"y\":0,\"w\":6,\"h\":52,\"i\":\"a718b065-8aa4-4122-8209-9e8166809166\"},\"panelIndex\":\"a718b065-8aa4-4122-8209-9e8166809166\",\"embeddableConfig\":{\"attributes\":{\"title\":\"\",\"visualizationType\":\"lnsDatatable\",\"type\":\"lens\",\"references\":[{\"type\":\"index-pattern\",\"id\":\"8532a0b4-2a02-4dfa-b6aa-aabe01125b61\",\"name\":\"indexpattern-datasource-layer-75e99f33-af21-4c5b-bf43-27e613d19f1e\"}],\"state\":{\"visualization\":{\"layerId\":\"75e99f33-af21-4c5b-bf43-27e613d19f1e\",\"layerType\":\"data\",\"columns\":[{\"columnId\":\"76ad0139-f4ce-47f6-8d1a-e3c6c545de46\"},{\"columnId\":\"3d56cfc4-b5ca-4f33-99e7-26bea3bb0781\",\"isTransposed\":false,\"hidden\":true}]},\"query\":{\"query\":\"\",\"language\":\"kuery\"},\"filters\":[],\"datasourceStates\":{\"formBased\":{\"layers\":{\"75e99f33-af21-4c5b-bf43-27e613d19f1e\":{\"columns\":{\"76ad0139-f4ce-47f6-8d1a-e3c6c545de46\":{\"label\":\"Network Interface\",\"dataType\":\"string\",\"operationType\":\"terms\",\"scale\":\"ordinal\",\"sourceField\":\"network.interface\",\"isBucketed\":true,\"params\":{\"size\":100,\"orderBy\":{\"type\":\"column\",\"columnId\":\"3d56cfc4-b5ca-4f33-99e7-26bea3bb0781\"},\"orderDirection\":\"desc\",\"otherBucket\":true,\"missingBucket\":false,\"parentFormat\":{\"id\":\"terms\"},\"include\":[],\"exclude\":[],\"includeIsRegex\":false,\"excludeIsRegex\":false},\"customLabel\":true},\"3d56cfc4-b5ca-4f33-99e7-26bea3bb0781\":{\"label\":\"Count of records\",\"dataType\":\"number\",\"operationType\":\"count\",\"isBucketed\":false,\"scale\":\"ratio\",\"sourceField\":\"___records___\",\"params\":{\"emptyAsNull\":true}}},\"columnOrder\":[\"76ad0139-f4ce-47f6-8d1a-e3c6c545de46\",\"3d56cfc4-b5ca-4f33-99e7-26bea3bb0781\"],\"sampling\":1,\"incompleteColumns\":{}}}},\"textBased\":{\"layers\":{}}},\"internalReferences\":[],\"adHocDataViews\":{}}},\"hidePanelTitles\":false,\"enhancements\":{}},\"title\":\"Interfaces\"},{\"version\":\"8.6.2\",\"type\":\"lens\",\"gridData\":{\"x\":24,\"y\":0,\"w\":24,\"h\":52,\"i\":\"cdc2012f-9e23-4d08-b87d-df42e57ba04f\"},\"panelIndex\":\"cdc2012f-9e23-4d08-b87d-df42e57ba04f\",\"embeddableConfig\":{\"attributes\":{\"title\":\"\",\"visualizationType\":\"lnsDatatable\",\"type\":\"lens\",\"references\":[{\"type\":\"index-pattern\",\"id\":\"8532a0b4-2a02-4dfa-b6aa-aabe01125b61\",\"name\":\"indexpattern-datasource-layer-939ae107-5b48-47e3-a385-121998a30d18\"}],\"state\":{\"visualization\":{\"layerId\":\"939ae107-5b48-47e3-a385-121998a30d18\",\"layerType\":\"data\",\"columns\":[{\"columnId\":\"629fcd61-a24e-4c3f-9756-8e1ab90bca37\",\"oneClickFilter\":true},{\"columnId\":\"e5341642-c7db-4c93-b27d-47844eeb8ee6\",\"isTransposed\":false},{\"columnId\":\"1e935b13-21c4-4c7c-bbdd-6cd440f9c198\",\"isTransposed\":false,\"oneClickFilter\":true},{\"columnId\":\"ab8a2ee6-37ba-424c-8e09-f59a80cdc5c2\",\"isTransposed\":false},{\"columnId\":\"432028bb-1cb7-44a8-8446-0f3f023112c4\",\"isTransposed\":false,\"alignment\":\"right\"}]},\"query\":{\"query\":\"\",\"language\":\"kuery\"},\"filters\":[],\"datasourceStates\":{\"formBased\":{\"layers\":{\"939ae107-5b48-47e3-a385-121998a30d18\":{\"columns\":{\"629fcd61-a24e-4c3f-9756-8e1ab90bca37\":{\"label\":\"IP Address\",\"dataType\":\"ip\",\"operationType\":\"terms\",\"scale\":\"ordinal\",\"sourceField\":\"destination.ip\",\"isBucketed\":true,\"params\":{\"size\":100,\"orderBy\":{\"type\":\"column\",\"columnId\":\"e5341642-c7db-4c93-b27d-47844eeb8ee6\"},\"orderDirection\":\"desc\",\"otherBucket\":true,\"missingBucket\":false,\"parentFormat\":{\"id\":\"terms\"},\"include\":[],\"exclude\":[],\"includeIsRegex\":false,\"excludeIsRegex\":false},\"customLabel\":true},\"e5341642-c7db-4c93-b27d-47844eeb8ee6\":{\"label\":\"Count of records\",\"dataType\":\"number\",\"operationType\":\"count\",\"isBucketed\":false,\"scale\":\"ratio\",\"sourceField\":\"___records___\",\"params\":{\"emptyAsNull\":true}},\"1e935b13-21c4-4c7c-bbdd-6cd440f9c198\":{\"label\":\"MAC Address\",\"dataType\":\"string\",\"operationType\":\"terms\",\"scale\":\"ordinal\",\"sourceField\":\"destination.mac\",\"isBucketed\":true,\"params\":{\"size\":5,\"orderBy\":{\"type\":\"column\",\"columnId\":\"e5341642-c7db-4c93-b27d-47844eeb8ee6\"},\"orderDirection\":\"desc\",\"otherBucket\":true,\"missingBucket\":false,\"parentFormat\":{\"id\":\"terms\"},\"include\":[],\"exclude\":[],\"includeIsRegex\":false,\"excludeIsRegex\":false},\"customLabel\":true},\"ab8a2ee6-37ba-424c-8e09-f59a80cdc5c2\":{\"label\":\"Hostname\",\"dataType\":\"string\",\"operationType\":\"terms\",\"scale\":\"ordinal\",\"sourceField\":\"destination.name\",\"isBucketed\":true,\"params\":{\"size\":5,\"orderBy\":{\"type\":\"column\",\"columnId\":\"e5341642-c7db-4c93-b27d-47844eeb8ee6\"},\"orderDirection\":\"desc\",\"otherBucket\":true,\"missingBucket\":false,\"parentFormat\":{\"id\":\"terms\"},\"include\":[],\"exclude\":[],\"includeIsRegex\":false,\"excludeIsRegex\":false},\"customLabel\":true},\"432028bb-1cb7-44a8-8446-0f3f023112c4\":{\"label\":\"Last Seen\",\"dataType\":\"date\",\"operationType\":\"last_value\",\"isBucketed\":false,\"scale\":\"ratio\",\"sourceField\":\"@timestamp\",\"filter\":{\"query\":\"@timestamp: *\",\"language\":\"kuery\"},\"params\":{\"sortField\":\"@timestamp\"},\"customLabel\":true}},\"columnOrder\":[\"629fcd61-a24e-4c3f-9756-8e1ab90bca37\",\"1e935b13-21c4-4c7c-bbdd-6cd440f9c198\",\"ab8a2ee6-37ba-424c-8e09-f59a80cdc5c2\",\"432028bb-1cb7-44a8-8446-0f3f023112c4\",\"e5341642-c7db-4c93-b27d-47844eeb8ee6\"],\"incompleteColumns\":{},\"sampling\":1}}},\"textBased\":{\"layers\":{}}},\"internalReferences\":[],\"adHocDataViews\":{}}},\"hidePanelTitles\":false,\"enhancements\":{\"dynamicActions\":{\"events\":[{\"eventId\":\"452d1f2a-645c-4b66-85da-ad52242236bf\",\"triggers\":[\"VALUE_CLICK_TRIGGER\"],\"action\":{\"factoryId\":\"URL_DRILLDOWN\",\"name\":\"Search Google\",\"config\":{\"url\":{\"template\":\"https://google.com/search?q={{event.value}}\"},\"openInNewTab\":true,\"encodeUrl\":true}}},{\"eventId\":\"70b722a9-59f3-4b68-8341-0cda9ef41b28\",\"triggers\":[\"VALUE_CLICK_TRIGGER\"],\"action\":{\"factoryId\":\"URL_DRILLDOWN\",\"name\":\"Lookup MAC Address\",\"config\":{\"url\":{\"template\":\"https://maclookup.app/search/result?mac={{event.value}}\"},\"openInNewTab\":true,\"encodeUrl\":true}}}]}}},\"title\":\"ARP Table\"},{\"version\":\"8.6.2\",\"type\":\"lens\",\"gridData\":{\"x\":0,\"y\":17,\"w\":5,\"h\":12,\"i\":\"4a40f01c-b8af-4bb3-832b-de481355be2f\"},\"panelIndex\":\"4a40f01c-b8af-4bb3-832b-de481355be2f\",\"embeddableConfig\":{\"attributes\":{\"title\":\"\",\"visualizationType\":\"lnsLegacyMetric\",\"type\":\"lens\",\"references\":[{\"type\":\"index-pattern\",\"id\":\"8532a0b4-2a02-4dfa-b6aa-aabe01125b61\",\"name\":\"indexpattern-datasource-layer-8199203d-fd63-4a05-9df6-38bfa2c6eb74\"},{\"type\":\"index-pattern\",\"name\":\"eec5b6be-b56e-44ea-b6df-dc957dd00778\",\"id\":\"8532a0b4-2a02-4dfa-b6aa-aabe01125b61\"}],\"state\":{\"visualization\":{\"layerId\":\"8199203d-fd63-4a05-9df6-38bfa2c6eb74\",\"accessor\":\"e016cc96-3489-4383-a9c1-865a5ba8f0dd\",\"layerType\":\"data\",\"titlePosition\":\"bottom\",\"textAlign\":\"center\",\"size\":\"xl\"},\"query\":{\"query\":\"\",\"language\":\"kuery\"},\"filters\":[{\"meta\":{\"index\":\"eec5b6be-b56e-44ea-b6df-dc957dd00778\",\"type\":\"exists\",\"key\":\"destination.mac\",\"value\":\"exists\",\"disabled\":false,\"negate\":false,\"alias\":null},\"query\":{\"exists\":{\"field\":\"destination.mac\"}},\"$state\":{\"store\":\"appState\"}}],\"datasourceStates\":{\"formBased\":{\"layers\":{\"8199203d-fd63-4a05-9df6-38bfa2c6eb74\":{\"columns\":{\"e016cc96-3489-4383-a9c1-865a5ba8f0dd\":{\"label\":\"Unique MAC Addresses\",\"dataType\":\"number\",\"operationType\":\"unique_count\",\"scale\":\"ratio\",\"sourceField\":\"destination.mac\",\"isBucketed\":false,\"params\":{\"emptyAsNull\":true},\"customLabel\":true}},\"columnOrder\":[\"e016cc96-3489-4383-a9c1-865a5ba8f0dd\"],\"sampling\":1,\"incompleteColumns\":{}}}},\"textBased\":{\"layers\":{}}},\"internalReferences\":[],\"adHocDataViews\":{}}},\"hidePanelTitles\":true,\"enhancements\":{}}},{\"version\":\"8.6.2\",\"type\":\"lens\",\"gridData\":{\"x\":0,\"y\":29,\"w\":5,\"h\":12,\"i\":\"4139858c-c579-479b-aad7-90883296a136\"},\"panelIndex\":\"4139858c-c579-479b-aad7-90883296a136\",\"embeddableConfig\":{\"attributes\":{\"title\":\"\",\"visualizationType\":\"lnsLegacyMetric\",\"type\":\"lens\",\"references\":[{\"type\":\"index-pattern\",\"id\":\"8532a0b4-2a02-4dfa-b6aa-aabe01125b61\",\"name\":\"indexpattern-datasource-layer-25e8d64c-1846-4743-950d-89d0fb6f1113\"}],\"state\":{\"visualization\":{\"layerId\":\"25e8d64c-1846-4743-950d-89d0fb6f1113\",\"accessor\":\"976f2848-673c-414f-bc8d-fb5f861fc48e\",\"layerType\":\"data\",\"textAlign\":\"center\",\"size\":\"xl\",\"titlePosition\":\"bottom\"},\"query\":{\"query\":\"\",\"language\":\"kuery\"},\"filters\":[],\"datasourceStates\":{\"formBased\":{\"layers\":{\"25e8d64c-1846-4743-950d-89d0fb6f1113\":{\"columns\":{\"976f2848-673c-414f-bc8d-fb5f861fc48e\":{\"label\":\"Unique IP Addresses\",\"dataType\":\"number\",\"operationType\":\"unique_count\",\"scale\":\"ratio\",\"sourceField\":\"destination.ip\",\"isBucketed\":false,\"params\":{\"emptyAsNull\":true},\"customLabel\":true}},\"columnOrder\":[\"976f2848-673c-414f-bc8d-fb5f861fc48e\"],\"sampling\":1,\"incompleteColumns\":{}}}},\"textBased\":{\"layers\":{}}},\"internalReferences\":[],\"adHocDataViews\":{}}},\"hidePanelTitles\":true,\"enhancements\":{}}}]",
        "refreshInterval": {
            "pause": true,
            "value": 0
        },
        "timeFrom": "now-30d/d",
        "timeRestore": true,
        "timeTo": "now",
        "title": "[TYCHON] ARP Tables",
        "version": 1
    },
    "coreMigrationVersion": "8.6.2",
    "created_at": "2023-08-23T20:35:07.156Z",
    "id": "tychon-cb312af0-3d4c-11ee-9610-15dee918f31a-arp",
    "migrationVersion": {
        "dashboard": "8.6.0"
    },
    "references": [
        {
            "id": "8532a0b4-2a02-4dfa-b6aa-aabe01125b61",
            "name": "ce775759-5615-4c75-9ef3-2a0330abbf25:indexpattern-datasource-layer-afc52d89-e35c-44fa-9d4f-3edd6b5dd245",
            "type": "index-pattern"
        },
        {
            "id": "tychon-0c036be0-3de5-11ee-9610-15dee918f31a-exposedservice",
            "name": "ce775759-5615-4c75-9ef3-2a0330abbf25:drilldown:DASHBOARD_TO_DASHBOARD_DRILLDOWN:e9dae9b3-8ad2-444c-97e2-fdaa1f8a3a34:dashboardId",
            "type": "dashboard"
        },
        {
            "id": "8532a0b4-2a02-4dfa-b6aa-aabe01125b61",
            "name": "a718b065-8aa4-4122-8209-9e8166809166:indexpattern-datasource-layer-75e99f33-af21-4c5b-bf43-27e613d19f1e",
            "type": "index-pattern"
        },
        {
            "id": "8532a0b4-2a02-4dfa-b6aa-aabe01125b61",
            "name": "cdc2012f-9e23-4d08-b87d-df42e57ba04f:indexpattern-datasource-layer-939ae107-5b48-47e3-a385-121998a30d18",
            "type": "index-pattern"
        },
        {
            "id": "8532a0b4-2a02-4dfa-b6aa-aabe01125b61",
            "name": "4a40f01c-b8af-4bb3-832b-de481355be2f:indexpattern-datasource-layer-8199203d-fd63-4a05-9df6-38bfa2c6eb74",
            "type": "index-pattern"
        },
        {
            "id": "8532a0b4-2a02-4dfa-b6aa-aabe01125b61",
            "name": "4a40f01c-b8af-4bb3-832b-de481355be2f:eec5b6be-b56e-44ea-b6df-dc957dd00778",
            "type": "index-pattern"
        },
        {
            "id": "8532a0b4-2a02-4dfa-b6aa-aabe01125b61",
            "name": "4139858c-c579-479b-aad7-90883296a136:indexpattern-datasource-layer-25e8d64c-1846-4743-950d-89d0fb6f1113",
            "type": "index-pattern"
        },
        {
            "id": "c957d710-3d4c-11ee-9610-15dee918f31a",
            "name": "tag-ref-c957d710-3d4c-11ee-9610-15dee918f31a",
            "type": "tag"
        },
        {
            "id": "10af3800-10f3-11ee-af86-538da1394f27",
            "name": "tag-ref-10af3800-10f3-11ee-af86-538da1394f27",
            "type": "tag"
        },
        {
            "id": "5a3ae0c0-3dbf-11ee-9610-15dee918f31a",
            "name": "tag-ref-5a3ae0c0-3dbf-11ee-9610-15dee918f31a",
            "type": "tag"
        }
    ],
    "type": "dashboard",
    "updated_at": "2023-08-23T20:35:07.156Z",
    "version": "WzgxOTc4MiwyMl0="
}