{
    "attributes": {
        "controlGroupInput": {
            "chainingSystem": "HIERARCHICAL",
            "controlStyle": "oneLine",
            "ignoreParentSettingsJSON": "{\"ignoreFilters\":false,\"ignoreQuery\":false,\"ignoreTimerange\":false,\"ignoreValidations\":false}",
            "panelsJSON": "{\"37c0c6aa-5a66-4423-8f05-c055e3679ed7\":{\"order\":0,\"width\":\"small\",\"grow\":true,\"type\":\"optionsListControl\",\"explicitInput\":{\"fieldName\":\"host.hostname\",\"title\":\"host.hostname\",\"id\":\"37c0c6aa-5a66-4423-8f05-c055e3679ed7\",\"enhancements\":{}}}}"
        },
        "description": "TYCHON collects the CPUs attached to an endpoint and records it as part of an endpoint's current state.",
        "kibanaSavedObjectMeta": {
            "searchSourceJSON": "{\"query\":{\"query\":\"\",\"language\":\"kuery\"},\"filter\":[]}"
        },
        "optionsJSON": "{\"useMargins\":true,\"syncColors\":false,\"syncCursor\":true,\"syncTooltips\":false,\"hidePanelTitles\":false}",
        "panelsJSON": "[{\"version\":\"8.6.2\",\"type\":\"lens\",\"gridData\":{\"x\":0,\"y\":0,\"w\":6,\"h\":13,\"i\":\"d484eecf-9300-4edc-86ad-1d364f2cd912\"},\"panelIndex\":\"d484eecf-9300-4edc-86ad-1d364f2cd912\",\"embeddableConfig\":{\"attributes\":{\"title\":\"\",\"visualizationType\":\"lnsLegacyMetric\",\"type\":\"lens\",\"references\":[{\"type\":\"index-pattern\",\"id\":\"a264bf8d-abc3-4789-9f4c-bf76397e06ba\",\"name\":\"indexpattern-datasource-layer-1c2d45ad-d83f-47e4-9ae4-c10df0f06b45\"}],\"state\":{\"visualization\":{\"layerId\":\"1c2d45ad-d83f-47e4-9ae4-c10df0f06b45\",\"accessor\":\"11e77fc2-d3fa-4e24-bc42-c85b39e12f0b\",\"layerType\":\"data\",\"titlePosition\":\"bottom\",\"textAlign\":\"center\",\"size\":\"m\",\"colorMode\":\"None\"},\"query\":{\"query\":\"\",\"language\":\"kuery\"},\"filters\":[],\"datasourceStates\":{\"formBased\":{\"layers\":{\"1c2d45ad-d83f-47e4-9ae4-c10df0f06b45\":{\"columns\":{\"11e77fc2-d3fa-4e24-bc42-c85b39e12f0b\":{\"label\":\"Reporting Hosts\",\"dataType\":\"number\",\"operationType\":\"unique_count\",\"scale\":\"ratio\",\"sourceField\":\"tychon.id\",\"isBucketed\":false,\"params\":{\"emptyAsNull\":false},\"customLabel\":true}},\"columnOrder\":[\"11e77fc2-d3fa-4e24-bc42-c85b39e12f0b\"],\"sampling\":1,\"incompleteColumns\":{}}}},\"textBased\":{\"layers\":{}}},\"internalReferences\":[],\"adHocDataViews\":{}}},\"hidePanelTitles\":true,\"enhancements\":{}}},{\"version\":\"8.6.2\",\"type\":\"lens\",\"gridData\":{\"x\":6,\"y\":0,\"w\":6,\"h\":13,\"i\":\"c546b60e-cb07-4096-a664-ddc9c3cfdf34\"},\"panelIndex\":\"c546b60e-cb07-4096-a664-ddc9c3cfdf34\",\"embeddableConfig\":{\"attributes\":{\"title\":\"\",\"visualizationType\":\"lnsLegacyMetric\",\"type\":\"lens\",\"references\":[{\"type\":\"index-pattern\",\"id\":\"a264bf8d-abc3-4789-9f4c-bf76397e06ba\",\"name\":\"indexpattern-datasource-layer-1572e37a-4766-4cd7-9241-7bf6dd20f0d9\"}],\"state\":{\"visualization\":{\"layerId\":\"1572e37a-4766-4cd7-9241-7bf6dd20f0d9\",\"accessor\":\"6649c4f7-3f42-40eb-8b0e-763b91c56d8d\",\"layerType\":\"data\",\"titlePosition\":\"bottom\",\"textAlign\":\"center\"},\"query\":{\"query\":\"\",\"language\":\"kuery\"},\"filters\":[],\"datasourceStates\":{\"formBased\":{\"layers\":{\"1572e37a-4766-4cd7-9241-7bf6dd20f0d9\":{\"columns\":{\"6649c4f7-3f42-40eb-8b0e-763b91c56d8d\":{\"label\":\"Avg Clockspeed\",\"dataType\":\"number\",\"operationType\":\"average\",\"sourceField\":\"host.cpu.clockspeed\",\"isBucketed\":false,\"scale\":\"ratio\",\"params\":{\"emptyAsNull\":true,\"format\":{\"id\":\"number\",\"params\":{\"decimals\":0}}},\"customLabel\":true}},\"columnOrder\":[\"6649c4f7-3f42-40eb-8b0e-763b91c56d8d\"],\"incompleteColumns\":{}}}},\"textBased\":{\"layers\":{}}},\"internalReferences\":[],\"adHocDataViews\":{}}},\"enhancements\":{},\"hidePanelTitles\":true}},{\"version\":\"8.6.2\",\"type\":\"lens\",\"gridData\":{\"x\":12,\"y\":0,\"w\":6,\"h\":13,\"i\":\"a6b31f35-2b50-4382-91ab-d4d444435cd5\"},\"panelIndex\":\"a6b31f35-2b50-4382-91ab-d4d444435cd5\",\"embeddableConfig\":{\"attributes\":{\"title\":\"\",\"visualizationType\":\"lnsLegacyMetric\",\"type\":\"lens\",\"references\":[{\"type\":\"index-pattern\",\"id\":\"a264bf8d-abc3-4789-9f4c-bf76397e06ba\",\"name\":\"indexpattern-datasource-layer-1572e37a-4766-4cd7-9241-7bf6dd20f0d9\"}],\"state\":{\"visualization\":{\"layerId\":\"1572e37a-4766-4cd7-9241-7bf6dd20f0d9\",\"accessor\":\"6649c4f7-3f42-40eb-8b0e-763b91c56d8d\",\"layerType\":\"data\",\"titlePosition\":\"bottom\",\"textAlign\":\"center\"},\"query\":{\"query\":\"\",\"language\":\"kuery\"},\"filters\":[],\"datasourceStates\":{\"formBased\":{\"layers\":{\"1572e37a-4766-4cd7-9241-7bf6dd20f0d9\":{\"columns\":{\"6649c4f7-3f42-40eb-8b0e-763b91c56d8d\":{\"label\":\"Avg CPU Speed\",\"dataType\":\"number\",\"operationType\":\"average\",\"sourceField\":\"host.cpu.speed\",\"isBucketed\":false,\"scale\":\"ratio\",\"params\":{\"emptyAsNull\":true,\"format\":{\"id\":\"number\",\"params\":{\"decimals\":0}}},\"customLabel\":true}},\"columnOrder\":[\"6649c4f7-3f42-40eb-8b0e-763b91c56d8d\"],\"incompleteColumns\":{}}}},\"textBased\":{\"layers\":{}}},\"internalReferences\":[],\"adHocDataViews\":{}}},\"enhancements\":{},\"hidePanelTitles\":true},\"title\":\"\"},{\"version\":\"8.6.2\",\"type\":\"lens\",\"gridData\":{\"x\":18,\"y\":0,\"w\":6,\"h\":13,\"i\":\"1fd537c1-8c02-4381-8205-51082031f6e8\"},\"panelIndex\":\"1fd537c1-8c02-4381-8205-51082031f6e8\",\"embeddableConfig\":{\"attributes\":{\"title\":\"\",\"visualizationType\":\"lnsLegacyMetric\",\"type\":\"lens\",\"references\":[{\"type\":\"index-pattern\",\"id\":\"a264bf8d-abc3-4789-9f4c-bf76397e06ba\",\"name\":\"indexpattern-datasource-layer-cb07cf4d-d716-4baf-be01-16f87e981373\"},{\"type\":\"index-pattern\",\"name\":\"4e5bed99-c054-480f-97cb-e4add7cda1ec\",\"id\":\"a264bf8d-abc3-4789-9f4c-bf76397e06ba\"}],\"state\":{\"visualization\":{\"layerId\":\"cb07cf4d-d716-4baf-be01-16f87e981373\",\"accessor\":\"d5f83eee-7539-4f81-b82f-df6437e6c19b\",\"layerType\":\"data\",\"titlePosition\":\"bottom\",\"textAlign\":\"center\"},\"query\":{\"query\":\"\",\"language\":\"kuery\"},\"filters\":[{\"meta\":{\"index\":\"4e5bed99-c054-480f-97cb-e4add7cda1ec\",\"type\":\"exists\",\"key\":\"tychon.id\",\"value\":\"exists\",\"disabled\":false,\"negate\":false,\"alias\":null},\"query\":{\"exists\":{\"field\":\"tychon.id\"}},\"$state\":{\"store\":\"appState\"}}],\"datasourceStates\":{\"formBased\":{\"layers\":{\"cb07cf4d-d716-4baf-be01-16f87e981373\":{\"columns\":{\"d5f83eee-7539-4f81-b82f-df6437e6c19b\":{\"label\":\"Virtualized Firmware Enabled\",\"dataType\":\"number\",\"operationType\":\"unique_count\",\"scale\":\"ratio\",\"sourceField\":\"tychon.id\",\"isBucketed\":false,\"filter\":{\"query\":\"host.cpu.virtualization_firmware_enabled : true \",\"language\":\"kuery\"},\"params\":{\"emptyAsNull\":true},\"customLabel\":true}},\"columnOrder\":[\"d5f83eee-7539-4f81-b82f-df6437e6c19b\"],\"incompleteColumns\":{},\"sampling\":1}}},\"textBased\":{\"layers\":{}}},\"internalReferences\":[],\"adHocDataViews\":{}}},\"hidePanelTitles\":true,\"enhancements\":{}},\"title\":\"Virtualization Firmware Enabled\"},{\"version\":\"8.6.2\",\"type\":\"lens\",\"gridData\":{\"x\":24,\"y\":0,\"w\":24,\"h\":13,\"i\":\"082ec4db-99e5-4bcb-a0bf-1b574d96e0ab\"},\"panelIndex\":\"082ec4db-99e5-4bcb-a0bf-1b574d96e0ab\",\"embeddableConfig\":{\"attributes\":{\"title\":\"\",\"visualizationType\":\"lnsDatatable\",\"type\":\"lens\",\"references\":[{\"type\":\"index-pattern\",\"id\":\"a264bf8d-abc3-4789-9f4c-bf76397e06ba\",\"name\":\"indexpattern-datasource-layer-31533f5b-1ffc-42a1-8f19-d84d8bbf6fc3\"}],\"state\":{\"visualization\":{\"columns\":[{\"isTransposed\":false,\"columnId\":\"4ca765a0-4fd5-43c8-ba75-0dbad474e481\"},{\"isTransposed\":false,\"columnId\":\"42dd2ee2-bc93-420d-accf-98ce681d07e6\",\"hidden\":true,\"colorMode\":\"cell\",\"palette\":{\"type\":\"palette\",\"name\":\"positive\",\"params\":{\"stops\":[{\"color\":\"#d6e9e4\",\"stop\":20},{\"color\":\"#aed3ca\",\"stop\":40},{\"color\":\"#85bdb1\",\"stop\":60},{\"color\":\"#5aa898\",\"stop\":80},{\"color\":\"#209280\",\"stop\":100}]}},\"summaryRow\":\"avg\"},{\"columnId\":\"ca5a9861-c2f3-410a-be88-410a360f15a5\",\"isTransposed\":false,\"oneClickFilter\":true},{\"columnId\":\"10a4327d-d156-471f-9695-32836a13f2c7\",\"isTransposed\":false,\"alignment\":\"center\",\"summaryRow\":\"avg\"}],\"layerId\":\"31533f5b-1ffc-42a1-8f19-d84d8bbf6fc3\",\"layerType\":\"data\",\"sorting\":{\"columnId\":\"10a4327d-d156-471f-9695-32836a13f2c7\",\"direction\":\"asc\"}},\"query\":{\"query\":\"\",\"language\":\"kuery\"},\"filters\":[],\"datasourceStates\":{\"formBased\":{\"layers\":{\"31533f5b-1ffc-42a1-8f19-d84d8bbf6fc3\":{\"columns\":{\"4ca765a0-4fd5-43c8-ba75-0dbad474e481\":{\"label\":\"Name\",\"dataType\":\"string\",\"operationType\":\"terms\",\"scale\":\"ordinal\",\"sourceField\":\"host.cpu.name\",\"isBucketed\":true,\"params\":{\"size\":100,\"orderBy\":{\"type\":\"column\",\"columnId\":\"42dd2ee2-bc93-420d-accf-98ce681d07e6\"},\"orderDirection\":\"desc\",\"otherBucket\":true,\"missingBucket\":false,\"parentFormat\":{\"id\":\"terms\"},\"include\":[],\"exclude\":[],\"includeIsRegex\":false,\"excludeIsRegex\":false},\"customLabel\":true},\"42dd2ee2-bc93-420d-accf-98ce681d07e6\":{\"label\":\"CPU Speed\",\"dataType\":\"number\",\"operationType\":\"min\",\"sourceField\":\"host.cpu.speed\",\"isBucketed\":false,\"scale\":\"ratio\",\"params\":{\"emptyAsNull\":true},\"customLabel\":true},\"ca5a9861-c2f3-410a-be88-410a360f15a5\":{\"label\":\"Manufacturer\",\"dataType\":\"string\",\"operationType\":\"terms\",\"scale\":\"ordinal\",\"sourceField\":\"host.cpu.manufacturer\",\"isBucketed\":true,\"params\":{\"size\":3,\"orderBy\":{\"type\":\"column\",\"columnId\":\"42dd2ee2-bc93-420d-accf-98ce681d07e6\"},\"orderDirection\":\"desc\",\"otherBucket\":true,\"missingBucket\":false,\"parentFormat\":{\"id\":\"terms\"},\"include\":[],\"exclude\":[],\"includeIsRegex\":false,\"excludeIsRegex\":false},\"customLabel\":true},\"10a4327d-d156-471f-9695-32836a13f2c7\":{\"label\":\"CPU Speed\",\"dataType\":\"number\",\"operationType\":\"terms\",\"scale\":\"ordinal\",\"sourceField\":\"host.cpu.speed\",\"isBucketed\":true,\"params\":{\"size\":1,\"orderBy\":{\"type\":\"alphabetical\",\"fallback\":false},\"orderDirection\":\"desc\",\"otherBucket\":true,\"missingBucket\":false,\"parentFormat\":{\"id\":\"terms\"},\"include\":[],\"exclude\":[],\"includeIsRegex\":false,\"excludeIsRegex\":false,\"format\":{\"id\":\"number\",\"params\":{\"decimals\":0}}},\"customLabel\":true}},\"columnOrder\":[\"4ca765a0-4fd5-43c8-ba75-0dbad474e481\",\"ca5a9861-c2f3-410a-be88-410a360f15a5\",\"10a4327d-d156-471f-9695-32836a13f2c7\",\"42dd2ee2-bc93-420d-accf-98ce681d07e6\"],\"incompleteColumns\":{},\"sampling\":1}}},\"textBased\":{\"layers\":{}}},\"internalReferences\":[],\"adHocDataViews\":{}}},\"hidePanelTitles\":false,\"enhancements\":{}},\"title\":\"Top 100 Chipsets\"},{\"version\":\"8.6.2\",\"type\":\"lens\",\"gridData\":{\"x\":0,\"y\":13,\"w\":48,\"h\":21,\"i\":\"c0e77f2e-4bb6-4ee2-af50-248b3cc98549\"},\"panelIndex\":\"c0e77f2e-4bb6-4ee2-af50-248b3cc98549\",\"embeddableConfig\":{\"attributes\":{\"title\":\"\",\"visualizationType\":\"lnsDatatable\",\"type\":\"lens\",\"references\":[{\"type\":\"index-pattern\",\"id\":\"a264bf8d-abc3-4789-9f4c-bf76397e06ba\",\"name\":\"indexpattern-datasource-layer-759ddcaa-7578-426f-9a74-24c6026ed05b\"}],\"state\":{\"visualization\":{\"columns\":[{\"isTransposed\":false,\"columnId\":\"a76b7191-7ce1-41ce-8df5-868260fc46b6\"},{\"isTransposed\":false,\"columnId\":\"87934d9d-9e53-437e-a9db-b9c9cb30c95e\"},{\"isTransposed\":false,\"columnId\":\"7e900d75-20d0-43bf-8dea-bf4d594416af\"},{\"isTransposed\":false,\"columnId\":\"9a1d7d63-2ee6-4bc4-9ff5-1a35a12cbdd7\"},{\"isTransposed\":false,\"columnId\":\"724d8257-99b5-4149-9007-f97df1355eac\",\"hidden\":true},{\"isTransposed\":false,\"columnId\":\"d56fc6a7-9748-47c7-8379-a29823b578bb\"},{\"isTransposed\":false,\"columnId\":\"8cb19bc9-6ac6-42e1-a7b7-7abea80ac2b2\"},{\"isTransposed\":false,\"columnId\":\"00f91685-a38f-449d-94c3-5f2428aec1b4\"}],\"layerId\":\"759ddcaa-7578-426f-9a74-24c6026ed05b\",\"layerType\":\"data\",\"paging\":{\"size\":10,\"enabled\":true},\"rowHeight\":\"auto\",\"headerRowHeight\":\"auto\"},\"query\":{\"query\":\"\",\"language\":\"kuery\"},\"filters\":[],\"datasourceStates\":{\"formBased\":{\"layers\":{\"759ddcaa-7578-426f-9a74-24c6026ed05b\":{\"columns\":{\"a76b7191-7ce1-41ce-8df5-868260fc46b6\":{\"label\":\"Hostname\",\"dataType\":\"string\",\"operationType\":\"terms\",\"scale\":\"ordinal\",\"sourceField\":\"host.hostname\",\"isBucketed\":true,\"params\":{\"size\":10000,\"orderBy\":{\"type\":\"column\",\"columnId\":\"724d8257-99b5-4149-9007-f97df1355eac\"},\"orderDirection\":\"desc\",\"otherBucket\":true,\"missingBucket\":false,\"parentFormat\":{\"id\":\"terms\"},\"include\":[],\"exclude\":[],\"includeIsRegex\":false,\"excludeIsRegex\":false},\"customLabel\":true},\"87934d9d-9e53-437e-a9db-b9c9cb30c95e\":{\"label\":\"IP Address\",\"dataType\":\"ip\",\"operationType\":\"terms\",\"scale\":\"ordinal\",\"sourceField\":\"host.ip\",\"isBucketed\":true,\"params\":{\"size\":1,\"orderBy\":{\"type\":\"column\",\"columnId\":\"724d8257-99b5-4149-9007-f97df1355eac\"},\"orderDirection\":\"desc\",\"otherBucket\":true,\"missingBucket\":false,\"parentFormat\":{\"id\":\"terms\"},\"include\":[],\"exclude\":[],\"includeIsRegex\":false,\"excludeIsRegex\":false},\"customLabel\":true},\"7e900d75-20d0-43bf-8dea-bf4d594416af\":{\"label\":\"Architecture\",\"dataType\":\"string\",\"operationType\":\"terms\",\"scale\":\"ordinal\",\"sourceField\":\"host.architecture\",\"isBucketed\":true,\"params\":{\"size\":3,\"orderBy\":{\"type\":\"column\",\"columnId\":\"724d8257-99b5-4149-9007-f97df1355eac\"},\"orderDirection\":\"desc\",\"otherBucket\":true,\"missingBucket\":false,\"parentFormat\":{\"id\":\"terms\"},\"include\":[],\"exclude\":[],\"includeIsRegex\":false,\"excludeIsRegex\":false},\"customLabel\":true},\"9a1d7d63-2ee6-4bc4-9ff5-1a35a12cbdd7\":{\"label\":\"MAC\",\"dataType\":\"string\",\"operationType\":\"terms\",\"scale\":\"ordinal\",\"sourceField\":\"host.mac\",\"isBucketed\":true,\"params\":{\"size\":1,\"orderBy\":{\"type\":\"column\",\"columnId\":\"724d8257-99b5-4149-9007-f97df1355eac\"},\"orderDirection\":\"desc\",\"otherBucket\":true,\"missingBucket\":false,\"parentFormat\":{\"id\":\"terms\"},\"include\":[],\"exclude\":[],\"includeIsRegex\":false,\"excludeIsRegex\":false},\"customLabel\":true},\"724d8257-99b5-4149-9007-f97df1355eac\":{\"label\":\"Count of records\",\"dataType\":\"number\",\"operationType\":\"count\",\"isBucketed\":false,\"scale\":\"ratio\",\"sourceField\":\"___records___\",\"params\":{\"emptyAsNull\":true}},\"d56fc6a7-9748-47c7-8379-a29823b578bb\":{\"label\":\"# of Cores\",\"dataType\":\"number\",\"operationType\":\"sum\",\"sourceField\":\"host.cpu.number_of_cores\",\"isBucketed\":false,\"scale\":\"ratio\",\"params\":{\"emptyAsNull\":true},\"customLabel\":true},\"8cb19bc9-6ac6-42e1-a7b7-7abea80ac2b2\":{\"label\":\"Logical Processors\",\"dataType\":\"number\",\"operationType\":\"sum\",\"sourceField\":\"host.cpu.number_of_logical_processors\",\"isBucketed\":false,\"scale\":\"ratio\",\"params\":{\"emptyAsNull\":true},\"customLabel\":true},\"00f91685-a38f-449d-94c3-5f2428aec1b4\":{\"label\":\"CPU Speed\",\"dataType\":\"number\",\"operationType\":\"sum\",\"sourceField\":\"host.cpu.speed\",\"isBucketed\":false,\"scale\":\"ratio\",\"params\":{\"emptyAsNull\":true,\"format\":{\"id\":\"number\",\"params\":{\"decimals\":0}}},\"customLabel\":true}},\"columnOrder\":[\"a76b7191-7ce1-41ce-8df5-868260fc46b6\",\"87934d9d-9e53-437e-a9db-b9c9cb30c95e\",\"7e900d75-20d0-43bf-8dea-bf4d594416af\",\"9a1d7d63-2ee6-4bc4-9ff5-1a35a12cbdd7\",\"724d8257-99b5-4149-9007-f97df1355eac\",\"d56fc6a7-9748-47c7-8379-a29823b578bb\",\"8cb19bc9-6ac6-42e1-a7b7-7abea80ac2b2\",\"00f91685-a38f-449d-94c3-5f2428aec1b4\"],\"incompleteColumns\":{},\"sampling\":1}}},\"textBased\":{\"layers\":{}}},\"internalReferences\":[],\"adHocDataViews\":{}}},\"enhancements\":{\"dynamicActions\":{\"events\":[{\"eventId\":\"5c2fbf68-47f9-403f-a3a9-71b9b7c870ef\",\"triggers\":[\"FILTER_TRIGGER\"],\"action\":{\"factoryId\":\"DASHBOARD_TO_DASHBOARD_DRILLDOWN\",\"name\":\"View TYCHON Host Information\",\"config\":{\"useCurrentFilters\":true,\"useCurrentDateRange\":true,\"openInNewTab\":false}}}]}},\"hidePanelTitles\":false},\"title\":\"Host List\"},{\"version\":\"8.6.2\",\"type\":\"lens\",\"gridData\":{\"x\":0,\"y\":34,\"w\":48,\"h\":10,\"i\":\"86be9e95-687e-4826-b72c-3d2b4f574a85\"},\"panelIndex\":\"86be9e95-687e-4826-b72c-3d2b4f574a85\",\"embeddableConfig\":{\"attributes\":{\"title\":\"\",\"visualizationType\":\"lnsXY\",\"type\":\"lens\",\"references\":[{\"type\":\"index-pattern\",\"id\":\"a264bf8d-abc3-4789-9f4c-bf76397e06ba\",\"name\":\"indexpattern-datasource-layer-ca388af1-4820-4a41-b392-da6c505cfc19\"}],\"state\":{\"visualization\":{\"legend\":{\"isVisible\":true,\"position\":\"right\"},\"valueLabels\":\"hide\",\"fittingFunction\":\"None\",\"axisTitlesVisibilitySettings\":{\"x\":true,\"yLeft\":true,\"yRight\":true},\"tickLabelsVisibilitySettings\":{\"x\":true,\"yLeft\":true,\"yRight\":true},\"labelsOrientation\":{\"x\":0,\"yLeft\":0,\"yRight\":0},\"gridlinesVisibilitySettings\":{\"x\":true,\"yLeft\":true,\"yRight\":true},\"preferredSeriesType\":\"line\",\"layers\":[{\"layerId\":\"ca388af1-4820-4a41-b392-da6c505cfc19\",\"accessors\":[\"4801ad21-f333-4454-968c-49415af0dc0b\"],\"position\":\"top\",\"seriesType\":\"line\",\"showGridlines\":false,\"layerType\":\"data\",\"xAccessor\":\"37228917-276b-4623-b15e-f3426e2f4a0b\",\"yConfig\":[{\"forAccessor\":\"4801ad21-f333-4454-968c-49415af0dc0b\",\"color\":\"#6092c0\"}]}]},\"query\":{\"query\":\"\",\"language\":\"kuery\"},\"filters\":[],\"datasourceStates\":{\"formBased\":{\"layers\":{\"ca388af1-4820-4a41-b392-da6c505cfc19\":{\"columns\":{\"37228917-276b-4623-b15e-f3426e2f4a0b\":{\"label\":\"Report Events\",\"dataType\":\"date\",\"operationType\":\"date_histogram\",\"sourceField\":\"event.ingested\",\"isBucketed\":true,\"scale\":\"interval\",\"params\":{\"interval\":\"auto\",\"includeEmptyRows\":true,\"dropPartials\":false},\"customLabel\":true},\"4801ad21-f333-4454-968c-49415af0dc0bX0\":{\"label\":\"Part of Reporting Hosts\",\"dataType\":\"number\",\"operationType\":\"count\",\"isBucketed\":false,\"scale\":\"ratio\",\"sourceField\":\"___records___\",\"params\":{\"emptyAsNull\":false},\"customLabel\":true},\"4801ad21-f333-4454-968c-49415af0dc0b\":{\"label\":\"Reporting Hosts\",\"dataType\":\"number\",\"operationType\":\"formula\",\"isBucketed\":false,\"scale\":\"ratio\",\"params\":{\"formula\":\"count()\",\"isFormulaBroken\":false},\"references\":[\"4801ad21-f333-4454-968c-49415af0dc0bX0\"],\"customLabel\":true}},\"columnOrder\":[\"37228917-276b-4623-b15e-f3426e2f4a0b\",\"4801ad21-f333-4454-968c-49415af0dc0b\",\"4801ad21-f333-4454-968c-49415af0dc0bX0\"],\"incompleteColumns\":{},\"sampling\":1}}},\"textBased\":{\"layers\":{}}},\"internalReferences\":[],\"adHocDataViews\":{}}},\"enhancements\":{},\"hidePanelTitles\":false},\"title\":\"Events Reported over Time\"}]",
        "refreshInterval": {
            "pause": true,
            "value": 0
        },
        "timeFrom": "now-30d/d",
        "timeRestore": true,
        "timeTo": "now",
        "title": "[TYCHON] Host CPUs",
        "version": 1
    },
    "coreMigrationVersion": "8.6.2",
    "created_at": "2023-08-23T20:53:52.146Z",
    "id": "tychon-8c858ea0-3c74-11ee-8557-a7ea91123f8b-cpu",
    "migrationVersion": {
        "dashboard": "8.6.0"
    },
    "references": [
        {
            "id": "a264bf8d-abc3-4789-9f4c-bf76397e06ba",
            "name": "d484eecf-9300-4edc-86ad-1d364f2cd912:indexpattern-datasource-layer-1c2d45ad-d83f-47e4-9ae4-c10df0f06b45",
            "type": "index-pattern"
        },
        {
            "id": "a264bf8d-abc3-4789-9f4c-bf76397e06ba",
            "name": "c546b60e-cb07-4096-a664-ddc9c3cfdf34:indexpattern-datasource-layer-1572e37a-4766-4cd7-9241-7bf6dd20f0d9",
            "type": "index-pattern"
        },
        {
            "id": "a264bf8d-abc3-4789-9f4c-bf76397e06ba",
            "name": "a6b31f35-2b50-4382-91ab-d4d444435cd5:indexpattern-datasource-layer-1572e37a-4766-4cd7-9241-7bf6dd20f0d9",
            "type": "index-pattern"
        },
        {
            "id": "a264bf8d-abc3-4789-9f4c-bf76397e06ba",
            "name": "1fd537c1-8c02-4381-8205-51082031f6e8:indexpattern-datasource-layer-cb07cf4d-d716-4baf-be01-16f87e981373",
            "type": "index-pattern"
        },
        {
            "id": "a264bf8d-abc3-4789-9f4c-bf76397e06ba",
            "name": "1fd537c1-8c02-4381-8205-51082031f6e8:4e5bed99-c054-480f-97cb-e4add7cda1ec",
            "type": "index-pattern"
        },
        {
            "id": "a264bf8d-abc3-4789-9f4c-bf76397e06ba",
            "name": "082ec4db-99e5-4bcb-a0bf-1b574d96e0ab:indexpattern-datasource-layer-31533f5b-1ffc-42a1-8f19-d84d8bbf6fc3",
            "type": "index-pattern"
        },
        {
            "id": "a264bf8d-abc3-4789-9f4c-bf76397e06ba",
            "name": "c0e77f2e-4bb6-4ee2-af50-248b3cc98549:indexpattern-datasource-layer-759ddcaa-7578-426f-9a74-24c6026ed05b",
            "type": "index-pattern"
        },
        {
            "id": "tychon-6165bf50-3dbf-11ee-9610-15dee918f31a-host",
            "name": "c0e77f2e-4bb6-4ee2-af50-248b3cc98549:drilldown:DASHBOARD_TO_DASHBOARD_DRILLDOWN:5c2fbf68-47f9-403f-a3a9-71b9b7c870ef:dashboardId",
            "type": "dashboard"
        },
        {
            "id": "a264bf8d-abc3-4789-9f4c-bf76397e06ba",
            "name": "86be9e95-687e-4826-b72c-3d2b4f574a85:indexpattern-datasource-layer-ca388af1-4820-4a41-b392-da6c505cfc19",
            "type": "index-pattern"
        },
        {
            "id": "a264bf8d-abc3-4789-9f4c-bf76397e06ba",
            "name": "controlGroup_37c0c6aa-5a66-4423-8f05-c055e3679ed7:optionsListDataView",
            "type": "index-pattern"
        },
        {
            "id": "b08ff050-41c5-11ee-83e4-c92ed141b9e5",
            "name": "tag-ref-b08ff050-41c5-11ee-83e4-c92ed141b9e5",
            "type": "tag"
        },
        {
            "id": "e18d6100-3c85-11ee-9610-15dee918f31a",
            "name": "tag-ref-e18d6100-3c85-11ee-9610-15dee918f31a",
            "type": "tag"
        },
        {
            "id": "10af3800-10f3-11ee-af86-538da1394f27",
            "name": "tag-ref-10af3800-10f3-11ee-af86-538da1394f27",
            "type": "tag"
        },
        {
            "id": "5a3ae0c0-3dbf-11ee-9610-15dee918f31a",
            "name": "tag-ref-5a3ae0c0-3dbf-11ee-9610-15dee918f31a",
            "type": "tag"
        }
    ],
    "type": "dashboard",
    "updated_at": "2023-08-23T20:53:52.146Z",
    "version": "WzgyMTY0NiwyMl0="
}