{
    "attributes": {
        "description": "TYCHON scans vulnerabilities on every endpoint, it has thousands of checks and leverages the OVAL standard to determine if a CVE applies to an endpoint. TYCHON updates scan results for failed vulnerabilities every hour and performs full vulnerability checks at every reboot of a computer. The results and findings are displayed in this dashboard.",
        "kibanaSavedObjectMeta": {
            "searchSourceJSON": "{\"query\":{\"query\":\"\",\"language\":\"kuery\"},\"filter\":[]}"
        },
        "optionsJSON": "{\"useMargins\":true,\"syncColors\":false,\"syncCursor\":true,\"syncTooltips\":false,\"hidePanelTitles\":false}",
        "panelsJSON": "[{\"version\":\"8.8.2\",\"type\":\"lens\",\"gridData\":{\"x\":0,\"y\":0,\"w\":4,\"h\":5,\"i\":\"c727c528-622b-4fb7-857e-e3bcfe0751fd\"},\"panelIndex\":\"c727c528-622b-4fb7-857e-e3bcfe0751fd\",\"embeddableConfig\":{\"attributes\":{\"title\":\"\",\"description\":\"\",\"visualizationType\":\"lnsLegacyMetric\",\"type\":\"lens\",\"references\":[{\"type\":\"index-pattern\",\"id\":\"78931842-dc88-45d7-a6ee-d79fb9f615bd\",\"name\":\"indexpattern-datasource-layer-0682870a-1465-4a9d-be3e-c4863b7582ea\"}],\"state\":{\"visualization\":{\"layerId\":\"0682870a-1465-4a9d-be3e-c4863b7582ea\",\"accessor\":\"e7d4cc9e-5f43-472d-959d-e0ba1333952b\",\"layerType\":\"data\",\"size\":\"xl\",\"textAlign\":\"center\",\"titlePosition\":\"bottom\"},\"query\":{\"query\":\"\",\"language\":\"kuery\"},\"filters\":[],\"datasourceStates\":{\"formBased\":{\"layers\":{\"0682870a-1465-4a9d-be3e-c4863b7582ea\":{\"columns\":{\"e7d4cc9e-5f43-472d-959d-e0ba1333952b\":{\"label\":\"Total Vulnerability Count\",\"dataType\":\"number\",\"operationType\":\"unique_count\",\"scale\":\"ratio\",\"sourceField\":\"vulnerability.id\",\"isBucketed\":false,\"params\":{\"emptyAsNull\":false},\"customLabel\":true}},\"columnOrder\":[\"e7d4cc9e-5f43-472d-959d-e0ba1333952b\"],\"sampling\":1,\"incompleteColumns\":{}}}},\"textBased\":{\"layers\":{}}},\"internalReferences\":[],\"adHocDataViews\":{}}},\"hidePanelTitles\":true,\"enhancements\":{}}},{\"version\":\"8.8.2\",\"type\":\"lens\",\"gridData\":{\"x\":4,\"y\":0,\"w\":4,\"h\":5,\"i\":\"cab4478f-def6-426a-9c1d-b960cb9e03e9\"},\"panelIndex\":\"cab4478f-def6-426a-9c1d-b960cb9e03e9\",\"embeddableConfig\":{\"attributes\":{\"title\":\"\",\"description\":\"\",\"visualizationType\":\"lnsLegacyMetric\",\"type\":\"lens\",\"references\":[{\"type\":\"index-pattern\",\"id\":\"78931842-dc88-45d7-a6ee-d79fb9f615bd\",\"name\":\"indexpattern-datasource-layer-0682870a-1465-4a9d-be3e-c4863b7582ea\"}],\"state\":{\"visualization\":{\"layerId\":\"0682870a-1465-4a9d-be3e-c4863b7582ea\",\"accessor\":\"e7d4cc9e-5f43-472d-959d-e0ba1333952b\",\"layerType\":\"data\",\"size\":\"xl\",\"textAlign\":\"center\",\"titlePosition\":\"bottom\"},\"query\":{\"query\":\"\",\"language\":\"kuery\"},\"filters\":[],\"datasourceStates\":{\"formBased\":{\"layers\":{\"0682870a-1465-4a9d-be3e-c4863b7582ea\":{\"columns\":{\"e7d4cc9e-5f43-472d-959d-e0ba1333952b\":{\"label\":\"Total Asset Count\",\"dataType\":\"number\",\"operationType\":\"unique_count\",\"scale\":\"ratio\",\"sourceField\":\"tychon.id\",\"isBucketed\":false,\"params\":{\"emptyAsNull\":false},\"customLabel\":true}},\"columnOrder\":[\"e7d4cc9e-5f43-472d-959d-e0ba1333952b\"],\"sampling\":1,\"incompleteColumns\":{}}}},\"textBased\":{\"layers\":{}}},\"internalReferences\":[],\"adHocDataViews\":{}}},\"hidePanelTitles\":true,\"enhancements\":{}},\"title\":\"\"},{\"version\":\"8.8.2\",\"type\":\"lens\",\"gridData\":{\"x\":8,\"y\":0,\"w\":8,\"h\":13,\"i\":\"c34200e8-bd83-4a77-9b2f-dc4c87bc1ad9\"},\"panelIndex\":\"c34200e8-bd83-4a77-9b2f-dc4c87bc1ad9\",\"embeddableConfig\":{\"attributes\":{\"title\":\"\",\"description\":\"\",\"visualizationType\":\"lnsDatatable\",\"type\":\"lens\",\"references\":[{\"type\":\"index-pattern\",\"id\":\"5be62502-2bab-4d66-97ff-d9373963c50d\",\"name\":\"indexpattern-datasource-layer-017cbeff-136b-4bcd-a68f-1d9bb899aa4b\"}],\"state\":{\"visualization\":{\"columns\":[{\"columnId\":\"949c9440-9dd3-49e4-8476-8ff7d5b0e4b7\",\"isTransposed\":false,\"oneClickFilter\":true},{\"columnId\":\"e1ab1f7d-bcb4-4c68-b383-8662ed9a3adf\",\"isTransposed\":false}],\"layerId\":\"017cbeff-136b-4bcd-a68f-1d9bb899aa4b\",\"layerType\":\"data\"},\"query\":{\"query\":\"vulnerability.result : \\\"fail\\\"  and vulnerability.due_date \u003e \\\"1970-01-01\\\" and vulnerability.due_date \u003c now\",\"language\":\"kuery\"},\"filters\":[],\"datasourceStates\":{\"formBased\":{\"layers\":{\"017cbeff-136b-4bcd-a68f-1d9bb899aa4b\":{\"columns\":{\"949c9440-9dd3-49e4-8476-8ff7d5b0e4b7\":{\"label\":\"CVE ID\",\"dataType\":\"string\",\"operationType\":\"terms\",\"scale\":\"ordinal\",\"sourceField\":\"vulnerability.id\",\"isBucketed\":true,\"params\":{\"size\":50,\"orderBy\":{\"type\":\"column\",\"columnId\":\"e1ab1f7d-bcb4-4c68-b383-8662ed9a3adf\"},\"orderDirection\":\"desc\",\"otherBucket\":true,\"missingBucket\":true,\"parentFormat\":{\"id\":\"terms\"},\"include\":[],\"exclude\":[],\"includeIsRegex\":false,\"excludeIsRegex\":false},\"customLabel\":true},\"e1ab1f7d-bcb4-4c68-b383-8662ed9a3adf\":{\"label\":\"Due Date\",\"dataType\":\"date\",\"operationType\":\"last_value\",\"isBucketed\":false,\"scale\":\"ratio\",\"sourceField\":\"vulnerability.due_date\",\"filter\":{\"query\":\"vulnerability.due_date: *\",\"language\":\"kuery\"},\"params\":{\"sortField\":\"vulnerability.due_date\"},\"customLabel\":true}},\"columnOrder\":[\"949c9440-9dd3-49e4-8476-8ff7d5b0e4b7\",\"e1ab1f7d-bcb4-4c68-b383-8662ed9a3adf\"],\"sampling\":1,\"incompleteColumns\":{}}}},\"textBased\":{\"layers\":{}}},\"internalReferences\":[],\"adHocDataViews\":{}}},\"hidePanelTitles\":false,\"description\":\"TYCHON gives a \\\"due date\\\" for vulnerabilities when they meet certain criteria.  It uses CISA reported date, then 18 days from an IAVA release, or 30 days from the release of a critical severity CVE.\",\"enhancements\":{}},\"title\":\"Vulnerabilities Failing Past Due\"},{\"version\":\"8.8.2\",\"type\":\"lens\",\"gridData\":{\"x\":16,\"y\":0,\"w\":16,\"h\":13,\"i\":\"d4f17392-b10b-4343-82ea-a7e374333327\"},\"panelIndex\":\"d4f17392-b10b-4343-82ea-a7e374333327\",\"embeddableConfig\":{\"attributes\":{\"title\":\"\",\"description\":\"\",\"visualizationType\":\"lnsDatatable\",\"type\":\"lens\",\"references\":[{\"type\":\"index-pattern\",\"id\":\"78931842-dc88-45d7-a6ee-d79fb9f615bd\",\"name\":\"indexpattern-datasource-layer-2aca319d-8aef-4230-afa2-3fc928a03f8d\"},{\"type\":\"index-pattern\",\"name\":\"4e2f597d-d225-4927-8a8f-a9c968bd4a21\",\"id\":\"78931842-dc88-45d7-a6ee-d79fb9f615bd\"}],\"state\":{\"visualization\":{\"columns\":[{\"columnId\":\"4be56e8d-3d14-4175-80c8-222f40fd9659\",\"isTransposed\":false,\"oneClickFilter\":true},{\"columnId\":\"98af4dc8-b5fd-49fe-979f-fdcd1b012600\",\"isTransposed\":false,\"colorMode\":\"cell\",\"palette\":{\"type\":\"palette\",\"name\":\"temperature\",\"params\":{\"stops\":[{\"color\":\"#6092c0\",\"stop\":0},{\"color\":\"#a8bfda\",\"stop\":20},{\"color\":\"#ebeff5\",\"stop\":40},{\"color\":\"#ecb385\",\"stop\":60},{\"color\":\"#e7664c\",\"stop\":80}],\"name\":\"temperature\",\"continuity\":\"above\",\"reverse\":false,\"rangeMin\":0,\"rangeMax\":null}},\"alignment\":\"center\",\"summaryRow\":\"sum\"},{\"columnId\":\"2c114e7a-fd2b-4a07-a4c1-9438782e8f5b\",\"isTransposed\":false,\"alignment\":\"center\",\"colorMode\":\"cell\",\"palette\":{\"type\":\"palette\",\"name\":\"positive\",\"params\":{\"stops\":[{\"color\":\"#d6e9e4\",\"stop\":20},{\"color\":\"#aed3ca\",\"stop\":40},{\"color\":\"#85bdb1\",\"stop\":60},{\"color\":\"#5aa898\",\"stop\":80},{\"color\":\"#209280\",\"stop\":100}]}},\"summaryRow\":\"sum\"},{\"columnId\":\"f55eae82-d6a8-4314-9eac-c4e5f68a521e\",\"isTransposed\":false,\"alignment\":\"center\",\"colorMode\":\"cell\",\"palette\":{\"type\":\"palette\",\"name\":\"temperature\",\"params\":{\"stops\":[{\"color\":\"#6092c0\",\"stop\":0},{\"color\":\"#a8bfda\",\"stop\":20},{\"color\":\"#ebeff5\",\"stop\":40},{\"color\":\"#ecb385\",\"stop\":60},{\"color\":\"#e7664c\",\"stop\":80}],\"name\":\"temperature\",\"continuity\":\"above\",\"reverse\":false,\"rangeMin\":0,\"rangeMax\":null}},\"summaryRow\":\"sum\"},{\"columnId\":\"2bf89fa2-fa5e-49d4-ae94-69caf1677afd\",\"isTransposed\":false}],\"layerId\":\"2aca319d-8aef-4230-afa2-3fc928a03f8d\",\"layerType\":\"data\"},\"query\":{\"query\":\"\",\"language\":\"kuery\"},\"filters\":[{\"meta\":{\"disabled\":false,\"negate\":true,\"alias\":null,\"index\":\"4e2f597d-d225-4927-8a8f-a9c968bd4a21\",\"key\":\"vulnerability.severity\",\"field\":\"vulnerability.severity\",\"params\":{\"query\":\"\"},\"type\":\"phrase\"},\"query\":{\"match_phrase\":{\"vulnerability.severity\":\"\"}},\"$state\":{\"store\":\"appState\"}}],\"datasourceStates\":{\"formBased\":{\"layers\":{\"2aca319d-8aef-4230-afa2-3fc928a03f8d\":{\"columns\":{\"4be56e8d-3d14-4175-80c8-222f40fd9659\":{\"label\":\"NVD Severity\",\"dataType\":\"string\",\"operationType\":\"terms\",\"scale\":\"ordinal\",\"sourceField\":\"vulnerability.severity\",\"isBucketed\":true,\"params\":{\"size\":5,\"orderBy\":{\"type\":\"alphabetical\",\"fallback\":false},\"orderDirection\":\"asc\",\"otherBucket\":false,\"missingBucket\":false,\"parentFormat\":{\"id\":\"terms\"},\"include\":[],\"exclude\":[],\"includeIsRegex\":false,\"excludeIsRegex\":false},\"customLabel\":true},\"98af4dc8-b5fd-49fe-979f-fdcd1b012600\":{\"label\":\"Total Failures\",\"dataType\":\"number\",\"operationType\":\"unique_count\",\"scale\":\"ratio\",\"sourceField\":\"vulnerability.id\",\"isBucketed\":false,\"filter\":{\"query\":\"vulnerability.result : \\\"fail\\\" \",\"language\":\"kuery\"},\"params\":{\"emptyAsNull\":false},\"customLabel\":true},\"2c114e7a-fd2b-4a07-a4c1-9438782e8f5b\":{\"label\":\"Total Passed\",\"dataType\":\"number\",\"operationType\":\"unique_count\",\"scale\":\"ratio\",\"sourceField\":\"vulnerability.id\",\"isBucketed\":false,\"filter\":{\"query\":\"vulnerability.result : \\\"pass\\\" \",\"language\":\"kuery\"},\"params\":{\"emptyAsNull\":true},\"customLabel\":true},\"f55eae82-d6a8-4314-9eac-c4e5f68a521e\":{\"label\":\"Total Score\",\"dataType\":\"number\",\"operationType\":\"sum\",\"sourceField\":\"vulnerability.score.base\",\"isBucketed\":false,\"scale\":\"ratio\",\"filter\":{\"query\":\"vulnerability.result : \\\"fail\\\" \",\"language\":\"kuery\"},\"params\":{\"emptyAsNull\":false},\"customLabel\":true},\"2bf89fa2-fa5e-49d4-ae94-69caf1677afd\":{\"label\":\"Total Possible Score\",\"dataType\":\"number\",\"operationType\":\"sum\",\"sourceField\":\"vulnerability.score.base\",\"isBucketed\":false,\"scale\":\"ratio\",\"params\":{\"emptyAsNull\":false},\"customLabel\":true}},\"columnOrder\":[\"4be56e8d-3d14-4175-80c8-222f40fd9659\",\"98af4dc8-b5fd-49fe-979f-fdcd1b012600\",\"2c114e7a-fd2b-4a07-a4c1-9438782e8f5b\",\"f55eae82-d6a8-4314-9eac-c4e5f68a521e\",\"2bf89fa2-fa5e-49d4-ae94-69caf1677afd\"],\"sampling\":1,\"incompleteColumns\":{}}}},\"textBased\":{\"layers\":{}}},\"internalReferences\":[],\"adHocDataViews\":{}}},\"hidePanelTitles\":false,\"description\":\"TYCHON uses NVD version 2 and 3 scores to evaluate risk scores for CVE vulnerabilities. \",\"enhancements\":{}},\"title\":\"NVD Severity Breakdown\"},{\"version\":\"8.8.2\",\"type\":\"lens\",\"gridData\":{\"x\":32,\"y\":0,\"w\":8,\"h\":9,\"i\":\"5cb629a9-cd1d-4c34-80d0-bd4f89f8c7a3\"},\"panelIndex\":\"5cb629a9-cd1d-4c34-80d0-bd4f89f8c7a3\",\"embeddableConfig\":{\"attributes\":{\"title\":\"\",\"description\":\"\",\"visualizationType\":\"lnsDatatable\",\"type\":\"lens\",\"references\":[{\"type\":\"index-pattern\",\"id\":\"78931842-dc88-45d7-a6ee-d79fb9f615bd\",\"name\":\"indexpattern-datasource-layer-2aca319d-8aef-4230-afa2-3fc928a03f8d\"},{\"type\":\"index-pattern\",\"name\":\"f9b1376a-2b15-459b-83e8-808684076ee2\",\"id\":\"78931842-dc88-45d7-a6ee-d79fb9f615bd\"}],\"state\":{\"visualization\":{\"columns\":[{\"columnId\":\"4be56e8d-3d14-4175-80c8-222f40fd9659\",\"isTransposed\":false,\"oneClickFilter\":true},{\"columnId\":\"98af4dc8-b5fd-49fe-979f-fdcd1b012600\",\"isTransposed\":false,\"colorMode\":\"cell\",\"palette\":{\"type\":\"palette\",\"name\":\"temperature\",\"params\":{\"stops\":[{\"color\":\"#6092c0\",\"stop\":0},{\"color\":\"#a8bfda\",\"stop\":20},{\"color\":\"#ebeff5\",\"stop\":40},{\"color\":\"#ecb385\",\"stop\":60},{\"color\":\"#e7664c\",\"stop\":80}],\"name\":\"temperature\",\"continuity\":\"above\",\"reverse\":false,\"rangeMin\":0,\"rangeMax\":null}},\"alignment\":\"center\",\"summaryRow\":\"sum\"},{\"columnId\":\"2c114e7a-fd2b-4a07-a4c1-9438782e8f5b\",\"isTransposed\":false,\"alignment\":\"center\",\"colorMode\":\"cell\",\"palette\":{\"type\":\"palette\",\"name\":\"positive\",\"params\":{\"stops\":[{\"color\":\"#d6e9e4\",\"stop\":20},{\"color\":\"#aed3ca\",\"stop\":40},{\"color\":\"#85bdb1\",\"stop\":60},{\"color\":\"#5aa898\",\"stop\":80},{\"color\":\"#209280\",\"stop\":100}]}},\"summaryRow\":\"sum\"}],\"layerId\":\"2aca319d-8aef-4230-afa2-3fc928a03f8d\",\"layerType\":\"data\"},\"query\":{\"query\":\"\",\"language\":\"kuery\"},\"filters\":[{\"meta\":{\"disabled\":false,\"negate\":true,\"alias\":null,\"index\":\"f9b1376a-2b15-459b-83e8-808684076ee2\",\"key\":\"vulnerability.iava_severity\",\"field\":\"vulnerability.iava_severity\",\"params\":{\"query\":\"\"},\"type\":\"phrase\"},\"query\":{\"match_phrase\":{\"vulnerability.iava_severity\":\"\"}},\"$state\":{\"store\":\"appState\"}}],\"datasourceStates\":{\"formBased\":{\"layers\":{\"2aca319d-8aef-4230-afa2-3fc928a03f8d\":{\"columns\":{\"4be56e8d-3d14-4175-80c8-222f40fd9659\":{\"label\":\"NVD Severity\",\"dataType\":\"string\",\"operationType\":\"terms\",\"scale\":\"ordinal\",\"sourceField\":\"vulnerability.iava_severity\",\"isBucketed\":true,\"params\":{\"size\":5,\"orderBy\":{\"type\":\"alphabetical\",\"fallback\":false},\"orderDirection\":\"asc\",\"otherBucket\":false,\"missingBucket\":false,\"parentFormat\":{\"id\":\"terms\"},\"include\":[],\"exclude\":[],\"includeIsRegex\":false,\"excludeIsRegex\":false,\"secondaryFields\":[]},\"customLabel\":true},\"98af4dc8-b5fd-49fe-979f-fdcd1b012600\":{\"label\":\"Total Failures\",\"dataType\":\"number\",\"operationType\":\"unique_count\",\"scale\":\"ratio\",\"sourceField\":\"vulnerability.id\",\"isBucketed\":false,\"filter\":{\"query\":\"vulnerability.result : \\\"fail\\\" \",\"language\":\"kuery\"},\"params\":{\"emptyAsNull\":false},\"customLabel\":true},\"2c114e7a-fd2b-4a07-a4c1-9438782e8f5b\":{\"label\":\"Total Passed\",\"dataType\":\"number\",\"operationType\":\"unique_count\",\"scale\":\"ratio\",\"sourceField\":\"vulnerability.id\",\"isBucketed\":false,\"filter\":{\"query\":\"vulnerability.result : \\\"pass\\\" \",\"language\":\"kuery\"},\"params\":{\"emptyAsNull\":true},\"customLabel\":true}},\"columnOrder\":[\"4be56e8d-3d14-4175-80c8-222f40fd9659\",\"98af4dc8-b5fd-49fe-979f-fdcd1b012600\",\"2c114e7a-fd2b-4a07-a4c1-9438782e8f5b\"],\"sampling\":1,\"incompleteColumns\":{}}}},\"textBased\":{\"layers\":{}}},\"internalReferences\":[],\"adHocDataViews\":{}}},\"hidePanelTitles\":false,\"description\":\"TYCHON aligns its vulnerabilities to DISA IAVA to help associate the risk with failing checks.\",\"enhancements\":{}},\"title\":\"IAVA Severity Breakdown \"},{\"version\":\"8.8.2\",\"type\":\"lens\",\"gridData\":{\"x\":40,\"y\":0,\"w\":8,\"h\":32,\"i\":\"9d7c1a54-bcc4-4ee3-9fb0-bcc83768d8bb\"},\"panelIndex\":\"9d7c1a54-bcc4-4ee3-9fb0-bcc83768d8bb\",\"embeddableConfig\":{\"attributes\":{\"title\":\"\",\"description\":\"\",\"visualizationType\":\"lnsDatatable\",\"type\":\"lens\",\"references\":[{\"type\":\"index-pattern\",\"id\":\"78931842-dc88-45d7-a6ee-d79fb9f615bd\",\"name\":\"indexpattern-datasource-layer-10dc586e-9120-457f-bd25-337e235c0ede\"}],\"state\":{\"visualization\":{\"columns\":[{\"columnId\":\"0bddfe81-b0e4-4eca-9e82-6f5072578ee7\",\"isTransposed\":false,\"oneClickFilter\":true,\"alignment\":\"center\"},{\"columnId\":\"b5204440-d65a-4c58-a048-242c2bc8c9da\",\"isTransposed\":false,\"alignment\":\"center\"},{\"columnId\":\"ff6c9cbe-26b9-4185-b86d-e41dbc60c1c6\",\"isTransposed\":false,\"alignment\":\"center\",\"colorMode\":\"cell\",\"palette\":{\"type\":\"palette\",\"name\":\"negative\",\"params\":{\"stops\":[{\"color\":\"#fbddd6\",\"stop\":0},{\"color\":\"#f3bbaf\",\"stop\":20},{\"color\":\"#e99a89\",\"stop\":40},{\"color\":\"#db7965\",\"stop\":60},{\"color\":\"#cc5642\",\"stop\":80}],\"name\":\"negative\",\"continuity\":\"above\",\"reverse\":false,\"rangeMin\":0,\"rangeMax\":null}}}],\"layerId\":\"10dc586e-9120-457f-bd25-337e235c0ede\",\"layerType\":\"data\"},\"query\":{\"query\":\"\",\"language\":\"kuery\"},\"filters\":[],\"datasourceStates\":{\"formBased\":{\"layers\":{\"10dc586e-9120-457f-bd25-337e235c0ede\":{\"columns\":{\"0bddfe81-b0e4-4eca-9e82-6f5072578ee7\":{\"label\":\"Year\",\"dataType\":\"number\",\"operationType\":\"terms\",\"scale\":\"ordinal\",\"sourceField\":\"vulnerability.year\",\"isBucketed\":true,\"params\":{\"size\":30,\"orderBy\":{\"type\":\"column\",\"columnId\":\"b5204440-d65a-4c58-a048-242c2bc8c9da\"},\"orderDirection\":\"desc\",\"otherBucket\":true,\"missingBucket\":false,\"parentFormat\":{\"id\":\"terms\"},\"include\":[],\"exclude\":[],\"includeIsRegex\":false,\"excludeIsRegex\":false},\"customLabel\":true},\"b5204440-d65a-4c58-a048-242c2bc8c9da\":{\"label\":\"Total Count\",\"dataType\":\"number\",\"operationType\":\"count\",\"isBucketed\":false,\"scale\":\"ratio\",\"sourceField\":\"___records___\",\"params\":{\"emptyAsNull\":true},\"customLabel\":true},\"ff6c9cbe-26b9-4185-b86d-e41dbc60c1c6\":{\"label\":\"Failing Counts\",\"dataType\":\"number\",\"operationType\":\"count\",\"isBucketed\":false,\"scale\":\"ratio\",\"sourceField\":\"vulnerability.id\",\"filter\":{\"query\":\"vulnerability.result : \\\"fail\\\" \",\"language\":\"kuery\"},\"params\":{\"emptyAsNull\":true},\"customLabel\":true}},\"columnOrder\":[\"0bddfe81-b0e4-4eca-9e82-6f5072578ee7\",\"b5204440-d65a-4c58-a048-242c2bc8c9da\",\"ff6c9cbe-26b9-4185-b86d-e41dbc60c1c6\"],\"sampling\":1,\"incompleteColumns\":{}}}},\"textBased\":{\"layers\":{}}},\"internalReferences\":[],\"adHocDataViews\":{}}},\"hidePanelTitles\":false,\"enhancements\":{}},\"title\":\"Counts By Year\"},{\"version\":\"8.8.2\",\"type\":\"lens\",\"gridData\":{\"x\":0,\"y\":5,\"w\":4,\"h\":4,\"i\":\"43687602-22dc-4c1c-8eaa-b73bf8684e2b\"},\"panelIndex\":\"43687602-22dc-4c1c-8eaa-b73bf8684e2b\",\"embeddableConfig\":{\"attributes\":{\"title\":\"\",\"description\":\"\",\"visualizationType\":\"lnsMetric\",\"type\":\"lens\",\"references\":[{\"type\":\"index-pattern\",\"id\":\"78931842-dc88-45d7-a6ee-d79fb9f615bd\",\"name\":\"indexpattern-datasource-layer-f8c69b31-1e26-48da-bfce-173a232da856\"}],\"state\":{\"visualization\":{\"layerId\":\"f8c69b31-1e26-48da-bfce-173a232da856\",\"layerType\":\"data\",\"metricAccessor\":\"70df2efb-db8e-43ab-bd8e-35efab122186\",\"maxAccessor\":\"64227f18-dfeb-4263-acbd-a4bc6e800520\",\"showBar\":true,\"color\":\"#E7664C\",\"progressDirection\":\"horizontal\"},\"query\":{\"query\":\"\",\"language\":\"kuery\"},\"filters\":[],\"datasourceStates\":{\"formBased\":{\"layers\":{\"f8c69b31-1e26-48da-bfce-173a232da856\":{\"columns\":{\"70df2efb-db8e-43ab-bd8e-35efab122186\":{\"label\":\"Total Fails\",\"dataType\":\"number\",\"operationType\":\"count\",\"isBucketed\":false,\"scale\":\"ratio\",\"sourceField\":\"___records___\",\"filter\":{\"query\":\"vulnerability.result : \\\"fail\\\" \",\"language\":\"kuery\"},\"params\":{\"emptyAsNull\":true},\"customLabel\":true},\"64227f18-dfeb-4263-acbd-a4bc6e800520\":{\"label\":\"Total Count\",\"dataType\":\"number\",\"operationType\":\"count\",\"isBucketed\":false,\"scale\":\"ratio\",\"sourceField\":\"___records___\",\"params\":{\"emptyAsNull\":true},\"customLabel\":true}},\"columnOrder\":[\"70df2efb-db8e-43ab-bd8e-35efab122186\",\"64227f18-dfeb-4263-acbd-a4bc6e800520\"],\"sampling\":1,\"incompleteColumns\":{}}}},\"textBased\":{\"layers\":{}}},\"internalReferences\":[],\"adHocDataViews\":{}}},\"hidePanelTitles\":true,\"enhancements\":{}}},{\"version\":\"8.8.2\",\"type\":\"lens\",\"gridData\":{\"x\":4,\"y\":5,\"w\":4,\"h\":4,\"i\":\"8e5d38ea-9796-49e2-bbb7-02db91569c4b\"},\"panelIndex\":\"8e5d38ea-9796-49e2-bbb7-02db91569c4b\",\"embeddableConfig\":{\"attributes\":{\"title\":\"\",\"description\":\"\",\"visualizationType\":\"lnsMetric\",\"type\":\"lens\",\"references\":[{\"type\":\"index-pattern\",\"id\":\"78931842-dc88-45d7-a6ee-d79fb9f615bd\",\"name\":\"indexpattern-datasource-layer-f8c69b31-1e26-48da-bfce-173a232da856\"}],\"state\":{\"visualization\":{\"layerId\":\"f8c69b31-1e26-48da-bfce-173a232da856\",\"layerType\":\"data\",\"metricAccessor\":\"70df2efb-db8e-43ab-bd8e-35efab122186\",\"maxAccessor\":\"64227f18-dfeb-4263-acbd-a4bc6e800520\",\"showBar\":true,\"color\":\"#E7664C\",\"progressDirection\":\"horizontal\"},\"query\":{\"query\":\"\",\"language\":\"kuery\"},\"filters\":[],\"datasourceStates\":{\"formBased\":{\"layers\":{\"f8c69b31-1e26-48da-bfce-173a232da856\":{\"columns\":{\"70df2efb-db8e-43ab-bd8e-35efab122186\":{\"label\":\"Hosts Failing\",\"dataType\":\"number\",\"operationType\":\"unique_count\",\"scale\":\"ratio\",\"sourceField\":\"tychon.id\",\"isBucketed\":false,\"filter\":{\"query\":\"vulnerability.result : \\\"fail\\\" \",\"language\":\"kuery\"},\"params\":{\"emptyAsNull\":true},\"customLabel\":true},\"64227f18-dfeb-4263-acbd-a4bc6e800520\":{\"label\":\"Unique count of tychon.id\",\"dataType\":\"number\",\"operationType\":\"unique_count\",\"scale\":\"ratio\",\"sourceField\":\"tychon.id\",\"isBucketed\":false,\"params\":{\"emptyAsNull\":true}}},\"columnOrder\":[\"70df2efb-db8e-43ab-bd8e-35efab122186\",\"64227f18-dfeb-4263-acbd-a4bc6e800520\"],\"sampling\":1,\"incompleteColumns\":{}}}},\"textBased\":{\"layers\":{}}},\"internalReferences\":[],\"adHocDataViews\":{}}},\"hidePanelTitles\":true,\"enhancements\":{}},\"title\":\"\"},{\"version\":\"8.8.2\",\"type\":\"lens\",\"gridData\":{\"x\":0,\"y\":9,\"w\":4,\"h\":4,\"i\":\"69a84b6a-5fd8-47b0-ac56-4b36579689c3\"},\"panelIndex\":\"69a84b6a-5fd8-47b0-ac56-4b36579689c3\",\"embeddableConfig\":{\"attributes\":{\"title\":\"\",\"description\":\"\",\"visualizationType\":\"lnsMetric\",\"type\":\"lens\",\"references\":[{\"type\":\"index-pattern\",\"id\":\"78931842-dc88-45d7-a6ee-d79fb9f615bd\",\"name\":\"indexpattern-datasource-layer-f8c69b31-1e26-48da-bfce-173a232da856\"}],\"state\":{\"visualization\":{\"layerId\":\"f8c69b31-1e26-48da-bfce-173a232da856\",\"layerType\":\"data\",\"metricAccessor\":\"70df2efb-db8e-43ab-bd8e-35efab122186\",\"maxAccessor\":\"64227f18-dfeb-4263-acbd-a4bc6e800520\",\"showBar\":true,\"color\":\"#54B399\",\"progressDirection\":\"horizontal\"},\"query\":{\"query\":\"\",\"language\":\"kuery\"},\"filters\":[],\"datasourceStates\":{\"formBased\":{\"layers\":{\"f8c69b31-1e26-48da-bfce-173a232da856\":{\"columns\":{\"70df2efb-db8e-43ab-bd8e-35efab122186\":{\"label\":\"Total Passed\",\"dataType\":\"number\",\"operationType\":\"count\",\"isBucketed\":false,\"scale\":\"ratio\",\"sourceField\":\"___records___\",\"filter\":{\"query\":\"vulnerability.result : \\\"pass\\\" \",\"language\":\"kuery\"},\"params\":{\"emptyAsNull\":true},\"customLabel\":true},\"64227f18-dfeb-4263-acbd-a4bc6e800520\":{\"label\":\"Total Count\",\"dataType\":\"number\",\"operationType\":\"count\",\"isBucketed\":false,\"scale\":\"ratio\",\"sourceField\":\"___records___\",\"params\":{\"emptyAsNull\":true},\"customLabel\":true}},\"columnOrder\":[\"70df2efb-db8e-43ab-bd8e-35efab122186\",\"64227f18-dfeb-4263-acbd-a4bc6e800520\"],\"sampling\":1,\"incompleteColumns\":{}}}},\"textBased\":{\"layers\":{}}},\"internalReferences\":[],\"adHocDataViews\":{}}},\"hidePanelTitles\":true,\"enhancements\":{}},\"title\":\"\"},{\"version\":\"8.8.2\",\"type\":\"lens\",\"gridData\":{\"x\":4,\"y\":9,\"w\":4,\"h\":4,\"i\":\"e77342b9-6b1d-4c31-ae74-65550418decb\"},\"panelIndex\":\"e77342b9-6b1d-4c31-ae74-65550418decb\",\"embeddableConfig\":{\"attributes\":{\"title\":\"\",\"description\":\"\",\"visualizationType\":\"lnsMetric\",\"type\":\"lens\",\"references\":[{\"type\":\"index-pattern\",\"id\":\"78931842-dc88-45d7-a6ee-d79fb9f615bd\",\"name\":\"indexpattern-datasource-layer-f8c69b31-1e26-48da-bfce-173a232da856\"}],\"state\":{\"visualization\":{\"layerId\":\"f8c69b31-1e26-48da-bfce-173a232da856\",\"layerType\":\"data\",\"metricAccessor\":\"70df2efb-db8e-43ab-bd8e-35efab122186\",\"maxAccessor\":\"64227f18-dfeb-4263-acbd-a4bc6e800520\",\"showBar\":true,\"color\":\"#E7664C\",\"progressDirection\":\"horizontal\"},\"query\":{\"query\":\"\",\"language\":\"kuery\"},\"filters\":[],\"datasourceStates\":{\"formBased\":{\"layers\":{\"f8c69b31-1e26-48da-bfce-173a232da856\":{\"columns\":{\"70df2efb-db8e-43ab-bd8e-35efab122186\":{\"label\":\"Hosts Failing IAVA\",\"dataType\":\"number\",\"operationType\":\"unique_count\",\"scale\":\"ratio\",\"sourceField\":\"tychon.id\",\"isBucketed\":false,\"filter\":{\"query\":\"vulnerability.result : \\\"fail\\\" and not vulnerability.iava : \\\"\\\"\",\"language\":\"kuery\"},\"params\":{\"emptyAsNull\":true},\"customLabel\":true},\"64227f18-dfeb-4263-acbd-a4bc6e800520\":{\"label\":\"Unique count of tychon.id\",\"dataType\":\"number\",\"operationType\":\"unique_count\",\"scale\":\"ratio\",\"sourceField\":\"tychon.id\",\"isBucketed\":false,\"params\":{\"emptyAsNull\":true}}},\"columnOrder\":[\"70df2efb-db8e-43ab-bd8e-35efab122186\",\"64227f18-dfeb-4263-acbd-a4bc6e800520\"],\"sampling\":1,\"incompleteColumns\":{}}}},\"textBased\":{\"layers\":{}}},\"internalReferences\":[],\"adHocDataViews\":{}}},\"hidePanelTitles\":true,\"enhancements\":{}},\"title\":\"\"},{\"version\":\"8.8.2\",\"type\":\"lens\",\"gridData\":{\"x\":32,\"y\":9,\"w\":8,\"h\":23,\"i\":\"9d985147-542e-444e-95de-86b72e141def\"},\"panelIndex\":\"9d985147-542e-444e-95de-86b72e141def\",\"embeddableConfig\":{\"attributes\":{\"title\":\"\",\"description\":\"\",\"visualizationType\":\"lnsDatatable\",\"type\":\"lens\",\"references\":[{\"type\":\"index-pattern\",\"id\":\"78931842-dc88-45d7-a6ee-d79fb9f615bd\",\"name\":\"indexpattern-datasource-layer-10dc586e-9120-457f-bd25-337e235c0ede\"},{\"type\":\"index-pattern\",\"name\":\"8da78282-bb0e-4b32-b6c4-5b6fcb752b4d\",\"id\":\"78931842-dc88-45d7-a6ee-d79fb9f615bd\"}],\"state\":{\"visualization\":{\"columns\":[{\"columnId\":\"0bddfe81-b0e4-4eca-9e82-6f5072578ee7\",\"isTransposed\":false,\"oneClickFilter\":true,\"alignment\":\"center\"},{\"columnId\":\"ff6c9cbe-26b9-4185-b86d-e41dbc60c1c6\",\"isTransposed\":false,\"alignment\":\"center\",\"colorMode\":\"cell\",\"palette\":{\"type\":\"palette\",\"name\":\"negative\",\"params\":{\"stops\":[{\"color\":\"#fbddd6\",\"stop\":0},{\"color\":\"#f3bbaf\",\"stop\":20},{\"color\":\"#e99a89\",\"stop\":40},{\"color\":\"#db7965\",\"stop\":60},{\"color\":\"#cc5642\",\"stop\":80}],\"name\":\"negative\",\"continuity\":\"above\",\"reverse\":false,\"rangeMin\":0,\"rangeMax\":null}}}],\"layerId\":\"10dc586e-9120-457f-bd25-337e235c0ede\",\"layerType\":\"data\"},\"query\":{\"query\":\"\",\"language\":\"kuery\"},\"filters\":[{\"meta\":{\"index\":\"8da78282-bb0e-4b32-b6c4-5b6fcb752b4d\",\"type\":\"phrase\",\"key\":\"vulnerability.iava\",\"params\":{\"query\":\"\"},\"disabled\":false,\"negate\":true,\"alias\":null},\"query\":{\"match_phrase\":{\"vulnerability.iava\":\"\"}},\"$state\":{\"store\":\"appState\"}}],\"datasourceStates\":{\"formBased\":{\"layers\":{\"10dc586e-9120-457f-bd25-337e235c0ede\":{\"columns\":{\"0bddfe81-b0e4-4eca-9e82-6f5072578ee7\":{\"label\":\"IAVA ID\",\"dataType\":\"string\",\"operationType\":\"terms\",\"scale\":\"ordinal\",\"sourceField\":\"vulnerability.iava\",\"isBucketed\":true,\"params\":{\"size\":30,\"orderBy\":{\"type\":\"column\",\"columnId\":\"ff6c9cbe-26b9-4185-b86d-e41dbc60c1c6\"},\"orderDirection\":\"desc\",\"otherBucket\":true,\"missingBucket\":false,\"parentFormat\":{\"id\":\"terms\"},\"include\":[],\"exclude\":[],\"includeIsRegex\":false,\"excludeIsRegex\":false,\"secondaryFields\":[]},\"customLabel\":true},\"ff6c9cbe-26b9-4185-b86d-e41dbc60c1c6\":{\"label\":\"Failing Counts\",\"dataType\":\"number\",\"operationType\":\"count\",\"isBucketed\":false,\"scale\":\"ratio\",\"sourceField\":\"vulnerability.id\",\"filter\":{\"query\":\"vulnerability.result : \\\"fail\\\" \",\"language\":\"kuery\"},\"params\":{\"emptyAsNull\":false},\"customLabel\":true}},\"columnOrder\":[\"0bddfe81-b0e4-4eca-9e82-6f5072578ee7\",\"ff6c9cbe-26b9-4185-b86d-e41dbc60c1c6\"],\"sampling\":1,\"incompleteColumns\":{}}}},\"textBased\":{\"layers\":{}}},\"internalReferences\":[],\"adHocDataViews\":{}}},\"hidePanelTitles\":false,\"enhancements\":{},\"description\":\"DISA IAVA IDs and the total number of failures.\"},\"title\":\"IAVA IDs\"},{\"version\":\"8.8.2\",\"type\":\"lens\",\"gridData\":{\"x\":0,\"y\":13,\"w\":13,\"h\":19,\"i\":\"fbd0fbab-9136-49c6-9b75-46bd3f8d987b\"},\"panelIndex\":\"fbd0fbab-9136-49c6-9b75-46bd3f8d987b\",\"embeddableConfig\":{\"attributes\":{\"title\":\"\",\"description\":\"\",\"visualizationType\":\"lnsDatatable\",\"type\":\"lens\",\"references\":[{\"type\":\"index-pattern\",\"id\":\"78931842-dc88-45d7-a6ee-d79fb9f615bd\",\"name\":\"indexpattern-datasource-layer-2b0af3cf-2577-4225-b801-4dbc1c6d10c3\"}],\"state\":{\"visualization\":{\"columns\":[{\"columnId\":\"2209b20f-7ba7-4118-8ec1-1b860ce5c335\",\"isTransposed\":false,\"oneClickFilter\":true},{\"columnId\":\"96b1c955-f220-47d9-a69f-a01099cd252f\",\"isTransposed\":false,\"alignment\":\"center\",\"colorMode\":\"cell\",\"palette\":{\"type\":\"palette\",\"name\":\"negative\",\"params\":{\"stops\":[{\"color\":\"#fbddd6\",\"stop\":0},{\"color\":\"#f3bbaf\",\"stop\":20},{\"color\":\"#e99a89\",\"stop\":40},{\"color\":\"#db7965\",\"stop\":60},{\"color\":\"#cc5642\",\"stop\":80}],\"name\":\"negative\",\"continuity\":\"above\",\"reverse\":false,\"rangeMin\":0,\"rangeMax\":null}}},{\"columnId\":\"235c5841-8650-4f0d-b15e-e3d9b27ceabc\",\"isTransposed\":false},{\"columnId\":\"41beb024-d85d-4652-a507-97071212c25f\",\"isTransposed\":false}],\"layerId\":\"2b0af3cf-2577-4225-b801-4dbc1c6d10c3\",\"layerType\":\"data\"},\"query\":{\"query\":\"\",\"language\":\"kuery\"},\"filters\":[],\"datasourceStates\":{\"formBased\":{\"layers\":{\"2b0af3cf-2577-4225-b801-4dbc1c6d10c3\":{\"columns\":{\"2209b20f-7ba7-4118-8ec1-1b860ce5c335\":{\"label\":\"Hostname\",\"dataType\":\"string\",\"operationType\":\"terms\",\"scale\":\"ordinal\",\"sourceField\":\"host.hostname\",\"isBucketed\":true,\"params\":{\"size\":200,\"orderBy\":{\"type\":\"column\",\"columnId\":\"96b1c955-f220-47d9-a69f-a01099cd252f\"},\"orderDirection\":\"desc\",\"otherBucket\":true,\"missingBucket\":false,\"parentFormat\":{\"id\":\"terms\"},\"include\":[],\"exclude\":[],\"includeIsRegex\":false,\"excludeIsRegex\":false},\"customLabel\":true},\"96b1c955-f220-47d9-a69f-a01099cd252f\":{\"label\":\"Total Failing\",\"dataType\":\"number\",\"operationType\":\"unique_count\",\"scale\":\"ratio\",\"sourceField\":\"vulnerability.id\",\"isBucketed\":false,\"filter\":{\"query\":\"vulnerability.result : \\\"fail\\\" \",\"language\":\"kuery\"},\"params\":{\"emptyAsNull\":true},\"customLabel\":true},\"235c5841-8650-4f0d-b15e-e3d9b27ceabc\":{\"label\":\"IP\",\"dataType\":\"string\",\"operationType\":\"terms\",\"scale\":\"ordinal\",\"sourceField\":\"host.ip\",\"isBucketed\":true,\"params\":{\"size\":1,\"orderBy\":{\"type\":\"column\",\"columnId\":\"96b1c955-f220-47d9-a69f-a01099cd252f\"},\"orderDirection\":\"desc\",\"otherBucket\":true,\"missingBucket\":false,\"parentFormat\":{\"id\":\"terms\"},\"include\":[],\"exclude\":[],\"includeIsRegex\":false,\"excludeIsRegex\":false},\"customLabel\":true},\"41beb024-d85d-4652-a507-97071212c25f\":{\"label\":\"MAC\",\"dataType\":\"string\",\"operationType\":\"terms\",\"scale\":\"ordinal\",\"sourceField\":\"host.mac\",\"isBucketed\":true,\"params\":{\"size\":1,\"orderBy\":{\"type\":\"column\",\"columnId\":\"96b1c955-f220-47d9-a69f-a01099cd252f\"},\"orderDirection\":\"desc\",\"otherBucket\":true,\"missingBucket\":false,\"parentFormat\":{\"id\":\"terms\"},\"include\":[],\"exclude\":[],\"includeIsRegex\":false,\"excludeIsRegex\":false},\"customLabel\":true}},\"columnOrder\":[\"2209b20f-7ba7-4118-8ec1-1b860ce5c335\",\"235c5841-8650-4f0d-b15e-e3d9b27ceabc\",\"41beb024-d85d-4652-a507-97071212c25f\",\"96b1c955-f220-47d9-a69f-a01099cd252f\"],\"sampling\":1,\"incompleteColumns\":{}}}},\"textBased\":{\"layers\":{}}},\"internalReferences\":[],\"adHocDataViews\":{}}},\"hidePanelTitles\":false,\"description\":\"The Top 200 hosts that are reporting failed vulnerabilities, this is a total count of fails. \",\"enhancements\":{\"dynamicActions\":{\"events\":[{\"eventId\":\"96e39190-5ea2-4199-993b-6e2657b8299b\",\"triggers\":[\"FILTER_TRIGGER\"],\"action\":{\"factoryId\":\"DASHBOARD_TO_DASHBOARD_DRILLDOWN\",\"name\":\"Navigate to Endpoint Browser\",\"config\":{\"useCurrentFilters\":false,\"useCurrentDateRange\":true,\"openInNewTab\":true}}}]}}},\"title\":\"Top 200 Failing Hosts\"},{\"version\":\"8.8.2\",\"type\":\"lens\",\"gridData\":{\"x\":13,\"y\":13,\"w\":19,\"h\":19,\"i\":\"1e383218-85c2-48c6-a653-25b2f0c0d869\"},\"panelIndex\":\"1e383218-85c2-48c6-a653-25b2f0c0d869\",\"embeddableConfig\":{\"attributes\":{\"title\":\"\",\"description\":\"\",\"visualizationType\":\"lnsXY\",\"type\":\"lens\",\"references\":[{\"type\":\"index-pattern\",\"id\":\"5be62502-2bab-4d66-97ff-d9373963c50d\",\"name\":\"indexpattern-datasource-layer-21c4a9b8-f5ce-418b-9466-605c2742d8d9\"},{\"type\":\"index-pattern\",\"name\":\"d50ba03c-dcd0-469e-a4c2-1a02d99263d8\",\"id\":\"5be62502-2bab-4d66-97ff-d9373963c50d\"}],\"state\":{\"visualization\":{\"title\":\"Empty XY chart\",\"legend\":{\"isVisible\":true,\"position\":\"right\"},\"valueLabels\":\"hide\",\"preferredSeriesType\":\"area\",\"layers\":[{\"layerId\":\"21c4a9b8-f5ce-418b-9466-605c2742d8d9\",\"accessors\":[\"83ac325a-0162-45d4-b642-33f73351c8d2\"],\"position\":\"top\",\"seriesType\":\"area\",\"showGridlines\":false,\"layerType\":\"data\",\"xAccessor\":\"132c8097-326e-4f5b-81fa-df708221c0ee\",\"splitAccessor\":\"b57de897-5bb8-42a6-8158-571e3fda028a\",\"palette\":{\"type\":\"palette\",\"name\":\"status\"}}]},\"query\":{\"query\":\"\",\"language\":\"kuery\"},\"filters\":[{\"meta\":{\"index\":\"d50ba03c-dcd0-469e-a4c2-1a02d99263d8\",\"negate\":true,\"type\":\"phrase\",\"key\":\"vulnerability.result\",\"params\":{\"query\":\"unknown\"},\"disabled\":false,\"alias\":null},\"query\":{\"match_phrase\":{\"vulnerability.result\":\"unknown\"}},\"$state\":{\"store\":\"appState\"}}],\"datasourceStates\":{\"formBased\":{\"layers\":{\"21c4a9b8-f5ce-418b-9466-605c2742d8d9\":{\"columns\":{\"132c8097-326e-4f5b-81fa-df708221c0ee\":{\"label\":\"event.ingested\",\"dataType\":\"date\",\"operationType\":\"date_histogram\",\"sourceField\":\"event.ingested\",\"isBucketed\":true,\"scale\":\"interval\",\"params\":{\"interval\":\"auto\",\"includeEmptyRows\":true,\"dropPartials\":false}},\"83ac325a-0162-45d4-b642-33f73351c8d2\":{\"label\":\"Count of records\",\"dataType\":\"number\",\"operationType\":\"count\",\"isBucketed\":false,\"scale\":\"ratio\",\"sourceField\":\"___records___\",\"params\":{\"emptyAsNull\":true}},\"b57de897-5bb8-42a6-8158-571e3fda028a\":{\"label\":\"Top 3 values of vulnerability.result\",\"dataType\":\"string\",\"operationType\":\"terms\",\"scale\":\"ordinal\",\"sourceField\":\"vulnerability.result\",\"isBucketed\":true,\"params\":{\"size\":3,\"orderBy\":{\"type\":\"column\",\"columnId\":\"83ac325a-0162-45d4-b642-33f73351c8d2\"},\"orderDirection\":\"desc\",\"otherBucket\":true,\"missingBucket\":false,\"parentFormat\":{\"id\":\"terms\"},\"include\":[],\"exclude\":[],\"includeIsRegex\":false,\"excludeIsRegex\":false}}},\"columnOrder\":[\"b57de897-5bb8-42a6-8158-571e3fda028a\",\"132c8097-326e-4f5b-81fa-df708221c0ee\",\"83ac325a-0162-45d4-b642-33f73351c8d2\"],\"sampling\":1,\"incompleteColumns\":{}}}},\"textBased\":{\"layers\":{}}},\"internalReferences\":[],\"adHocDataViews\":{}}},\"hidePanelTitles\":false,\"description\":\"A complete history of all vulnerabilities status over time.\",\"enhancements\":{}},\"title\":\"Vulnerability Results Historical Status\"},{\"version\":\"8.8.2\",\"type\":\"lens\",\"gridData\":{\"x\":0,\"y\":32,\"w\":48,\"h\":22,\"i\":\"0cc0c389-dc34-4831-ba8e-6f651ee8a793\"},\"panelIndex\":\"0cc0c389-dc34-4831-ba8e-6f651ee8a793\",\"embeddableConfig\":{\"attributes\":{\"title\":\"\",\"description\":\"\",\"visualizationType\":\"lnsDatatable\",\"type\":\"lens\",\"references\":[{\"type\":\"index-pattern\",\"id\":\"5be62502-2bab-4d66-97ff-d9373963c50d\",\"name\":\"indexpattern-datasource-layer-c1cf2b61-d20b-40c8-8a05-678aaa9f2358\"}],\"state\":{\"visualization\":{\"columns\":[{\"columnId\":\"66252270-26d7-4524-9a63-1885224cb57e\",\"isTransposed\":false,\"alignment\":\"center\",\"summaryRow\":\"sum\",\"colorMode\":\"cell\",\"palette\":{\"type\":\"palette\",\"name\":\"complimentary\",\"params\":{\"stops\":[{\"color\":\"#6092c0\",\"stop\":0},{\"color\":\"#a6c1db\",\"stop\":20},{\"color\":\"#ebeff5\",\"stop\":40},{\"color\":\"#e3bd9d\",\"stop\":60},{\"color\":\"#da8b45\",\"stop\":80}],\"name\":\"complimentary\",\"continuity\":\"above\",\"reverse\":false,\"rangeMin\":0,\"rangeMax\":null}}},{\"columnId\":\"a8438ac2-fb97-4ac8-9f2c-2a0308725c01\",\"isTransposed\":false,\"oneClickFilter\":true},{\"columnId\":\"ebec492d-2edd-46fd-95ee-ca6c191dc2ed\",\"isTransposed\":false},{\"columnId\":\"e0e551be-9366-40fb-80eb-942569b9fdb3\",\"isTransposed\":false,\"alignment\":\"center\",\"oneClickFilter\":true},{\"columnId\":\"1ca90a06-f5e5-46ca-9402-65517773efac\",\"isTransposed\":false},{\"columnId\":\"0bae816d-069c-4b6b-ac1f-220e5c3b3e3c\",\"isTransposed\":false},{\"columnId\":\"3b94ade7-e7f2-4c92-9450-ac63c31f2a59\",\"isTransposed\":false,\"alignment\":\"center\"},{\"columnId\":\"7a438fd4-a307-4cc9-85f4-855203fccfc5\",\"isTransposed\":false,\"alignment\":\"center\"}],\"layerId\":\"c1cf2b61-d20b-40c8-8a05-678aaa9f2358\",\"layerType\":\"data\",\"sorting\":{\"columnId\":\"66252270-26d7-4524-9a63-1885224cb57e\",\"direction\":\"desc\"}},\"query\":{\"query\":\"\",\"language\":\"kuery\"},\"filters\":[],\"datasourceStates\":{\"formBased\":{\"layers\":{\"c1cf2b61-d20b-40c8-8a05-678aaa9f2358\":{\"columns\":{\"66252270-26d7-4524-9a63-1885224cb57e\":{\"label\":\"Total Failures\",\"dataType\":\"number\",\"operationType\":\"unique_count\",\"scale\":\"ratio\",\"sourceField\":\"tychon.id\",\"isBucketed\":false,\"filter\":{\"query\":\"rule.test_result : \\\"fail\\\"\",\"language\":\"kuery\"},\"params\":{\"emptyAsNull\":false},\"customLabel\":true},\"a8438ac2-fb97-4ac8-9f2c-2a0308725c01\":{\"label\":\"CVE ID\",\"dataType\":\"string\",\"operationType\":\"terms\",\"scale\":\"ordinal\",\"sourceField\":\"vulnerability.id\",\"isBucketed\":true,\"params\":{\"size\":200,\"orderBy\":{\"type\":\"column\",\"columnId\":\"66252270-26d7-4524-9a63-1885224cb57e\"},\"orderDirection\":\"desc\",\"otherBucket\":false,\"missingBucket\":false,\"parentFormat\":{\"id\":\"terms\"},\"include\":[],\"exclude\":[],\"includeIsRegex\":false,\"excludeIsRegex\":false,\"accuracyMode\":false},\"customLabel\":true},\"ebec492d-2edd-46fd-95ee-ca6c191dc2ed\":{\"label\":\"Reference\",\"dataType\":\"string\",\"operationType\":\"terms\",\"scale\":\"ordinal\",\"sourceField\":\"vulnerability.reference\",\"isBucketed\":true,\"params\":{\"size\":1,\"orderBy\":{\"type\":\"alphabetical\",\"fallback\":false},\"orderDirection\":\"asc\",\"otherBucket\":false,\"missingBucket\":false,\"parentFormat\":{\"id\":\"terms\"},\"include\":[],\"exclude\":[],\"includeIsRegex\":false,\"excludeIsRegex\":false},\"customLabel\":true},\"e0e551be-9366-40fb-80eb-942569b9fdb3\":{\"label\":\"Severity\",\"dataType\":\"string\",\"operationType\":\"terms\",\"scale\":\"ordinal\",\"sourceField\":\"vulnerability.severity\",\"isBucketed\":true,\"params\":{\"size\":1,\"orderBy\":{\"type\":\"alphabetical\",\"fallback\":false},\"orderDirection\":\"asc\",\"otherBucket\":true,\"missingBucket\":false,\"parentFormat\":{\"id\":\"terms\"},\"include\":[],\"exclude\":[],\"includeIsRegex\":false,\"excludeIsRegex\":false},\"customLabel\":true},\"1ca90a06-f5e5-46ca-9402-65517773efac\":{\"label\":\"NVD Score\",\"dataType\":\"number\",\"operationType\":\"terms\",\"scale\":\"ordinal\",\"sourceField\":\"vulnerability.score.base\",\"isBucketed\":true,\"params\":{\"size\":1,\"orderBy\":{\"type\":\"alphabetical\",\"fallback\":false},\"orderDirection\":\"asc\",\"otherBucket\":true,\"missingBucket\":false,\"parentFormat\":{\"id\":\"terms\"},\"include\":[],\"exclude\":[],\"includeIsRegex\":false,\"excludeIsRegex\":false},\"customLabel\":true},\"0bae816d-069c-4b6b-ac1f-220e5c3b3e3c\":{\"label\":\"TItle\",\"dataType\":\"string\",\"operationType\":\"terms\",\"scale\":\"ordinal\",\"sourceField\":\"vulnerability.title\",\"isBucketed\":true,\"params\":{\"size\":1,\"orderBy\":{\"type\":\"alphabetical\",\"fallback\":false},\"orderDirection\":\"asc\",\"otherBucket\":true,\"missingBucket\":false,\"parentFormat\":{\"id\":\"terms\"},\"include\":[],\"exclude\":[],\"includeIsRegex\":false,\"excludeIsRegex\":false},\"customLabel\":true},\"3b94ade7-e7f2-4c92-9450-ac63c31f2a59\":{\"label\":\"Due Date\",\"dataType\":\"date\",\"operationType\":\"last_value\",\"isBucketed\":false,\"scale\":\"ratio\",\"sourceField\":\"vulnerability.due_date\",\"filter\":{\"query\":\"vulnerability.due_date: *\",\"language\":\"kuery\"},\"params\":{\"sortField\":\"vulnerability.due_date\"},\"customLabel\":true},\"7a438fd4-a307-4cc9-85f4-855203fccfc5\":{\"label\":\"Due Date Reason\",\"dataType\":\"string\",\"operationType\":\"terms\",\"scale\":\"ordinal\",\"sourceField\":\"vulnerability.due_date_reason\",\"isBucketed\":true,\"params\":{\"size\":1,\"orderBy\":{\"type\":\"column\",\"columnId\":\"66252270-26d7-4524-9a63-1885224cb57e\"},\"orderDirection\":\"desc\",\"otherBucket\":true,\"missingBucket\":true,\"parentFormat\":{\"id\":\"terms\"},\"include\":[],\"exclude\":[],\"includeIsRegex\":false,\"excludeIsRegex\":false},\"customLabel\":true}},\"columnOrder\":[\"a8438ac2-fb97-4ac8-9f2c-2a0308725c01\",\"0bae816d-069c-4b6b-ac1f-220e5c3b3e3c\",\"e0e551be-9366-40fb-80eb-942569b9fdb3\",\"1ca90a06-f5e5-46ca-9402-65517773efac\",\"ebec492d-2edd-46fd-95ee-ca6c191dc2ed\",\"7a438fd4-a307-4cc9-85f4-855203fccfc5\",\"3b94ade7-e7f2-4c92-9450-ac63c31f2a59\",\"66252270-26d7-4524-9a63-1885224cb57e\"],\"sampling\":1,\"incompleteColumns\":{}}}},\"textBased\":{\"layers\":{}}},\"internalReferences\":[],\"adHocDataViews\":{}}},\"hidePanelTitles\":false,\"description\":\"CVE IDs that have been reported by the TYCHON scan engine.\",\"enhancements\":{}},\"title\":\"CVE List\"}]",
        "refreshInterval": {
            "pause": true,
            "value": 60000
        },
        "timeFrom": "now-30d/d",
        "timeRestore": true,
        "timeTo": "now",
        "title": "[TYCHON] - Vulnerability Dashboard",
        "version": 1
    },
    "coreMigrationVersion": "8.8.0",
    "created_at": "2023-08-31T18:48:53.917Z",
    "id": "tychon-75c383c0-e508-11ed-8a95-ab70156d4b18-cve",
    "managed": false,
    "references": [
        {
            "id": "78931842-dc88-45d7-a6ee-d79fb9f615bd",
            "name": "c727c528-622b-4fb7-857e-e3bcfe0751fd:indexpattern-datasource-layer-0682870a-1465-4a9d-be3e-c4863b7582ea",
            "type": "index-pattern"
        },
        {
            "id": "78931842-dc88-45d7-a6ee-d79fb9f615bd",
            "name": "cab4478f-def6-426a-9c1d-b960cb9e03e9:indexpattern-datasource-layer-0682870a-1465-4a9d-be3e-c4863b7582ea",
            "type": "index-pattern"
        },
        {
            "id": "5be62502-2bab-4d66-97ff-d9373963c50d",
            "name": "c34200e8-bd83-4a77-9b2f-dc4c87bc1ad9:indexpattern-datasource-layer-017cbeff-136b-4bcd-a68f-1d9bb899aa4b",
            "type": "index-pattern"
        },
        {
            "id": "78931842-dc88-45d7-a6ee-d79fb9f615bd",
            "name": "d4f17392-b10b-4343-82ea-a7e374333327:indexpattern-datasource-layer-2aca319d-8aef-4230-afa2-3fc928a03f8d",
            "type": "index-pattern"
        },
        {
            "id": "78931842-dc88-45d7-a6ee-d79fb9f615bd",
            "name": "d4f17392-b10b-4343-82ea-a7e374333327:4e2f597d-d225-4927-8a8f-a9c968bd4a21",
            "type": "index-pattern"
        },
        {
            "id": "78931842-dc88-45d7-a6ee-d79fb9f615bd",
            "name": "5cb629a9-cd1d-4c34-80d0-bd4f89f8c7a3:indexpattern-datasource-layer-2aca319d-8aef-4230-afa2-3fc928a03f8d",
            "type": "index-pattern"
        },
        {
            "id": "78931842-dc88-45d7-a6ee-d79fb9f615bd",
            "name": "5cb629a9-cd1d-4c34-80d0-bd4f89f8c7a3:f9b1376a-2b15-459b-83e8-808684076ee2",
            "type": "index-pattern"
        },
        {
            "id": "78931842-dc88-45d7-a6ee-d79fb9f615bd",
            "name": "9d7c1a54-bcc4-4ee3-9fb0-bcc83768d8bb:indexpattern-datasource-layer-10dc586e-9120-457f-bd25-337e235c0ede",
            "type": "index-pattern"
        },
        {
            "id": "78931842-dc88-45d7-a6ee-d79fb9f615bd",
            "name": "43687602-22dc-4c1c-8eaa-b73bf8684e2b:indexpattern-datasource-layer-f8c69b31-1e26-48da-bfce-173a232da856",
            "type": "index-pattern"
        },
        {
            "id": "78931842-dc88-45d7-a6ee-d79fb9f615bd",
            "name": "8e5d38ea-9796-49e2-bbb7-02db91569c4b:indexpattern-datasource-layer-f8c69b31-1e26-48da-bfce-173a232da856",
            "type": "index-pattern"
        },
        {
            "id": "78931842-dc88-45d7-a6ee-d79fb9f615bd",
            "name": "69a84b6a-5fd8-47b0-ac56-4b36579689c3:indexpattern-datasource-layer-f8c69b31-1e26-48da-bfce-173a232da856",
            "type": "index-pattern"
        },
        {
            "id": "78931842-dc88-45d7-a6ee-d79fb9f615bd",
            "name": "e77342b9-6b1d-4c31-ae74-65550418decb:indexpattern-datasource-layer-f8c69b31-1e26-48da-bfce-173a232da856",
            "type": "index-pattern"
        },
        {
            "id": "78931842-dc88-45d7-a6ee-d79fb9f615bd",
            "name": "9d985147-542e-444e-95de-86b72e141def:indexpattern-datasource-layer-10dc586e-9120-457f-bd25-337e235c0ede",
            "type": "index-pattern"
        },
        {
            "id": "78931842-dc88-45d7-a6ee-d79fb9f615bd",
            "name": "9d985147-542e-444e-95de-86b72e141def:8da78282-bb0e-4b32-b6c4-5b6fcb752b4d",
            "type": "index-pattern"
        },
        {
            "id": "78931842-dc88-45d7-a6ee-d79fb9f615bd",
            "name": "fbd0fbab-9136-49c6-9b75-46bd3f8d987b:indexpattern-datasource-layer-2b0af3cf-2577-4225-b801-4dbc1c6d10c3",
            "type": "index-pattern"
        },
        {
            "id": "tychon-2de7a3c0-3e08-11ee-9610-15dee918f31a-cve",
            "name": "fbd0fbab-9136-49c6-9b75-46bd3f8d987b:drilldown:DASHBOARD_TO_DASHBOARD_DRILLDOWN:96e39190-5ea2-4199-993b-6e2657b8299b:dashboardId",
            "type": "dashboard"
        },
        {
            "id": "5be62502-2bab-4d66-97ff-d9373963c50d",
            "name": "1e383218-85c2-48c6-a653-25b2f0c0d869:indexpattern-datasource-layer-21c4a9b8-f5ce-418b-9466-605c2742d8d9",
            "type": "index-pattern"
        },
        {
            "id": "5be62502-2bab-4d66-97ff-d9373963c50d",
            "name": "1e383218-85c2-48c6-a653-25b2f0c0d869:d50ba03c-dcd0-469e-a4c2-1a02d99263d8",
            "type": "index-pattern"
        },
        {
            "id": "5be62502-2bab-4d66-97ff-d9373963c50d",
            "name": "0cc0c389-dc34-4831-ba8e-6f651ee8a793:indexpattern-datasource-layer-c1cf2b61-d20b-40c8-8a05-678aaa9f2358",
            "type": "index-pattern"
        },
        {
            "id": "tychon-5a3ae0c0-3dbf-11ee-9610-15dee918f31a",
            "name": "tag-ref-tychon-5a3ae0c0-3dbf-11ee-9610-15dee918f31a",
            "type": "tag"
        },
        {
            "id": "tychon-9c222660-1100-11ee-af86-538da1394f27",
            "name": "tag-ref-tychon-9c222660-1100-11ee-af86-538da1394f27",
            "type": "tag"
        }
    ],
    "type": "dashboard",
    "migrationVersion": {
        "dashboard": "8.7.0"
    },
    "updated_at": "2023-08-31T18:48:53.917Z",
    "version": "WzQzODksNF0="
}