{
    "attributes": {
        "description": "TYCHON reports on current TPM, Device Guard, Secure Boot, DMA, System Guard, and HVE Code Integrity being available and Enabled.",
        "kibanaSavedObjectMeta": {
            "searchSourceJSON": "{\"query\":{\"query\":\"\",\"language\":\"kuery\"},\"filter\":[]}"
        },
        "optionsJSON": "{\"useMargins\":true,\"syncColors\":false,\"syncCursor\":true,\"syncTooltips\":false,\"hidePanelTitles\":false}",
        "panelsJSON": "[{\"version\":\"8.6.2\",\"type\":\"lens\",\"gridData\":{\"x\":0,\"y\":0,\"w\":6,\"h\":8,\"i\":\"98423c47-09a4-460b-a2b2-f3c111bae4b5\"},\"panelIndex\":\"98423c47-09a4-460b-a2b2-f3c111bae4b5\",\"embeddableConfig\":{\"attributes\":{\"title\":\"\",\"visualizationType\":\"lnsLegacyMetric\",\"type\":\"lens\",\"references\":[{\"type\":\"index-pattern\",\"id\":\"9267bb1b-cf22-4417-8cfb-6606848140a7\",\"name\":\"indexpattern-datasource-layer-cebe4c55-66db-4691-b44a-a6282a29a7bd\"}],\"state\":{\"visualization\":{\"layerId\":\"cebe4c55-66db-4691-b44a-a6282a29a7bd\",\"accessor\":\"30e5a2fc-ce4a-42a6-9422-debeb64ebe98\",\"layerType\":\"data\",\"titlePosition\":\"bottom\",\"textAlign\":\"center\",\"size\":\"m\"},\"query\":{\"query\":\"\",\"language\":\"kuery\"},\"filters\":[],\"datasourceStates\":{\"formBased\":{\"layers\":{\"cebe4c55-66db-4691-b44a-a6282a29a7bd\":{\"columns\":{\"30e5a2fc-ce4a-42a6-9422-debeb64ebe98\":{\"label\":\"Total Number of Hosts\",\"dataType\":\"number\",\"operationType\":\"unique_count\",\"scale\":\"ratio\",\"sourceField\":\"host.id\",\"isBucketed\":false,\"params\":{\"emptyAsNull\":true},\"customLabel\":true}},\"columnOrder\":[\"30e5a2fc-ce4a-42a6-9422-debeb64ebe98\"],\"sampling\":1,\"incompleteColumns\":{}}}},\"textBased\":{\"layers\":{}}},\"internalReferences\":[],\"adHocDataViews\":{}}},\"enhancements\":{}}},{\"version\":\"8.6.2\",\"type\":\"lens\",\"gridData\":{\"x\":6,\"y\":0,\"w\":7,\"h\":4,\"i\":\"0510df0c-1a13-43a1-a9da-e3837ff6b001\"},\"panelIndex\":\"0510df0c-1a13-43a1-a9da-e3837ff6b001\",\"embeddableConfig\":{\"attributes\":{\"title\":\"\",\"visualizationType\":\"lnsMetric\",\"type\":\"lens\",\"references\":[{\"type\":\"index-pattern\",\"id\":\"9267bb1b-cf22-4417-8cfb-6606848140a7\",\"name\":\"indexpattern-datasource-layer-426889ea-4a64-47bc-b75b-2db8ebe4da1a\"}],\"state\":{\"visualization\":{\"layerId\":\"426889ea-4a64-47bc-b75b-2db8ebe4da1a\",\"layerType\":\"data\",\"metricAccessor\":\"65782600-85b4-4811-96fe-d5e0b55cec61\",\"maxAccessor\":\"450687e0-0597-4ee7-af97-1ee49bea450d\",\"showBar\":true,\"progressDirection\":\"horizontal\"},\"query\":{\"query\":\"\",\"language\":\"kuery\"},\"filters\":[],\"datasourceStates\":{\"formBased\":{\"layers\":{\"426889ea-4a64-47bc-b75b-2db8ebe4da1a\":{\"columns\":{\"65782600-85b4-4811-96fe-d5e0b55cec61\":{\"label\":\"Base Virtualization Support Enabled\",\"dataType\":\"number\",\"operationType\":\"unique_count\",\"scale\":\"ratio\",\"sourceField\":\"host.id\",\"isBucketed\":false,\"params\":{\"emptyAsNull\":false,\"format\":{\"id\":\"number\",\"params\":{\"decimals\":0}}},\"customLabel\":true,\"filter\":{\"query\":\"event.deviceguard.basevirtualizationsupport.available : true \",\"language\":\"kuery\"}},\"450687e0-0597-4ee7-af97-1ee49bea450d\":{\"label\":\"Unique count of host.id\",\"dataType\":\"number\",\"operationType\":\"unique_count\",\"scale\":\"ratio\",\"sourceField\":\"host.id\",\"isBucketed\":false,\"params\":{\"emptyAsNull\":true}}},\"columnOrder\":[\"65782600-85b4-4811-96fe-d5e0b55cec61\",\"450687e0-0597-4ee7-af97-1ee49bea450d\"],\"incompleteColumns\":{}}}},\"textBased\":{\"layers\":{}}},\"internalReferences\":[],\"adHocDataViews\":{}}},\"enhancements\":{}},\"title\":\"\"},{\"version\":\"8.6.2\",\"type\":\"lens\",\"gridData\":{\"x\":13,\"y\":0,\"w\":7,\"h\":4,\"i\":\"2296650a-59b3-49c3-8766-9b3e5dc2a60b\"},\"panelIndex\":\"2296650a-59b3-49c3-8766-9b3e5dc2a60b\",\"embeddableConfig\":{\"attributes\":{\"title\":\"\",\"visualizationType\":\"lnsMetric\",\"type\":\"lens\",\"references\":[{\"type\":\"index-pattern\",\"id\":\"9267bb1b-cf22-4417-8cfb-6606848140a7\",\"name\":\"indexpattern-datasource-layer-426889ea-4a64-47bc-b75b-2db8ebe4da1a\"}],\"state\":{\"visualization\":{\"layerId\":\"426889ea-4a64-47bc-b75b-2db8ebe4da1a\",\"layerType\":\"data\",\"metricAccessor\":\"65782600-85b4-4811-96fe-d5e0b55cec61\",\"maxAccessor\":\"450687e0-0597-4ee7-af97-1ee49bea450d\",\"showBar\":true,\"progressDirection\":\"horizontal\"},\"query\":{\"query\":\"\",\"language\":\"kuery\"},\"filters\":[],\"datasourceStates\":{\"formBased\":{\"layers\":{\"426889ea-4a64-47bc-b75b-2db8ebe4da1a\":{\"columns\":{\"65782600-85b4-4811-96fe-d5e0b55cec61\":{\"label\":\"Hypervisor Enforced Code Integrity Enabled\",\"dataType\":\"number\",\"operationType\":\"unique_count\",\"scale\":\"ratio\",\"sourceField\":\"host.id\",\"isBucketed\":false,\"params\":{\"emptyAsNull\":false,\"format\":{\"id\":\"number\",\"params\":{\"decimals\":0}}},\"customLabel\":true,\"filter\":{\"query\":\"event.deviceguard.hypervisorenforcedcodeint.enabled : true \",\"language\":\"kuery\"}},\"450687e0-0597-4ee7-af97-1ee49bea450d\":{\"label\":\"Unique count of host.id\",\"dataType\":\"number\",\"operationType\":\"unique_count\",\"scale\":\"ratio\",\"sourceField\":\"host.id\",\"isBucketed\":false,\"params\":{\"emptyAsNull\":true}}},\"columnOrder\":[\"65782600-85b4-4811-96fe-d5e0b55cec61\",\"450687e0-0597-4ee7-af97-1ee49bea450d\"],\"incompleteColumns\":{}}}},\"textBased\":{\"layers\":{}}},\"internalReferences\":[],\"adHocDataViews\":{}}},\"enhancements\":{}},\"title\":\"\"},{\"version\":\"8.6.2\",\"type\":\"lens\",\"gridData\":{\"x\":20,\"y\":0,\"w\":7,\"h\":4,\"i\":\"b3b4f8d0-f425-4f30-bf9b-08f9bac344be\"},\"panelIndex\":\"b3b4f8d0-f425-4f30-bf9b-08f9bac344be\",\"embeddableConfig\":{\"attributes\":{\"title\":\"\",\"visualizationType\":\"lnsMetric\",\"type\":\"lens\",\"references\":[{\"type\":\"index-pattern\",\"id\":\"9267bb1b-cf22-4417-8cfb-6606848140a7\",\"name\":\"indexpattern-datasource-layer-426889ea-4a64-47bc-b75b-2db8ebe4da1a\"}],\"state\":{\"visualization\":{\"layerId\":\"426889ea-4a64-47bc-b75b-2db8ebe4da1a\",\"layerType\":\"data\",\"metricAccessor\":\"65782600-85b4-4811-96fe-d5e0b55cec61\",\"maxAccessor\":\"450687e0-0597-4ee7-af97-1ee49bea450d\",\"showBar\":true,\"progressDirection\":\"horizontal\"},\"query\":{\"query\":\"\",\"language\":\"kuery\"},\"filters\":[],\"datasourceStates\":{\"formBased\":{\"layers\":{\"426889ea-4a64-47bc-b75b-2db8ebe4da1a\":{\"columns\":{\"65782600-85b4-4811-96fe-d5e0b55cec61\":{\"label\":\"Credential Guard Enabled\",\"dataType\":\"number\",\"operationType\":\"unique_count\",\"scale\":\"ratio\",\"sourceField\":\"host.id\",\"isBucketed\":false,\"params\":{\"emptyAsNull\":false,\"format\":{\"id\":\"number\",\"params\":{\"decimals\":0}}},\"customLabel\":true,\"filter\":{\"query\":\"event.deviceguard.credentialguard.enabled : true\",\"language\":\"kuery\"}},\"450687e0-0597-4ee7-af97-1ee49bea450d\":{\"label\":\"Unique count of host.id\",\"dataType\":\"number\",\"operationType\":\"unique_count\",\"scale\":\"ratio\",\"sourceField\":\"host.id\",\"isBucketed\":false,\"params\":{\"emptyAsNull\":true}}},\"columnOrder\":[\"65782600-85b4-4811-96fe-d5e0b55cec61\",\"450687e0-0597-4ee7-af97-1ee49bea450d\"],\"incompleteColumns\":{}}}},\"textBased\":{\"layers\":{}}},\"internalReferences\":[],\"adHocDataViews\":{}}},\"enhancements\":{}},\"title\":\"\"},{\"version\":\"8.6.2\",\"type\":\"lens\",\"gridData\":{\"x\":27,\"y\":0,\"w\":7,\"h\":4,\"i\":\"8288c8d3-8052-4fcb-b8b1-03a03c088699\"},\"panelIndex\":\"8288c8d3-8052-4fcb-b8b1-03a03c088699\",\"embeddableConfig\":{\"attributes\":{\"title\":\"\",\"visualizationType\":\"lnsMetric\",\"type\":\"lens\",\"references\":[{\"type\":\"index-pattern\",\"id\":\"9267bb1b-cf22-4417-8cfb-6606848140a7\",\"name\":\"indexpattern-datasource-layer-426889ea-4a64-47bc-b75b-2db8ebe4da1a\"}],\"state\":{\"visualization\":{\"layerId\":\"426889ea-4a64-47bc-b75b-2db8ebe4da1a\",\"layerType\":\"data\",\"metricAccessor\":\"65782600-85b4-4811-96fe-d5e0b55cec61\",\"maxAccessor\":\"8b1f00fe-d1df-49df-83c7-812185d80225\",\"showBar\":true,\"progressDirection\":\"horizontal\",\"color\":\"#2567ca\"},\"query\":{\"query\":\"\",\"language\":\"kuery\"},\"filters\":[],\"datasourceStates\":{\"formBased\":{\"layers\":{\"426889ea-4a64-47bc-b75b-2db8ebe4da1a\":{\"columns\":{\"65782600-85b4-4811-96fe-d5e0b55cec61\":{\"label\":\"Secure Memory Overwrite Not Available\",\"dataType\":\"number\",\"operationType\":\"unique_count\",\"scale\":\"ratio\",\"sourceField\":\"host.id\",\"isBucketed\":false,\"params\":{\"emptyAsNull\":false,\"format\":{\"id\":\"number\",\"params\":{\"decimals\":0}}},\"customLabel\":true,\"filter\":{\"query\":\"event.deviceguard.securememoverwrite.available : false \",\"language\":\"kuery\"}},\"8b1f00fe-d1df-49df-83c7-812185d80225\":{\"label\":\"Total Systems\",\"dataType\":\"number\",\"operationType\":\"unique_count\",\"scale\":\"ratio\",\"sourceField\":\"host.hostname\",\"isBucketed\":false,\"params\":{\"emptyAsNull\":false},\"customLabel\":true}},\"columnOrder\":[\"65782600-85b4-4811-96fe-d5e0b55cec61\",\"8b1f00fe-d1df-49df-83c7-812185d80225\"],\"incompleteColumns\":{}}}},\"textBased\":{\"layers\":{}}},\"internalReferences\":[],\"adHocDataViews\":{}}},\"enhancements\":{},\"hidePanelTitles\":true},\"title\":\"\"},{\"version\":\"8.6.2\",\"type\":\"lens\",\"gridData\":{\"x\":34,\"y\":0,\"w\":7,\"h\":4,\"i\":\"c86a6a37-5078-43c1-aed8-8a49373bafe2\"},\"panelIndex\":\"c86a6a37-5078-43c1-aed8-8a49373bafe2\",\"embeddableConfig\":{\"attributes\":{\"title\":\"\",\"visualizationType\":\"lnsMetric\",\"type\":\"lens\",\"references\":[{\"type\":\"index-pattern\",\"id\":\"9267bb1b-cf22-4417-8cfb-6606848140a7\",\"name\":\"indexpattern-datasource-layer-426889ea-4a64-47bc-b75b-2db8ebe4da1a\"}],\"state\":{\"visualization\":{\"layerId\":\"426889ea-4a64-47bc-b75b-2db8ebe4da1a\",\"layerType\":\"data\",\"metricAccessor\":\"65782600-85b4-4811-96fe-d5e0b55cec61\",\"maxAccessor\":\"8b1f00fe-d1df-49df-83c7-812185d80225\",\"showBar\":true,\"progressDirection\":\"horizontal\"},\"query\":{\"query\":\"\",\"language\":\"kuery\"},\"filters\":[],\"datasourceStates\":{\"formBased\":{\"layers\":{\"426889ea-4a64-47bc-b75b-2db8ebe4da1a\":{\"columns\":{\"65782600-85b4-4811-96fe-d5e0b55cec61\":{\"label\":\"DMA Protections Not Available\",\"dataType\":\"number\",\"operationType\":\"unique_count\",\"scale\":\"ratio\",\"sourceField\":\"host.id\",\"isBucketed\":false,\"params\":{\"emptyAsNull\":false,\"format\":{\"id\":\"number\",\"params\":{\"decimals\":0}}},\"customLabel\":true,\"filter\":{\"query\":\"event.deviceguard.dmaprotection.available :false \",\"language\":\"kuery\"}},\"8b1f00fe-d1df-49df-83c7-812185d80225\":{\"label\":\"Total Systems\",\"dataType\":\"number\",\"operationType\":\"unique_count\",\"scale\":\"ratio\",\"sourceField\":\"host.hostname\",\"isBucketed\":false,\"params\":{\"emptyAsNull\":true},\"customLabel\":true}},\"columnOrder\":[\"65782600-85b4-4811-96fe-d5e0b55cec61\",\"8b1f00fe-d1df-49df-83c7-812185d80225\"],\"incompleteColumns\":{}}}},\"textBased\":{\"layers\":{}}},\"internalReferences\":[],\"adHocDataViews\":{}}},\"enhancements\":{},\"hidePanelTitles\":true},\"title\":\"\"},{\"version\":\"8.6.2\",\"type\":\"lens\",\"gridData\":{\"x\":41,\"y\":0,\"w\":7,\"h\":4,\"i\":\"cbe84ec6-8b4f-4be4-9862-b72c8ed16f0c\"},\"panelIndex\":\"cbe84ec6-8b4f-4be4-9862-b72c8ed16f0c\",\"embeddableConfig\":{\"attributes\":{\"title\":\"\",\"visualizationType\":\"lnsMetric\",\"type\":\"lens\",\"references\":[{\"type\":\"index-pattern\",\"id\":\"9267bb1b-cf22-4417-8cfb-6606848140a7\",\"name\":\"indexpattern-datasource-layer-426889ea-4a64-47bc-b75b-2db8ebe4da1a\"}],\"state\":{\"visualization\":{\"layerId\":\"426889ea-4a64-47bc-b75b-2db8ebe4da1a\",\"layerType\":\"data\",\"metricAccessor\":\"65782600-85b4-4811-96fe-d5e0b55cec61\",\"maxAccessor\":\"8b1f00fe-d1df-49df-83c7-812185d80225\",\"showBar\":true,\"progressDirection\":\"horizontal\"},\"query\":{\"query\":\"\",\"language\":\"kuery\"},\"filters\":[],\"datasourceStates\":{\"formBased\":{\"layers\":{\"426889ea-4a64-47bc-b75b-2db8ebe4da1a\":{\"columns\":{\"65782600-85b4-4811-96fe-d5e0b55cec61\":{\"label\":\"System Guard Secure Launch Enabled\",\"dataType\":\"number\",\"operationType\":\"unique_count\",\"scale\":\"ratio\",\"sourceField\":\"host.id\",\"isBucketed\":false,\"params\":{\"emptyAsNull\":false,\"format\":{\"id\":\"number\",\"params\":{\"decimals\":0}}},\"customLabel\":true,\"filter\":{\"query\":\"event.deviceguard.systemguardsecurelaunch.enabled : true \",\"language\":\"kuery\"}},\"8b1f00fe-d1df-49df-83c7-812185d80225\":{\"label\":\"Total Systems\",\"dataType\":\"number\",\"operationType\":\"unique_count\",\"scale\":\"ratio\",\"sourceField\":\"host.hostname\",\"isBucketed\":false,\"params\":{\"emptyAsNull\":true},\"customLabel\":true}},\"columnOrder\":[\"65782600-85b4-4811-96fe-d5e0b55cec61\",\"8b1f00fe-d1df-49df-83c7-812185d80225\"],\"incompleteColumns\":{}}}},\"textBased\":{\"layers\":{}}},\"internalReferences\":[],\"adHocDataViews\":{}}},\"enhancements\":{},\"hidePanelTitles\":true},\"title\":\"\"},{\"version\":\"8.6.2\",\"type\":\"lens\",\"gridData\":{\"x\":6,\"y\":4,\"w\":7,\"h\":4,\"i\":\"d7ddb672-7f1d-4833-a1a5-becc42cf9dec\"},\"panelIndex\":\"d7ddb672-7f1d-4833-a1a5-becc42cf9dec\",\"embeddableConfig\":{\"attributes\":{\"title\":\"\",\"visualizationType\":\"lnsMetric\",\"type\":\"lens\",\"references\":[{\"type\":\"index-pattern\",\"id\":\"9267bb1b-cf22-4417-8cfb-6606848140a7\",\"name\":\"indexpattern-datasource-layer-426889ea-4a64-47bc-b75b-2db8ebe4da1a\"}],\"state\":{\"visualization\":{\"layerId\":\"426889ea-4a64-47bc-b75b-2db8ebe4da1a\",\"layerType\":\"data\",\"metricAccessor\":\"65782600-85b4-4811-96fe-d5e0b55cec61\",\"maxAccessor\":\"450687e0-0597-4ee7-af97-1ee49bea450d\",\"showBar\":true,\"progressDirection\":\"horizontal\"},\"query\":{\"query\":\"\",\"language\":\"kuery\"},\"filters\":[],\"datasourceStates\":{\"formBased\":{\"layers\":{\"426889ea-4a64-47bc-b75b-2db8ebe4da1a\":{\"columns\":{\"65782600-85b4-4811-96fe-d5e0b55cec61\":{\"label\":\"Windows SMM Security Mitigation Available\",\"dataType\":\"number\",\"operationType\":\"unique_count\",\"scale\":\"ratio\",\"sourceField\":\"host.id\",\"isBucketed\":false,\"params\":{\"emptyAsNull\":false,\"format\":{\"id\":\"number\",\"params\":{\"decimals\":0}}},\"customLabel\":true,\"filter\":{\"query\":\"event.deviceguard.smmsecuritymigrations.available : true \",\"language\":\"kuery\"}},\"450687e0-0597-4ee7-af97-1ee49bea450d\":{\"label\":\"Unique count of host.id\",\"dataType\":\"number\",\"operationType\":\"unique_count\",\"scale\":\"ratio\",\"sourceField\":\"host.id\",\"isBucketed\":false,\"params\":{\"emptyAsNull\":true}}},\"columnOrder\":[\"65782600-85b4-4811-96fe-d5e0b55cec61\",\"450687e0-0597-4ee7-af97-1ee49bea450d\"],\"incompleteColumns\":{}}}},\"textBased\":{\"layers\":{}}},\"internalReferences\":[],\"adHocDataViews\":{}}},\"enhancements\":{}},\"title\":\"\"},{\"version\":\"8.6.2\",\"type\":\"lens\",\"gridData\":{\"x\":13,\"y\":4,\"w\":7,\"h\":4,\"i\":\"75a9ea69-9a70-490e-b260-664cdc9aa03f\"},\"panelIndex\":\"75a9ea69-9a70-490e-b260-664cdc9aa03f\",\"embeddableConfig\":{\"attributes\":{\"title\":\"\",\"visualizationType\":\"lnsMetric\",\"type\":\"lens\",\"references\":[{\"type\":\"index-pattern\",\"id\":\"9267bb1b-cf22-4417-8cfb-6606848140a7\",\"name\":\"indexpattern-datasource-layer-426889ea-4a64-47bc-b75b-2db8ebe4da1a\"}],\"state\":{\"visualization\":{\"layerId\":\"426889ea-4a64-47bc-b75b-2db8ebe4da1a\",\"layerType\":\"data\",\"metricAccessor\":\"65782600-85b4-4811-96fe-d5e0b55cec61\",\"maxAccessor\":\"450687e0-0597-4ee7-af97-1ee49bea450d\",\"showBar\":true,\"progressDirection\":\"horizontal\"},\"query\":{\"query\":\"\",\"language\":\"kuery\"},\"filters\":[],\"datasourceStates\":{\"formBased\":{\"layers\":{\"426889ea-4a64-47bc-b75b-2db8ebe4da1a\":{\"columns\":{\"65782600-85b4-4811-96fe-d5e0b55cec61\":{\"label\":\"HVE Code Integrity Running\",\"dataType\":\"number\",\"operationType\":\"unique_count\",\"scale\":\"ratio\",\"sourceField\":\"host.id\",\"isBucketed\":false,\"params\":{\"emptyAsNull\":false,\"format\":{\"id\":\"number\",\"params\":{\"decimals\":0}}},\"customLabel\":true,\"filter\":{\"query\":\"event.deviceguard.hypervisorenforcedcodeint.running : true \",\"language\":\"kuery\"}},\"450687e0-0597-4ee7-af97-1ee49bea450d\":{\"label\":\"Total Systems\",\"dataType\":\"number\",\"operationType\":\"unique_count\",\"scale\":\"ratio\",\"sourceField\":\"host.id\",\"isBucketed\":false,\"params\":{\"emptyAsNull\":false},\"filter\":{\"query\":\"event.deviceguard.hypervisorenforcedcodeint.enabled : true \",\"language\":\"kuery\"},\"customLabel\":true}},\"columnOrder\":[\"65782600-85b4-4811-96fe-d5e0b55cec61\",\"450687e0-0597-4ee7-af97-1ee49bea450d\"],\"incompleteColumns\":{}}}},\"textBased\":{\"layers\":{}}},\"internalReferences\":[],\"adHocDataViews\":{}}},\"enhancements\":{}},\"title\":\"\"},{\"version\":\"8.6.2\",\"type\":\"lens\",\"gridData\":{\"x\":20,\"y\":4,\"w\":7,\"h\":4,\"i\":\"6e8d444b-1a29-4b93-90bd-f6aebfa0818c\"},\"panelIndex\":\"6e8d444b-1a29-4b93-90bd-f6aebfa0818c\",\"embeddableConfig\":{\"attributes\":{\"title\":\"\",\"visualizationType\":\"lnsMetric\",\"type\":\"lens\",\"references\":[{\"type\":\"index-pattern\",\"id\":\"9267bb1b-cf22-4417-8cfb-6606848140a7\",\"name\":\"indexpattern-datasource-layer-426889ea-4a64-47bc-b75b-2db8ebe4da1a\"}],\"state\":{\"visualization\":{\"layerId\":\"426889ea-4a64-47bc-b75b-2db8ebe4da1a\",\"layerType\":\"data\",\"metricAccessor\":\"65782600-85b4-4811-96fe-d5e0b55cec61\",\"maxAccessor\":\"8b1f00fe-d1df-49df-83c7-812185d80225\",\"showBar\":true,\"progressDirection\":\"horizontal\"},\"query\":{\"query\":\"\",\"language\":\"kuery\"},\"filters\":[],\"datasourceStates\":{\"formBased\":{\"layers\":{\"426889ea-4a64-47bc-b75b-2db8ebe4da1a\":{\"columns\":{\"65782600-85b4-4811-96fe-d5e0b55cec61\":{\"label\":\"Credential Guard Running\",\"dataType\":\"number\",\"operationType\":\"unique_count\",\"scale\":\"ratio\",\"sourceField\":\"host.id\",\"isBucketed\":false,\"params\":{\"emptyAsNull\":false,\"format\":{\"id\":\"number\",\"params\":{\"decimals\":0}}},\"customLabel\":true,\"filter\":{\"query\":\"event.deviceguard.credentialguard.running : true \",\"language\":\"kuery\"}},\"8b1f00fe-d1df-49df-83c7-812185d80225\":{\"label\":\"Total Systems\",\"dataType\":\"number\",\"operationType\":\"unique_count\",\"scale\":\"ratio\",\"sourceField\":\"host.hostname\",\"isBucketed\":false,\"params\":{\"emptyAsNull\":false},\"customLabel\":true,\"filter\":{\"query\":\"event.deviceguard.credentialguard.enabled : true \",\"language\":\"kuery\"}}},\"columnOrder\":[\"65782600-85b4-4811-96fe-d5e0b55cec61\",\"8b1f00fe-d1df-49df-83c7-812185d80225\"],\"incompleteColumns\":{}}}},\"textBased\":{\"layers\":{}}},\"internalReferences\":[],\"adHocDataViews\":{}}},\"enhancements\":{},\"hidePanelTitles\":true}},{\"version\":\"8.6.2\",\"type\":\"lens\",\"gridData\":{\"x\":27,\"y\":4,\"w\":7,\"h\":4,\"i\":\"915bad91-ce3c-461d-94ef-5da768d08aa1\"},\"panelIndex\":\"915bad91-ce3c-461d-94ef-5da768d08aa1\",\"embeddableConfig\":{\"attributes\":{\"title\":\"\",\"visualizationType\":\"lnsMetric\",\"type\":\"lens\",\"references\":[{\"type\":\"index-pattern\",\"id\":\"9267bb1b-cf22-4417-8cfb-6606848140a7\",\"name\":\"indexpattern-datasource-layer-426889ea-4a64-47bc-b75b-2db8ebe4da1a\"}],\"state\":{\"visualization\":{\"layerId\":\"426889ea-4a64-47bc-b75b-2db8ebe4da1a\",\"layerType\":\"data\",\"metricAccessor\":\"65782600-85b4-4811-96fe-d5e0b55cec61\",\"maxAccessor\":\"8b1f00fe-d1df-49df-83c7-812185d80225\",\"showBar\":true,\"progressDirection\":\"horizontal\"},\"query\":{\"query\":\"\",\"language\":\"kuery\"},\"filters\":[],\"datasourceStates\":{\"formBased\":{\"layers\":{\"426889ea-4a64-47bc-b75b-2db8ebe4da1a\":{\"columns\":{\"65782600-85b4-4811-96fe-d5e0b55cec61\":{\"label\":\"Secure Boot Not Available\",\"dataType\":\"number\",\"operationType\":\"unique_count\",\"scale\":\"ratio\",\"sourceField\":\"host.id\",\"isBucketed\":false,\"params\":{\"emptyAsNull\":false,\"format\":{\"id\":\"number\",\"params\":{\"decimals\":0}}},\"customLabel\":true,\"filter\":{\"query\":\"event.deviceguard.secureboot.available : false\",\"language\":\"kuery\"}},\"8b1f00fe-d1df-49df-83c7-812185d80225\":{\"label\":\"Total Systems\",\"dataType\":\"number\",\"operationType\":\"unique_count\",\"scale\":\"ratio\",\"sourceField\":\"host.hostname\",\"isBucketed\":false,\"params\":{\"emptyAsNull\":true},\"customLabel\":true}},\"columnOrder\":[\"65782600-85b4-4811-96fe-d5e0b55cec61\",\"8b1f00fe-d1df-49df-83c7-812185d80225\"],\"incompleteColumns\":{}}}},\"textBased\":{\"layers\":{}}},\"internalReferences\":[],\"adHocDataViews\":{}}},\"enhancements\":{},\"hidePanelTitles\":true},\"title\":\"\"},{\"version\":\"8.6.2\",\"type\":\"lens\",\"gridData\":{\"x\":34,\"y\":4,\"w\":7,\"h\":4,\"i\":\"46f76a3a-3bdf-42cf-9ed6-735fd2f0f27f\"},\"panelIndex\":\"46f76a3a-3bdf-42cf-9ed6-735fd2f0f27f\",\"embeddableConfig\":{\"attributes\":{\"title\":\"\",\"visualizationType\":\"lnsMetric\",\"type\":\"lens\",\"references\":[{\"type\":\"index-pattern\",\"id\":\"9267bb1b-cf22-4417-8cfb-6606848140a7\",\"name\":\"indexpattern-datasource-layer-426889ea-4a64-47bc-b75b-2db8ebe4da1a\"}],\"state\":{\"visualization\":{\"layerId\":\"426889ea-4a64-47bc-b75b-2db8ebe4da1a\",\"layerType\":\"data\",\"metricAccessor\":\"65782600-85b4-4811-96fe-d5e0b55cec61\",\"maxAccessor\":\"8b1f00fe-d1df-49df-83c7-812185d80225\",\"showBar\":true,\"progressDirection\":\"horizontal\"},\"query\":{\"query\":\"\",\"language\":\"kuery\"},\"filters\":[],\"datasourceStates\":{\"formBased\":{\"layers\":{\"426889ea-4a64-47bc-b75b-2db8ebe4da1a\":{\"columns\":{\"65782600-85b4-4811-96fe-d5e0b55cec61\":{\"label\":\"UEFI Enabled\",\"dataType\":\"number\",\"operationType\":\"unique_count\",\"scale\":\"ratio\",\"sourceField\":\"host.id\",\"isBucketed\":false,\"params\":{\"emptyAsNull\":false,\"format\":{\"id\":\"number\",\"params\":{\"decimals\":0}}},\"customLabel\":true,\"filter\":{\"query\":\"event.ufi.enabled : true\",\"language\":\"kuery\"}},\"8b1f00fe-d1df-49df-83c7-812185d80225\":{\"label\":\"Total Systems\",\"dataType\":\"number\",\"operationType\":\"unique_count\",\"scale\":\"ratio\",\"sourceField\":\"host.hostname\",\"isBucketed\":false,\"params\":{\"emptyAsNull\":true},\"customLabel\":true}},\"columnOrder\":[\"65782600-85b4-4811-96fe-d5e0b55cec61\",\"8b1f00fe-d1df-49df-83c7-812185d80225\"],\"incompleteColumns\":{}}}},\"textBased\":{\"layers\":{}}},\"internalReferences\":[],\"adHocDataViews\":{}}},\"enhancements\":{},\"hidePanelTitles\":true},\"title\":\"\"},{\"version\":\"8.6.2\",\"type\":\"lens\",\"gridData\":{\"x\":41,\"y\":4,\"w\":7,\"h\":4,\"i\":\"a1836875-cbd5-44ec-9543-1eea05689733\"},\"panelIndex\":\"a1836875-cbd5-44ec-9543-1eea05689733\",\"embeddableConfig\":{\"attributes\":{\"title\":\"\",\"visualizationType\":\"lnsMetric\",\"type\":\"lens\",\"references\":[{\"type\":\"index-pattern\",\"id\":\"9267bb1b-cf22-4417-8cfb-6606848140a7\",\"name\":\"indexpattern-datasource-layer-426889ea-4a64-47bc-b75b-2db8ebe4da1a\"}],\"state\":{\"visualization\":{\"layerId\":\"426889ea-4a64-47bc-b75b-2db8ebe4da1a\",\"layerType\":\"data\",\"metricAccessor\":\"65782600-85b4-4811-96fe-d5e0b55cec61\",\"maxAccessor\":\"8b1f00fe-d1df-49df-83c7-812185d80225\",\"showBar\":true,\"progressDirection\":\"horizontal\"},\"query\":{\"query\":\"\",\"language\":\"kuery\"},\"filters\":[],\"datasourceStates\":{\"formBased\":{\"layers\":{\"426889ea-4a64-47bc-b75b-2db8ebe4da1a\":{\"columns\":{\"65782600-85b4-4811-96fe-d5e0b55cec61\":{\"label\":\"System Guard Secure Launch Running\",\"dataType\":\"number\",\"operationType\":\"unique_count\",\"scale\":\"ratio\",\"sourceField\":\"host.id\",\"isBucketed\":false,\"params\":{\"emptyAsNull\":false,\"format\":{\"id\":\"number\",\"params\":{\"decimals\":0}}},\"customLabel\":true,\"filter\":{\"query\":\"event.deviceguard.systemguardsecurelaunch.running : true \",\"language\":\"kuery\"}},\"8b1f00fe-d1df-49df-83c7-812185d80225\":{\"label\":\"Total Systems\",\"dataType\":\"number\",\"operationType\":\"unique_count\",\"scale\":\"ratio\",\"sourceField\":\"host.hostname\",\"isBucketed\":false,\"params\":{\"emptyAsNull\":true},\"customLabel\":true,\"filter\":{\"query\":\"event.deviceguard.systemguardsecurelaunch.enabled : true \",\"language\":\"kuery\"}}},\"columnOrder\":[\"65782600-85b4-4811-96fe-d5e0b55cec61\",\"8b1f00fe-d1df-49df-83c7-812185d80225\"],\"incompleteColumns\":{}}}},\"textBased\":{\"layers\":{}}},\"internalReferences\":[],\"adHocDataViews\":{}}},\"enhancements\":{},\"hidePanelTitles\":true},\"title\":\"\"},{\"version\":\"8.6.2\",\"type\":\"lens\",\"gridData\":{\"x\":0,\"y\":8,\"w\":3,\"h\":17,\"i\":\"91fa4dd4-c51a-4d25-bd36-7960198d687c\"},\"panelIndex\":\"91fa4dd4-c51a-4d25-bd36-7960198d687c\",\"embeddableConfig\":{\"attributes\":{\"title\":\"\",\"visualizationType\":\"lnsGauge\",\"type\":\"lens\",\"references\":[{\"type\":\"index-pattern\",\"id\":\"9267bb1b-cf22-4417-8cfb-6606848140a7\",\"name\":\"indexpattern-datasource-layer-e940b5ed-a6d9-488f-871b-d3e89450a469\"}],\"state\":{\"visualization\":{\"layerId\":\"e940b5ed-a6d9-488f-871b-d3e89450a469\",\"layerType\":\"data\",\"shape\":\"verticalBullet\",\"ticksPosition\":\"auto\",\"labelMajorMode\":\"auto\",\"metricAccessor\":\"278aed0b-127a-4727-9b30-36d8cbc242f3\",\"maxAccessor\":\"5b80e387-9916-4bef-9384-2a873e0e498f\",\"minAccessor\":\"3da8457f-342e-4115-ab2e-60b4c410a9bf\"},\"query\":{\"query\":\"\",\"language\":\"kuery\"},\"filters\":[],\"datasourceStates\":{\"formBased\":{\"layers\":{\"e940b5ed-a6d9-488f-871b-d3e89450a469\":{\"columns\":{\"278aed0b-127a-4727-9b30-36d8cbc242f3\":{\"label\":\"TPM Compliant\",\"dataType\":\"number\",\"operationType\":\"unique_count\",\"scale\":\"ratio\",\"sourceField\":\"host.id\",\"isBucketed\":false,\"filter\":{\"query\":\"host.tpm.compliant : true\",\"language\":\"kuery\"},\"params\":{\"emptyAsNull\":false},\"customLabel\":true},\"5b80e387-9916-4bef-9384-2a873e0e498f\":{\"label\":\"Total Systems\",\"dataType\":\"number\",\"operationType\":\"unique_count\",\"scale\":\"ratio\",\"sourceField\":\"host.id\",\"isBucketed\":false,\"params\":{\"emptyAsNull\":false},\"customLabel\":true},\"3da8457f-342e-4115-ab2e-60b4c410a9bf\":{\"label\":\"Static value: 0\",\"dataType\":\"number\",\"operationType\":\"static_value\",\"isStaticValue\":true,\"isBucketed\":false,\"scale\":\"ratio\",\"params\":{\"value\":\"0\"},\"references\":[]}},\"columnOrder\":[\"278aed0b-127a-4727-9b30-36d8cbc242f3\",\"5b80e387-9916-4bef-9384-2a873e0e498f\",\"3da8457f-342e-4115-ab2e-60b4c410a9bf\"],\"sampling\":1,\"incompleteColumns\":{}}}},\"textBased\":{\"layers\":{}}},\"internalReferences\":[],\"adHocDataViews\":{}}},\"hidePanelTitles\":true,\"enhancements\":{}}},{\"version\":\"8.6.2\",\"type\":\"lens\",\"gridData\":{\"x\":3,\"y\":8,\"w\":6,\"h\":11,\"i\":\"14ea02d4-b08f-4545-8415-c06fc189d8d2\"},\"panelIndex\":\"14ea02d4-b08f-4545-8415-c06fc189d8d2\",\"embeddableConfig\":{\"attributes\":{\"title\":\"\",\"visualizationType\":\"lnsLegacyMetric\",\"type\":\"lens\",\"references\":[{\"type\":\"index-pattern\",\"id\":\"9267bb1b-cf22-4417-8cfb-6606848140a7\",\"name\":\"indexpattern-datasource-layer-08732232-1c74-4bc6-9dc9-4fcd5bff66d2\"}],\"state\":{\"visualization\":{\"layerId\":\"08732232-1c74-4bc6-9dc9-4fcd5bff66d2\",\"accessor\":\"7e0f7dc7-3e17-41e7-9037-426df3fb1e02\",\"layerType\":\"data\",\"titlePosition\":\"bottom\",\"textAlign\":\"center\",\"size\":\"l\",\"colorMode\":\"Labels\",\"palette\":{\"name\":\"custom\",\"type\":\"palette\",\"params\":{\"steps\":3,\"name\":\"custom\",\"reverse\":false,\"rangeType\":\"number\",\"rangeMin\":null,\"rangeMax\":100,\"progression\":\"fixed\",\"stops\":[{\"color\":\"#E7664C\",\"stop\":0},{\"color\":\"#E7664C\",\"stop\":60},{\"color\":\"#D6BF57\",\"stop\":90},{\"color\":\"#54B399\",\"stop\":100}],\"colorStops\":[{\"color\":\"#E7664C\",\"stop\":null},{\"color\":\"#E7664C\",\"stop\":0},{\"color\":\"#D6BF57\",\"stop\":60},{\"color\":\"#54B399\",\"stop\":90}],\"continuity\":\"below\",\"maxSteps\":5}}},\"query\":{\"query\":\"\",\"language\":\"kuery\"},\"filters\":[],\"datasourceStates\":{\"formBased\":{\"layers\":{\"08732232-1c74-4bc6-9dc9-4fcd5bff66d2\":{\"columns\":{\"7e0f7dc7-3e17-41e7-9037-426df3fb1e02X0\":{\"label\":\"Part of Percent TPM Compliant\",\"dataType\":\"number\",\"operationType\":\"count\",\"isBucketed\":false,\"scale\":\"ratio\",\"sourceField\":\"___records___\",\"filter\":{\"query\":\"host.tpm.compliant : true\",\"language\":\"kuery\"},\"params\":{\"emptyAsNull\":false},\"customLabel\":true},\"7e0f7dc7-3e17-41e7-9037-426df3fb1e02X1\":{\"label\":\"Part of Percent TPM Compliant\",\"dataType\":\"number\",\"operationType\":\"count\",\"isBucketed\":false,\"scale\":\"ratio\",\"sourceField\":\"___records___\",\"filter\":{\"query\":\"host.tpm.compliant : *\",\"language\":\"kuery\"},\"params\":{\"emptyAsNull\":false},\"customLabel\":true},\"7e0f7dc7-3e17-41e7-9037-426df3fb1e02X2\":{\"label\":\"Part of Percent TPM Compliant\",\"dataType\":\"number\",\"operationType\":\"math\",\"isBucketed\":false,\"scale\":\"ratio\",\"params\":{\"tinymathAst\":{\"type\":\"function\",\"name\":\"divide\",\"args\":[{\"type\":\"function\",\"name\":\"multiply\",\"args\":[\"7e0f7dc7-3e17-41e7-9037-426df3fb1e02X0\",\"7e0f7dc7-3e17-41e7-9037-426df3fb1e02X1\"],\"location\":{\"min\":1,\"max\":77},\"text\":\"count(kql='host.tpm.compliant : true') * count(kql='host.tpm.compliant : *')\"},100],\"location\":{\"min\":0,\"max\":84},\"text\":\"(count(kql='host.tpm.compliant : true') * count(kql='host.tpm.compliant : *')) / 100\"}},\"references\":[\"7e0f7dc7-3e17-41e7-9037-426df3fb1e02X0\",\"7e0f7dc7-3e17-41e7-9037-426df3fb1e02X1\"],\"customLabel\":true},\"7e0f7dc7-3e17-41e7-9037-426df3fb1e02\":{\"label\":\"Percent TPM Compliant\",\"dataType\":\"number\",\"operationType\":\"formula\",\"isBucketed\":false,\"scale\":\"ratio\",\"params\":{\"formula\":\"(count(kql='host.tpm.compliant : true') * count(kql='host.tpm.compliant : *')) / 100\",\"isFormulaBroken\":false,\"format\":{\"id\":\"percent\",\"params\":{\"decimals\":2}}},\"references\":[\"7e0f7dc7-3e17-41e7-9037-426df3fb1e02X2\"],\"customLabel\":true}},\"columnOrder\":[\"7e0f7dc7-3e17-41e7-9037-426df3fb1e02\",\"7e0f7dc7-3e17-41e7-9037-426df3fb1e02X0\",\"7e0f7dc7-3e17-41e7-9037-426df3fb1e02X1\",\"7e0f7dc7-3e17-41e7-9037-426df3fb1e02X2\"],\"sampling\":1,\"incompleteColumns\":{}}}},\"textBased\":{\"layers\":{}}},\"internalReferences\":[],\"adHocDataViews\":{}}},\"hidePanelTitles\":true,\"enhancements\":{}}},{\"version\":\"8.6.2\",\"type\":\"lens\",\"gridData\":{\"x\":9,\"y\":8,\"w\":39,\"h\":32,\"i\":\"4720fc52-f5a8-4db8-a38c-aacecd78ffd4\"},\"panelIndex\":\"4720fc52-f5a8-4db8-a38c-aacecd78ffd4\",\"embeddableConfig\":{\"attributes\":{\"title\":\"\",\"visualizationType\":\"lnsDatatable\",\"type\":\"lens\",\"references\":[{\"type\":\"index-pattern\",\"id\":\"9267bb1b-cf22-4417-8cfb-6606848140a7\",\"name\":\"indexpattern-datasource-layer-1590c162-36ad-41eb-9bb2-14e1ec9ae08b\"}],\"state\":{\"visualization\":{\"columns\":[{\"isTransposed\":false,\"columnId\":\"a3aab062-cb0e-4d7f-8593-ecc6ba8bab6f\",\"oneClickFilter\":true},{\"isTransposed\":false,\"columnId\":\"daf16339-8bfb-4e36-99ce-5e66793f4264\"},{\"isTransposed\":false,\"columnId\":\"39ce7546-1fb9-4625-b47c-b7658520ab4e\"},{\"columnId\":\"ce080286-8ed3-43e4-8df3-f0547b3d2760\",\"isTransposed\":false}],\"layerId\":\"1590c162-36ad-41eb-9bb2-14e1ec9ae08b\",\"layerType\":\"data\"},\"query\":{\"query\":\"\",\"language\":\"kuery\"},\"filters\":[],\"datasourceStates\":{\"formBased\":{\"layers\":{\"1590c162-36ad-41eb-9bb2-14e1ec9ae08b\":{\"columns\":{\"a3aab062-cb0e-4d7f-8593-ecc6ba8bab6f\":{\"label\":\"Hostname\",\"dataType\":\"string\",\"operationType\":\"terms\",\"scale\":\"ordinal\",\"sourceField\":\"host.hostname\",\"isBucketed\":true,\"params\":{\"size\":150,\"orderBy\":{\"type\":\"column\",\"columnId\":\"39ce7546-1fb9-4625-b47c-b7658520ab4e\"},\"orderDirection\":\"desc\",\"otherBucket\":false,\"missingBucket\":false,\"parentFormat\":{\"id\":\"terms\"},\"include\":[],\"exclude\":[],\"includeIsRegex\":false,\"excludeIsRegex\":false},\"customLabel\":true},\"daf16339-8bfb-4e36-99ce-5e66793f4264\":{\"label\":\"OS\",\"dataType\":\"string\",\"operationType\":\"terms\",\"scale\":\"ordinal\",\"sourceField\":\"host.os.name\",\"isBucketed\":true,\"params\":{\"size\":3,\"orderBy\":{\"type\":\"column\",\"columnId\":\"39ce7546-1fb9-4625-b47c-b7658520ab4e\"},\"orderDirection\":\"desc\",\"otherBucket\":true,\"missingBucket\":false,\"parentFormat\":{\"id\":\"terms\"},\"include\":[],\"exclude\":[],\"includeIsRegex\":false,\"excludeIsRegex\":false},\"customLabel\":true},\"39ce7546-1fb9-4625-b47c-b7658520ab4e\":{\"label\":\"Count of records\",\"dataType\":\"number\",\"operationType\":\"count\",\"isBucketed\":false,\"scale\":\"ratio\",\"sourceField\":\"___records___\",\"params\":{\"emptyAsNull\":true}},\"ce080286-8ed3-43e4-8df3-f0547b3d2760\":{\"label\":\"Kernel\",\"dataType\":\"string\",\"operationType\":\"terms\",\"scale\":\"ordinal\",\"sourceField\":\"host.os.kernel\",\"isBucketed\":true,\"params\":{\"size\":3,\"orderBy\":{\"type\":\"column\",\"columnId\":\"39ce7546-1fb9-4625-b47c-b7658520ab4e\"},\"orderDirection\":\"desc\",\"otherBucket\":true,\"missingBucket\":false,\"parentFormat\":{\"id\":\"terms\"},\"include\":[],\"exclude\":[],\"includeIsRegex\":false,\"excludeIsRegex\":false,\"secondaryFields\":[]},\"customLabel\":true}},\"columnOrder\":[\"a3aab062-cb0e-4d7f-8593-ecc6ba8bab6f\",\"daf16339-8bfb-4e36-99ce-5e66793f4264\",\"ce080286-8ed3-43e4-8df3-f0547b3d2760\",\"39ce7546-1fb9-4625-b47c-b7658520ab4e\"],\"incompleteColumns\":{},\"sampling\":1}}},\"textBased\":{\"layers\":{}}},\"internalReferences\":[],\"adHocDataViews\":{}}},\"hidePanelTitles\":false,\"enhancements\":{}},\"title\":\"Host List\"},{\"version\":\"8.6.2\",\"type\":\"lens\",\"gridData\":{\"x\":3,\"y\":19,\"w\":6,\"h\":6,\"i\":\"bde24496-933d-417a-bece-b1d1f5b0ec93\"},\"panelIndex\":\"bde24496-933d-417a-bece-b1d1f5b0ec93\",\"embeddableConfig\":{\"attributes\":{\"title\":\"\",\"visualizationType\":\"lnsMetric\",\"type\":\"lens\",\"references\":[{\"type\":\"index-pattern\",\"id\":\"9267bb1b-cf22-4417-8cfb-6606848140a7\",\"name\":\"indexpattern-datasource-layer-426889ea-4a64-47bc-b75b-2db8ebe4da1a\"}],\"state\":{\"visualization\":{\"layerId\":\"426889ea-4a64-47bc-b75b-2db8ebe4da1a\",\"layerType\":\"data\",\"metricAccessor\":\"65782600-85b4-4811-96fe-d5e0b55cec61\",\"maxAccessor\":\"450687e0-0597-4ee7-af97-1ee49bea450d\",\"showBar\":true,\"progressDirection\":\"horizontal\"},\"query\":{\"query\":\"\",\"language\":\"kuery\"},\"filters\":[],\"datasourceStates\":{\"formBased\":{\"layers\":{\"426889ea-4a64-47bc-b75b-2db8ebe4da1a\":{\"columns\":{\"65782600-85b4-4811-96fe-d5e0b55cec61\":{\"label\":\"TPM Not Available\",\"dataType\":\"number\",\"operationType\":\"unique_count\",\"scale\":\"ratio\",\"sourceField\":\"host.id\",\"isBucketed\":false,\"params\":{\"emptyAsNull\":false,\"format\":{\"id\":\"number\",\"params\":{\"decimals\":0}}},\"customLabel\":true,\"filter\":{\"query\":\"host.tpm.present : \\\"false\\\" \",\"language\":\"kuery\"}},\"450687e0-0597-4ee7-af97-1ee49bea450d\":{\"label\":\"Unique count of host.id\",\"dataType\":\"number\",\"operationType\":\"unique_count\",\"scale\":\"ratio\",\"sourceField\":\"host.id\",\"isBucketed\":false,\"params\":{\"emptyAsNull\":true}}},\"columnOrder\":[\"65782600-85b4-4811-96fe-d5e0b55cec61\",\"450687e0-0597-4ee7-af97-1ee49bea450d\"],\"incompleteColumns\":{}}}},\"textBased\":{\"layers\":{}}},\"internalReferences\":[],\"adHocDataViews\":{}}},\"enhancements\":{}},\"title\":\"\"},{\"version\":\"8.6.2\",\"type\":\"lens\",\"gridData\":{\"x\":0,\"y\":25,\"w\":9,\"h\":15,\"i\":\"336ed7ca-cfb0-4f6f-8537-614b062c122e\"},\"panelIndex\":\"336ed7ca-cfb0-4f6f-8537-614b062c122e\",\"embeddableConfig\":{\"attributes\":{\"title\":\"\",\"visualizationType\":\"lnsPie\",\"type\":\"lens\",\"references\":[{\"type\":\"index-pattern\",\"id\":\"9267bb1b-cf22-4417-8cfb-6606848140a7\",\"name\":\"indexpattern-datasource-layer-43643552-3cbb-4748-a6ab-d2a73bb57c1a\"}],\"state\":{\"visualization\":{\"shape\":\"donut\",\"palette\":{\"type\":\"palette\",\"name\":\"cool\"},\"layers\":[{\"layerId\":\"43643552-3cbb-4748-a6ab-d2a73bb57c1a\",\"primaryGroups\":[\"49f19bf6-e3d2-41b0-bc18-1a22f0915d8c\"],\"metrics\":[\"0537ada3-7bcd-48a3-a141-da31c0877743\"],\"numberDisplay\":\"value\",\"categoryDisplay\":\"default\",\"legendDisplay\":\"show\",\"nestedLegend\":false,\"layerType\":\"data\",\"percentDecimals\":0,\"emptySizeRatio\":0.7,\"legendPosition\":\"right\"}]},\"query\":{\"query\":\"\",\"language\":\"kuery\"},\"filters\":[],\"datasourceStates\":{\"formBased\":{\"layers\":{\"43643552-3cbb-4748-a6ab-d2a73bb57c1a\":{\"columns\":{\"49f19bf6-e3d2-41b0-bc18-1a22f0915d8c\":{\"label\":\"Device Guard Versions\",\"dataType\":\"string\",\"operationType\":\"terms\",\"scale\":\"ordinal\",\"sourceField\":\"event.deviceguard.version\",\"isBucketed\":true,\"params\":{\"size\":5,\"orderBy\":{\"type\":\"column\",\"columnId\":\"0537ada3-7bcd-48a3-a141-da31c0877743\"},\"orderDirection\":\"desc\",\"otherBucket\":false,\"missingBucket\":false,\"parentFormat\":{\"id\":\"terms\"},\"include\":[],\"exclude\":[],\"includeIsRegex\":false,\"excludeIsRegex\":false},\"customLabel\":true},\"0537ada3-7bcd-48a3-a141-da31c0877743\":{\"label\":\"Count of records\",\"dataType\":\"number\",\"operationType\":\"count\",\"isBucketed\":false,\"scale\":\"ratio\",\"sourceField\":\"___records___\",\"params\":{\"emptyAsNull\":true}}},\"columnOrder\":[\"49f19bf6-e3d2-41b0-bc18-1a22f0915d8c\",\"0537ada3-7bcd-48a3-a141-da31c0877743\"],\"incompleteColumns\":{},\"sampling\":1}}},\"textBased\":{\"layers\":{}}},\"internalReferences\":[],\"adHocDataViews\":{}}},\"hidePanelTitles\":false,\"enhancements\":{}},\"title\":\"TPM Versions\"}]",
        "refreshInterval": {
            "pause": true,
            "value": 0
        },
        "timeFrom": "now-30d/d",
        "timeRestore": true,
        "timeTo": "now",
        "title": "[TYCHON] Virtualization Based Security Settings",
        "version": 1
    },
    "coreMigrationVersion": "8.6.2",
    "created_at": "2023-08-28T12:12:27.089Z",
    "id": "tychon-f3f86a20-3d47-11ee-9610-15dee918f31a-host",
    "migrationVersion": {
        "dashboard": "8.6.0"
    },
    "references": [
        {
            "id": "9267bb1b-cf22-4417-8cfb-6606848140a7",
            "name": "98423c47-09a4-460b-a2b2-f3c111bae4b5:indexpattern-datasource-layer-cebe4c55-66db-4691-b44a-a6282a29a7bd",
            "type": "index-pattern"
        },
        {
            "id": "9267bb1b-cf22-4417-8cfb-6606848140a7",
            "name": "0510df0c-1a13-43a1-a9da-e3837ff6b001:indexpattern-datasource-layer-426889ea-4a64-47bc-b75b-2db8ebe4da1a",
            "type": "index-pattern"
        },
        {
            "id": "9267bb1b-cf22-4417-8cfb-6606848140a7",
            "name": "2296650a-59b3-49c3-8766-9b3e5dc2a60b:indexpattern-datasource-layer-426889ea-4a64-47bc-b75b-2db8ebe4da1a",
            "type": "index-pattern"
        },
        {
            "id": "9267bb1b-cf22-4417-8cfb-6606848140a7",
            "name": "b3b4f8d0-f425-4f30-bf9b-08f9bac344be:indexpattern-datasource-layer-426889ea-4a64-47bc-b75b-2db8ebe4da1a",
            "type": "index-pattern"
        },
        {
            "id": "9267bb1b-cf22-4417-8cfb-6606848140a7",
            "name": "8288c8d3-8052-4fcb-b8b1-03a03c088699:indexpattern-datasource-layer-426889ea-4a64-47bc-b75b-2db8ebe4da1a",
            "type": "index-pattern"
        },
        {
            "id": "9267bb1b-cf22-4417-8cfb-6606848140a7",
            "name": "c86a6a37-5078-43c1-aed8-8a49373bafe2:indexpattern-datasource-layer-426889ea-4a64-47bc-b75b-2db8ebe4da1a",
            "type": "index-pattern"
        },
        {
            "id": "9267bb1b-cf22-4417-8cfb-6606848140a7",
            "name": "cbe84ec6-8b4f-4be4-9862-b72c8ed16f0c:indexpattern-datasource-layer-426889ea-4a64-47bc-b75b-2db8ebe4da1a",
            "type": "index-pattern"
        },
        {
            "id": "9267bb1b-cf22-4417-8cfb-6606848140a7",
            "name": "d7ddb672-7f1d-4833-a1a5-becc42cf9dec:indexpattern-datasource-layer-426889ea-4a64-47bc-b75b-2db8ebe4da1a",
            "type": "index-pattern"
        },
        {
            "id": "9267bb1b-cf22-4417-8cfb-6606848140a7",
            "name": "75a9ea69-9a70-490e-b260-664cdc9aa03f:indexpattern-datasource-layer-426889ea-4a64-47bc-b75b-2db8ebe4da1a",
            "type": "index-pattern"
        },
        {
            "id": "9267bb1b-cf22-4417-8cfb-6606848140a7",
            "name": "6e8d444b-1a29-4b93-90bd-f6aebfa0818c:indexpattern-datasource-layer-426889ea-4a64-47bc-b75b-2db8ebe4da1a",
            "type": "index-pattern"
        },
        {
            "id": "9267bb1b-cf22-4417-8cfb-6606848140a7",
            "name": "915bad91-ce3c-461d-94ef-5da768d08aa1:indexpattern-datasource-layer-426889ea-4a64-47bc-b75b-2db8ebe4da1a",
            "type": "index-pattern"
        },
        {
            "id": "9267bb1b-cf22-4417-8cfb-6606848140a7",
            "name": "46f76a3a-3bdf-42cf-9ed6-735fd2f0f27f:indexpattern-datasource-layer-426889ea-4a64-47bc-b75b-2db8ebe4da1a",
            "type": "index-pattern"
        },
        {
            "id": "9267bb1b-cf22-4417-8cfb-6606848140a7",
            "name": "a1836875-cbd5-44ec-9543-1eea05689733:indexpattern-datasource-layer-426889ea-4a64-47bc-b75b-2db8ebe4da1a",
            "type": "index-pattern"
        },
        {
            "id": "9267bb1b-cf22-4417-8cfb-6606848140a7",
            "name": "91fa4dd4-c51a-4d25-bd36-7960198d687c:indexpattern-datasource-layer-e940b5ed-a6d9-488f-871b-d3e89450a469",
            "type": "index-pattern"
        },
        {
            "id": "9267bb1b-cf22-4417-8cfb-6606848140a7",
            "name": "14ea02d4-b08f-4545-8415-c06fc189d8d2:indexpattern-datasource-layer-08732232-1c74-4bc6-9dc9-4fcd5bff66d2",
            "type": "index-pattern"
        },
        {
            "id": "9267bb1b-cf22-4417-8cfb-6606848140a7",
            "name": "4720fc52-f5a8-4db8-a38c-aacecd78ffd4:indexpattern-datasource-layer-1590c162-36ad-41eb-9bb2-14e1ec9ae08b",
            "type": "index-pattern"
        },
        {
            "id": "9267bb1b-cf22-4417-8cfb-6606848140a7",
            "name": "bde24496-933d-417a-bece-b1d1f5b0ec93:indexpattern-datasource-layer-426889ea-4a64-47bc-b75b-2db8ebe4da1a",
            "type": "index-pattern"
        },
        {
            "id": "9267bb1b-cf22-4417-8cfb-6606848140a7",
            "name": "336ed7ca-cfb0-4f6f-8537-614b062c122e:indexpattern-datasource-layer-43643552-3cbb-4748-a6ab-d2a73bb57c1a",
            "type": "index-pattern"
        },
        {
            "id": "f26ce820-3d47-11ee-9610-15dee918f31a",
            "name": "tag-ref-f26ce820-3d47-11ee-9610-15dee918f31a",
            "type": "tag"
        },
        {
            "id": "e18d6100-3c85-11ee-9610-15dee918f31a",
            "name": "tag-ref-e18d6100-3c85-11ee-9610-15dee918f31a",
            "type": "tag"
        },
        {
            "id": "10af3800-10f3-11ee-af86-538da1394f27",
            "name": "tag-ref-10af3800-10f3-11ee-af86-538da1394f27",
            "type": "tag"
        },
        {
            "id": "39b55820-10f2-11ee-af86-538da1394f27",
            "name": "tag-ref-39b55820-10f2-11ee-af86-538da1394f27",
            "type": "tag"
        },
        {
            "id": "fleet-managed-default",
            "name": "tag-ref-fleet-managed-default",
            "type": "tag"
        },
        {
            "id": "fleet-pkg-tychon-default",
            "name": "tag-ref-fleet-pkg-tychon-default",
            "type": "tag"
        }
    ],
    "type": "dashboard",
    "updated_at": "2023-08-28T12:12:27.089Z",
    "version": "Wzg5NzMwMywyMl0="
}