{
    "attributes": {
        "controlGroupInput": {
            "chainingSystem": "HIERARCHICAL",
            "controlStyle": "oneLine",
            "ignoreParentSettingsJSON": "{\"ignoreFilters\":false,\"ignoreQuery\":false,\"ignoreTimerange\":false,\"ignoreValidations\":false}",
            "panelsJSON": "{\"accc2a18-0c16-4d33-b8df-09233a36a580\":{\"order\":0,\"width\":\"large\",\"grow\":true,\"type\":\"optionsListControl\",\"explicitInput\":{\"fieldName\":\"host.hostname\",\"title\":\"Hostname\",\"hideExists\":true,\"hideExclude\":true,\"singleSelect\":true,\"id\":\"accc2a18-0c16-4d33-b8df-09233a36a580\",\"enhancements\":{}}}}"
        },
        "description": "The \"TYCHON Endpoint Browser\" dashboard provides host visualization data for a single endpoint at a time. The dashboard is a set of several individual views broken down by tabs near the top of the screen. The TYCHON Endpoint Browser - Benchmark Results view displays all Benchmark SCAP scan results for the OS and Software installed.",
        "kibanaSavedObjectMeta": {
            "searchSourceJSON": "{\"query\":{\"query\":\"\",\"language\":\"kuery\"},\"filter\":[]}"
        },
        "optionsJSON": "{\"useMargins\":true,\"syncColors\":false,\"syncCursor\":true,\"syncTooltips\":false,\"hidePanelTitles\":false}",
        "panelsJSON": "[{\"version\":\"8.6.2\",\"type\":\"visualization\",\"gridData\":{\"x\":0,\"y\":0,\"w\":48,\"h\":3,\"i\":\"8f6fafd2-91a2-424b-a877-284568fd3f98\"},\"panelIndex\":\"8f6fafd2-91a2-424b-a877-284568fd3f98\",\"embeddableConfig\":{\"hidePanelTitles\":true,\"enhancements\":{}},\"panelRefName\":\"panel_8f6fafd2-91a2-424b-a877-284568fd3f98\"},{\"version\":\"8.6.2\",\"type\":\"lens\",\"gridData\":{\"x\":0,\"y\":12,\"w\":9,\"h\":6,\"i\":\"363067aa-6ee2-41c7-b95d-0e61e6c28537\"},\"panelIndex\":\"363067aa-6ee2-41c7-b95d-0e61e6c28537\",\"embeddableConfig\":{\"attributes\":{\"title\":\"\",\"visualizationType\":\"lnsMetric\",\"type\":\"lens\",\"references\":[{\"name\":\"indexpattern-datasource-layer-6fff9691-3ddd-4388-8285-de60ad5d992f\",\"id\":\"ed7c1bb4-5aac-45d4-9aff-06f4d4ad4a9a\",\"type\":\"index-pattern\"}],\"state\":{\"visualization\":{\"layerId\":\"6fff9691-3ddd-4388-8285-de60ad5d992f\",\"layerType\":\"data\",\"palette\":{\"type\":\"palette\",\"name\":\"status\",\"params\":{\"name\":\"status\",\"reverse\":false,\"rangeType\":\"percent\",\"rangeMin\":0,\"rangeMax\":100,\"progression\":\"fixed\",\"stops\":[{\"color\":\"#209280\",\"stop\":33.33},{\"color\":\"#d6bf57\",\"stop\":66.66},{\"color\":\"#cc5642\",\"stop\":100}],\"steps\":3,\"colorStops\":[],\"continuity\":\"all\",\"maxSteps\":5}},\"metricAccessor\":\"71671d69-d31c-4a61-9ee3-68bacec8d16f\",\"maxAccessor\":\"a2a4b1f7-a375-41c3-8b87-261df67e20c0\",\"showBar\":true,\"progressDirection\":\"horizontal\",\"subtitle\":\"Failed tests to all tests.\"},\"query\":{\"query\":\"\",\"language\":\"kuery\"},\"filters\":[],\"datasourceStates\":{\"formBased\":{\"layers\":{\"6fff9691-3ddd-4388-8285-de60ad5d992f\":{\"columns\":{\"71671d69-d31c-4a61-9ee3-68bacec8d16f\":{\"label\":\"Total Failures\",\"dataType\":\"number\",\"operationType\":\"count\",\"isBucketed\":false,\"scale\":\"ratio\",\"sourceField\":\"___records___\",\"filter\":{\"query\":\"rule.result: \\\"fail\\\"\",\"language\":\"kuery\"},\"params\":{\"emptyAsNull\":false},\"customLabel\":true},\"a2a4b1f7-a375-41c3-8b87-261df67e20c0\":{\"label\":\"Count of records\",\"dataType\":\"number\",\"operationType\":\"count\",\"isBucketed\":false,\"scale\":\"ratio\",\"sourceField\":\"___records___\",\"params\":{\"emptyAsNull\":true},\"filter\":{\"query\":\"rule.result: \\\"fail\\\" or rule.result: \\\"pass\\\"\",\"language\":\"kuery\"}}},\"columnOrder\":[\"71671d69-d31c-4a61-9ee3-68bacec8d16f\",\"a2a4b1f7-a375-41c3-8b87-261df67e20c0\"],\"sampling\":1,\"incompleteColumns\":{}}}},\"textBased\":{\"layers\":{}}},\"internalReferences\":[],\"adHocDataViews\":{}}},\"hidePanelTitles\":true,\"enhancements\":{}}},{\"version\":\"8.6.2\",\"type\":\"lens\",\"gridData\":{\"x\":9,\"y\":3,\"w\":39,\"h\":16,\"i\":\"6eda45c7-cb35-4f4a-8d66-4206ded45c8c\"},\"panelIndex\":\"6eda45c7-cb35-4f4a-8d66-4206ded45c8c\",\"embeddableConfig\":{\"attributes\":{\"title\":\"\",\"visualizationType\":\"lnsDatatable\",\"type\":\"lens\",\"references\":[{\"type\":\"index-pattern\",\"id\":\"ed7c1bb4-5aac-45d4-9aff-06f4d4ad4a9a\",\"name\":\"indexpattern-datasource-layer-3a5ee27d-64e5-4145-91f5-5805379b4f2f\"}],\"state\":{\"visualization\":{\"columns\":[{\"isTransposed\":false,\"columnId\":\"37f5da22-553d-4f51-8e0a-25ba01358872\"},{\"isTransposed\":false,\"columnId\":\"a648975d-7369-4b4b-bf40-70dabb3571c0\",\"alignment\":\"center\"},{\"isTransposed\":false,\"columnId\":\"8991452e-70b0-4dee-a3bb-f840b70af1fe\",\"alignment\":\"center\"},{\"columnId\":\"38dd2eaa-ba46-473b-9ecf-d55a40ef9ed3\",\"isTransposed\":false,\"alignment\":\"center\",\"colorMode\":\"cell\",\"palette\":{\"type\":\"palette\",\"name\":\"temperature\",\"params\":{\"stops\":[{\"color\":\"#6092c0\",\"stop\":0},{\"color\":\"#a8bfda\",\"stop\":20},{\"color\":\"#ebeff5\",\"stop\":40},{\"color\":\"#ecb385\",\"stop\":60},{\"color\":\"#e7664c\",\"stop\":80}],\"name\":\"temperature\",\"continuity\":\"above\",\"reverse\":false,\"rangeMin\":0,\"rangeMax\":null}}},{\"columnId\":\"43067dd3-665f-4543-b21e-3b5f4cc96c97\",\"isTransposed\":false,\"alignment\":\"center\",\"colorMode\":\"cell\",\"palette\":{\"type\":\"palette\",\"name\":\"temperature\",\"params\":{\"stops\":[{\"color\":\"#6092c0\",\"stop\":0},{\"color\":\"#a8bfda\",\"stop\":20},{\"color\":\"#ebeff5\",\"stop\":40},{\"color\":\"#ecb385\",\"stop\":60},{\"color\":\"#e7664c\",\"stop\":80}],\"name\":\"temperature\",\"continuity\":\"above\",\"reverse\":false,\"rangeMin\":0,\"rangeMax\":null}}}],\"layerId\":\"3a5ee27d-64e5-4145-91f5-5805379b4f2f\",\"layerType\":\"data\"},\"query\":{\"query\":\"\",\"language\":\"kuery\"},\"filters\":[],\"datasourceStates\":{\"formBased\":{\"layers\":{\"3a5ee27d-64e5-4145-91f5-5805379b4f2f\":{\"columns\":{\"37f5da22-553d-4f51-8e0a-25ba01358872\":{\"label\":\"Benchmark Name\",\"dataType\":\"string\",\"operationType\":\"terms\",\"scale\":\"ordinal\",\"sourceField\":\"benchmark.name\",\"isBucketed\":true,\"params\":{\"size\":15,\"orderBy\":{\"type\":\"column\",\"columnId\":\"8991452e-70b0-4dee-a3bb-f840b70af1fe\"},\"orderDirection\":\"desc\",\"otherBucket\":true,\"missingBucket\":false,\"parentFormat\":{\"id\":\"terms\"},\"include\":[],\"exclude\":[],\"includeIsRegex\":false,\"excludeIsRegex\":false},\"customLabel\":true},\"a648975d-7369-4b4b-bf40-70dabb3571c0\":{\"label\":\"Version\",\"dataType\":\"string\",\"operationType\":\"terms\",\"scale\":\"ordinal\",\"sourceField\":\"benchmark.version\",\"isBucketed\":true,\"params\":{\"size\":3,\"orderBy\":{\"type\":\"column\",\"columnId\":\"8991452e-70b0-4dee-a3bb-f840b70af1fe\"},\"orderDirection\":\"desc\",\"otherBucket\":true,\"missingBucket\":false,\"parentFormat\":{\"id\":\"terms\"},\"include\":[],\"exclude\":[],\"includeIsRegex\":false,\"excludeIsRegex\":false},\"customLabel\":true},\"8991452e-70b0-4dee-a3bb-f840b70af1fe\":{\"label\":\"Total Checks\",\"dataType\":\"number\",\"operationType\":\"count\",\"isBucketed\":false,\"scale\":\"ratio\",\"sourceField\":\"___records___\",\"params\":{\"emptyAsNull\":true},\"customLabel\":true},\"38dd2eaa-ba46-473b-9ecf-d55a40ef9ed3\":{\"label\":\"Total Failures\",\"dataType\":\"number\",\"operationType\":\"unique_count\",\"scale\":\"ratio\",\"sourceField\":\"rule.id\",\"isBucketed\":false,\"filter\":{\"query\":\"rule.result : \\\"fail\\\" \",\"language\":\"kuery\"},\"params\":{\"emptyAsNull\":false},\"customLabel\":true},\"43067dd3-665f-4543-b21e-3b5f4cc96c97X0\":{\"label\":\"Part of count(kql='rule.result : \\\"fail\\\" ') * 10\",\"dataType\":\"number\",\"operationType\":\"count\",\"isBucketed\":false,\"scale\":\"ratio\",\"sourceField\":\"___records___\",\"filter\":{\"query\":\"rule.result : \\\"fail\\\" \",\"language\":\"kuery\"},\"params\":{\"emptyAsNull\":false},\"customLabel\":true},\"43067dd3-665f-4543-b21e-3b5f4cc96c97X1\":{\"label\":\"Part of count(kql='rule.result : \\\"fail\\\" ') * 10\",\"dataType\":\"number\",\"operationType\":\"math\",\"isBucketed\":false,\"scale\":\"ratio\",\"params\":{\"tinymathAst\":{\"type\":\"function\",\"name\":\"multiply\",\"args\":[\"43067dd3-665f-4543-b21e-3b5f4cc96c97X0\",10],\"location\":{\"min\":0,\"max\":39},\"text\":\"count(kql='rule.result : \\\"fail\\\" ') * 10\"}},\"references\":[\"43067dd3-665f-4543-b21e-3b5f4cc96c97X0\"],\"customLabel\":true},\"43067dd3-665f-4543-b21e-3b5f4cc96c97\":{\"label\":\"Total Score\",\"dataType\":\"number\",\"operationType\":\"formula\",\"isBucketed\":false,\"scale\":\"ratio\",\"params\":{\"formula\":\"count(kql='rule.result : \\\"fail\\\" ') * 10\",\"isFormulaBroken\":false},\"references\":[\"43067dd3-665f-4543-b21e-3b5f4cc96c97X1\"],\"customLabel\":true}},\"columnOrder\":[\"37f5da22-553d-4f51-8e0a-25ba01358872\",\"a648975d-7369-4b4b-bf40-70dabb3571c0\",\"8991452e-70b0-4dee-a3bb-f840b70af1fe\",\"38dd2eaa-ba46-473b-9ecf-d55a40ef9ed3\",\"43067dd3-665f-4543-b21e-3b5f4cc96c97\",\"43067dd3-665f-4543-b21e-3b5f4cc96c97X0\",\"43067dd3-665f-4543-b21e-3b5f4cc96c97X1\"],\"incompleteColumns\":{},\"sampling\":1}}},\"textBased\":{\"layers\":{}}},\"internalReferences\":[],\"adHocDataViews\":{}}},\"hidePanelTitles\":false,\"enhancements\":{}},\"title\":\"Benchmark Results\"},{\"version\":\"8.6.2\",\"type\":\"lens\",\"gridData\":{\"x\":0,\"y\":18,\"w\":9,\"h\":6,\"i\":\"2a770935-c253-4473-9b7c-47353bb53b47\"},\"panelIndex\":\"2a770935-c253-4473-9b7c-47353bb53b47\",\"embeddableConfig\":{\"attributes\":{\"title\":\"\",\"visualizationType\":\"lnsMetric\",\"type\":\"lens\",\"references\":[{\"name\":\"indexpattern-datasource-layer-6fff9691-3ddd-4388-8285-de60ad5d992f\",\"id\":\"ed7c1bb4-5aac-45d4-9aff-06f4d4ad4a9a\",\"type\":\"index-pattern\"}],\"state\":{\"visualization\":{\"layerId\":\"6fff9691-3ddd-4388-8285-de60ad5d992f\",\"layerType\":\"data\",\"palette\":{\"name\":\"custom\",\"type\":\"palette\",\"params\":{\"steps\":3,\"name\":\"custom\",\"reverse\":false,\"rangeType\":\"percent\",\"rangeMin\":null,\"rangeMax\":null,\"progression\":\"fixed\",\"stops\":[{\"color\":\"#E7664C\",\"stop\":33.33},{\"color\":\"#DA8B45\",\"stop\":66.66},{\"color\":\"#6092C0\",\"stop\":100}],\"colorStops\":[{\"color\":\"#E7664C\",\"stop\":null},{\"color\":\"#DA8B45\",\"stop\":33.33},{\"color\":\"#6092C0\",\"stop\":66.66}],\"continuity\":\"all\",\"maxSteps\":5}},\"metricAccessor\":\"71671d69-d31c-4a61-9ee3-68bacec8d16f\",\"maxAccessor\":\"a2a4b1f7-a375-41c3-8b87-261df67e20c0\",\"showBar\":true,\"progressDirection\":\"horizontal\",\"subtitle\":\"Passed tests to all tests.\"},\"query\":{\"query\":\"\",\"language\":\"kuery\"},\"filters\":[],\"datasourceStates\":{\"formBased\":{\"layers\":{\"6fff9691-3ddd-4388-8285-de60ad5d992f\":{\"columns\":{\"71671d69-d31c-4a61-9ee3-68bacec8d16f\":{\"label\":\"Total Passes\",\"dataType\":\"number\",\"operationType\":\"count\",\"isBucketed\":false,\"scale\":\"ratio\",\"sourceField\":\"___records___\",\"filter\":{\"query\":\"rule.result: \\\"pass\\\"\",\"language\":\"kuery\"},\"params\":{\"emptyAsNull\":false},\"customLabel\":true},\"a2a4b1f7-a375-41c3-8b87-261df67e20c0\":{\"label\":\"Count of records\",\"dataType\":\"number\",\"operationType\":\"count\",\"isBucketed\":false,\"scale\":\"ratio\",\"sourceField\":\"___records___\",\"params\":{\"emptyAsNull\":true},\"filter\":{\"query\":\"rule.result: \\\"fail\\\" or rule.result: \\\"pass\\\"\",\"language\":\"kuery\"}}},\"columnOrder\":[\"71671d69-d31c-4a61-9ee3-68bacec8d16f\",\"a2a4b1f7-a375-41c3-8b87-261df67e20c0\"],\"sampling\":1,\"incompleteColumns\":{}}}},\"textBased\":{\"layers\":{}}},\"internalReferences\":[],\"adHocDataViews\":{}}},\"hidePanelTitles\":true,\"enhancements\":{}},\"title\":\"\"},{\"version\":\"8.6.2\",\"type\":\"visualization\",\"gridData\":{\"x\":0,\"y\":24,\"w\":9,\"h\":12,\"i\":\"f96a0653-055c-46d2-9dfd-f44631a1428b\"},\"panelIndex\":\"f96a0653-055c-46d2-9dfd-f44631a1428b\",\"embeddableConfig\":{\"hidePanelTitles\":false,\"enhancements\":{}},\"title\":\"Checks by Results and Severity\",\"panelRefName\":\"panel_f96a0653-055c-46d2-9dfd-f44631a1428b\"},{\"version\":\"8.6.2\",\"type\":\"lens\",\"gridData\":{\"x\":9,\"y\":19,\"w\":39,\"h\":30,\"i\":\"e9ebb74e-da8e-40f8-b8a5-b47558d28d04\"},\"panelIndex\":\"e9ebb74e-da8e-40f8-b8a5-b47558d28d04\",\"embeddableConfig\":{\"attributes\":{\"title\":\"\",\"visualizationType\":\"lnsDatatable\",\"type\":\"lens\",\"references\":[{\"type\":\"index-pattern\",\"id\":\"ed7c1bb4-5aac-45d4-9aff-06f4d4ad4a9a\",\"name\":\"indexpattern-datasource-layer-684ae460-2769-47f6-b1e3-442ea5978011\"}],\"state\":{\"visualization\":{\"columns\":[{\"isTransposed\":false,\"columnId\":\"a19d4424-845d-4c07-bd6f-c90128a0ff8f\"},{\"isTransposed\":false,\"columnId\":\"f06f16d7-6954-48fd-9c3d-cbf7a7c8ccc6\",\"hidden\":true},{\"columnId\":\"fbd00864-4cc9-41ac-9f8d-20265f9601f8\",\"isTransposed\":false,\"alignment\":\"center\"},{\"columnId\":\"9190595b-2b89-47ab-bb49-62819cd2e3a5\",\"isTransposed\":false,\"alignment\":\"center\"},{\"columnId\":\"2bfceb96-1e89-4a1f-83f9-cbb4bc2d0ae4\",\"isTransposed\":false,\"alignment\":\"center\"},{\"columnId\":\"eaef3af5-13f3-4936-baf5-5f1dd42bb36c\",\"isTransposed\":false},{\"columnId\":\"ed8182ed-6249-449f-844f-138d115fc1d6\",\"isTransposed\":false},{\"columnId\":\"f25bbb8d-e09e-4a7a-9979-f6ca304fbcd2\",\"isTransposed\":false,\"alignment\":\"center\"}],\"layerId\":\"684ae460-2769-47f6-b1e3-442ea5978011\",\"layerType\":\"data\"},\"query\":{\"query\":\"\",\"language\":\"kuery\"},\"filters\":[],\"datasourceStates\":{\"formBased\":{\"layers\":{\"684ae460-2769-47f6-b1e3-442ea5978011\":{\"columns\":{\"a19d4424-845d-4c07-bd6f-c90128a0ff8f\":{\"label\":\"Title\",\"dataType\":\"string\",\"operationType\":\"terms\",\"scale\":\"ordinal\",\"sourceField\":\"rule.title\",\"isBucketed\":true,\"params\":{\"size\":100,\"orderBy\":{\"type\":\"column\",\"columnId\":\"f06f16d7-6954-48fd-9c3d-cbf7a7c8ccc6\"},\"orderDirection\":\"desc\",\"otherBucket\":true,\"missingBucket\":false,\"parentFormat\":{\"id\":\"terms\"},\"include\":[],\"exclude\":[],\"includeIsRegex\":false,\"excludeIsRegex\":false},\"customLabel\":true},\"f06f16d7-6954-48fd-9c3d-cbf7a7c8ccc6\":{\"label\":\"Count of records\",\"dataType\":\"number\",\"operationType\":\"count\",\"isBucketed\":false,\"scale\":\"ratio\",\"sourceField\":\"___records___\",\"params\":{\"emptyAsNull\":true}},\"fbd00864-4cc9-41ac-9f8d-20265f9601f8\":{\"label\":\"Finding ID\",\"dataType\":\"string\",\"operationType\":\"terms\",\"scale\":\"ordinal\",\"sourceField\":\"rule.finding_id\",\"isBucketed\":true,\"params\":{\"size\":3,\"orderBy\":{\"type\":\"column\",\"columnId\":\"f06f16d7-6954-48fd-9c3d-cbf7a7c8ccc6\"},\"orderDirection\":\"desc\",\"otherBucket\":true,\"missingBucket\":false,\"parentFormat\":{\"id\":\"terms\"},\"include\":[],\"exclude\":[],\"includeIsRegex\":false,\"excludeIsRegex\":false},\"customLabel\":true},\"9190595b-2b89-47ab-bb49-62819cd2e3a5\":{\"label\":\"Severity\",\"dataType\":\"string\",\"operationType\":\"terms\",\"scale\":\"ordinal\",\"sourceField\":\"rule.severity\",\"isBucketed\":true,\"params\":{\"size\":3,\"orderBy\":{\"type\":\"column\",\"columnId\":\"f06f16d7-6954-48fd-9c3d-cbf7a7c8ccc6\"},\"orderDirection\":\"desc\",\"otherBucket\":true,\"missingBucket\":false,\"parentFormat\":{\"id\":\"terms\"},\"include\":[],\"exclude\":[],\"includeIsRegex\":false,\"excludeIsRegex\":false},\"customLabel\":true},\"2bfceb96-1e89-4a1f-83f9-cbb4bc2d0ae4\":{\"label\":\"Test Result\",\"dataType\":\"string\",\"operationType\":\"terms\",\"scale\":\"ordinal\",\"sourceField\":\"rule.result\",\"isBucketed\":true,\"params\":{\"size\":3,\"orderBy\":{\"type\":\"column\",\"columnId\":\"f06f16d7-6954-48fd-9c3d-cbf7a7c8ccc6\"},\"orderDirection\":\"desc\",\"otherBucket\":true,\"missingBucket\":true,\"parentFormat\":{\"id\":\"terms\"},\"include\":[],\"exclude\":[],\"includeIsRegex\":false,\"excludeIsRegex\":false},\"customLabel\":true},\"eaef3af5-13f3-4936-baf5-5f1dd42bb36c\":{\"label\":\"Rule ID\",\"dataType\":\"string\",\"operationType\":\"terms\",\"scale\":\"ordinal\",\"sourceField\":\"rule.id\",\"isBucketed\":true,\"params\":{\"size\":3,\"orderBy\":{\"type\":\"column\",\"columnId\":\"f06f16d7-6954-48fd-9c3d-cbf7a7c8ccc6\"},\"orderDirection\":\"desc\",\"otherBucket\":true,\"missingBucket\":false,\"parentFormat\":{\"id\":\"terms\"},\"include\":[],\"exclude\":[],\"includeIsRegex\":false,\"excludeIsRegex\":false},\"customLabel\":true},\"ed8182ed-6249-449f-844f-138d115fc1d6\":{\"label\":\"STIG ID\",\"dataType\":\"string\",\"operationType\":\"terms\",\"scale\":\"ordinal\",\"sourceField\":\"rule.stig_id\",\"isBucketed\":true,\"params\":{\"size\":3,\"orderBy\":{\"type\":\"column\",\"columnId\":\"f06f16d7-6954-48fd-9c3d-cbf7a7c8ccc6\"},\"orderDirection\":\"desc\",\"otherBucket\":true,\"missingBucket\":true,\"parentFormat\":{\"id\":\"terms\"},\"include\":[],\"exclude\":[],\"includeIsRegex\":false,\"excludeIsRegex\":false},\"customLabel\":true},\"f25bbb8d-e09e-4a7a-9979-f6ca304fbcd2\":{\"label\":\"Last Reported\",\"dataType\":\"date\",\"operationType\":\"last_value\",\"isBucketed\":false,\"scale\":\"ratio\",\"sourceField\":\"@timestamp\",\"filter\":{\"query\":\"@timestamp: *\",\"language\":\"kuery\"},\"params\":{\"sortField\":\"@timestamp\"},\"customLabel\":true}},\"columnOrder\":[\"a19d4424-845d-4c07-bd6f-c90128a0ff8f\",\"2bfceb96-1e89-4a1f-83f9-cbb4bc2d0ae4\",\"fbd00864-4cc9-41ac-9f8d-20265f9601f8\",\"ed8182ed-6249-449f-844f-138d115fc1d6\",\"9190595b-2b89-47ab-bb49-62819cd2e3a5\",\"eaef3af5-13f3-4936-baf5-5f1dd42bb36c\",\"f06f16d7-6954-48fd-9c3d-cbf7a7c8ccc6\",\"f25bbb8d-e09e-4a7a-9979-f6ca304fbcd2\"],\"incompleteColumns\":{},\"sampling\":1}}},\"textBased\":{\"layers\":{}}},\"internalReferences\":[],\"adHocDataViews\":{}}},\"hidePanelTitles\":false,\"enhancements\":{}},\"title\":\"Rule Results\"},{\"version\":\"8.6.2\",\"type\":\"visualization\",\"gridData\":{\"x\":0,\"y\":3,\"w\":9,\"h\":9,\"i\":\"8a98dfe4-7bf6-43b7-a050-ad6bc362a79e\"},\"panelIndex\":\"8a98dfe4-7bf6-43b7-a050-ad6bc362a79e\",\"embeddableConfig\":{\"savedVis\":{\"id\":\"\",\"title\":\"\",\"description\":\"\",\"type\":\"markdown\",\"params\":{\"fontSize\":12,\"openLinksInNewTab\":false,\"markdown\":\"### Benchmark Results \\nTYCHON scans endpoints for weaknesses in the Operating System and Software to help you meet regulatory compliance and secure your attack surface. TYCHON uses SCAP (Security Content Automation Protocol) to perform checks and read results.\"},\"uiState\":{},\"data\":{\"aggs\":[],\"searchSource\":{\"query\":{\"query\":\"\",\"language\":\"kuery\"},\"filter\":[]}}},\"hidePanelTitles\":true,\"enhancements\":{}}}]",
        "refreshInterval": {
            "pause": true,
            "value": 0
        },
        "timeFrom": "now-30d/d",
        "timeRestore": true,
        "timeTo": "now",
        "title": "[TYCHON] Endpoint Browser - Benchmark Results",
        "version": 1
    },
    "coreMigrationVersion": "8.6.2",
    "created_at": "2023-08-23T20:38:45.823Z",
    "id": "tychon-e1c9c490-41a5-11ee-83e4-c92ed141b9e5-stig",
    "migrationVersion": {
        "dashboard": "8.6.0"
    },
    "references": [
        {
            "id": "ed7c1bb4-5aac-45d4-9aff-06f4d4ad4a9a",
            "name": "kibanaSavedObjectMeta.searchSourceJSON.filter[0].meta.index",
            "type": "index-pattern"
        },
        {
            "id": "tychon-ee4b44b0-40e6-11ee-8111-21f5f34f6dfc",
            "name": "8f6fafd2-91a2-424b-a877-284568fd3f98:panel_8f6fafd2-91a2-424b-a877-284568fd3f98",
            "type": "visualization"
        },
        {
            "id": "ed7c1bb4-5aac-45d4-9aff-06f4d4ad4a9a",
            "name": "363067aa-6ee2-41c7-b95d-0e61e6c28537:indexpattern-datasource-layer-6fff9691-3ddd-4388-8285-de60ad5d992f",
            "type": "index-pattern"
        },
        {
            "id": "ed7c1bb4-5aac-45d4-9aff-06f4d4ad4a9a",
            "name": "6eda45c7-cb35-4f4a-8d66-4206ded45c8c:indexpattern-datasource-layer-3a5ee27d-64e5-4145-91f5-5805379b4f2f",
            "type": "index-pattern"
        },
        {
            "id": "ed7c1bb4-5aac-45d4-9aff-06f4d4ad4a9a",
            "name": "2a770935-c253-4473-9b7c-47353bb53b47:indexpattern-datasource-layer-6fff9691-3ddd-4388-8285-de60ad5d992f",
            "type": "index-pattern"
        },
        {
            "id": "tychon-837878a0-c3cb-11eb-8956-0b1a70e695fd",
            "name": "f96a0653-055c-46d2-9dfd-f44631a1428b:panel_f96a0653-055c-46d2-9dfd-f44631a1428b",
            "type": "visualization"
        },
        {
            "id": "ed7c1bb4-5aac-45d4-9aff-06f4d4ad4a9a",
            "name": "e9ebb74e-da8e-40f8-b8a5-b47558d28d04:indexpattern-datasource-layer-684ae460-2769-47f6-b1e3-442ea5978011",
            "type": "index-pattern"
        },
        {
            "id": "bb5226cd-c099-46d2-bb71-0257232c7d82",
            "name": "controlGroup_accc2a18-0c16-4d33-b8df-09233a36a580:optionsListDataView",
            "type": "index-pattern"
        },
        {
            "id": "tychon-a3922360-3de6-11ee-9610-15dee918f31a",
            "name": "tag-ref-a3922360-3de6-11ee-9610-15dee918f31a",
            "type": "tag"
        },
        {
            "id": "tychon-10af3800-10f3-11ee-af86-538da1394f27",
            "name": "tag-ref-10af3800-10f3-11ee-af86-538da1394f27",
            "type": "tag"
        },
        {
            "id": "tychon-579051b0-10f2-11ee-af86-538da1394f27",
            "name": "tag-ref-579051b0-10f2-11ee-af86-538da1394f27",
            "type": "tag"
        },
        {
            "id": "tychon-39b55820-10f2-11ee-af86-538da1394f27",
            "name": "tag-ref-39b55820-10f2-11ee-af86-538da1394f27",
            "type": "tag"
        },
        {
            "id": "tychon-e18d6100-3c85-11ee-9610-15dee918f31a",
            "name": "tag-ref-e18d6100-3c85-11ee-9610-15dee918f31a",
            "type": "tag"
        }
    ],
    "type": "dashboard",
    "updated_at": "2023-08-23T20:38:45.823Z",
    "version": "WzgyMDAyMiwyMl0="
}