{
    "@timestamp": "2017-10-12T08:05:34.853Z",
    "cloud": {
        "account": {
            "id": "elastic-obs-integrations-dev",
            "name": "elastic-obs-integrations-dev"
        },
        "instance": {
            "id": "4751091017865185079",
            "name": "gke-cluster-1-default-pool-6617a8aa-5clh"
        },
        "machine": {
            "type": "e2-medium"
        },
        "provider": "gcp",
        "availability_zone": "us-central1-c",
        "region": "us-central1"
    },
    "event": {
        "dataset": "gcp.cloudsql_postgresql",
        "duration": 115000,
        "module": "gcp"
    },
    "gcp": {
        "cloudsql_postgresql": {
            "database": {
                "up": 1
            }
        },
        "labels": {
            "user": {
                "goog-gke-node": ""
            }
        }
    },
    "host": {
        "id": "4751091017865185079",
        "name": "gke-cluster-1-default-pool-6617a8aa-5clh"
    },
    "metricset": {
        "name": "metrics",
        "period": 10000
    },
    "service": {
        "type": "gcp"
    }
}