{
    "attributes": {
        "description": null,
        "state": {
            "adHocDataViews": {},
            "datasourceStates": {
                "formBased": {
                    "layers": {
                        "d985e735-8ce6-4cee-acea-2df5ee48fc05": {
                            "columnOrder": [
                                "4692dda1-54b4-4b3f-8e76-20708e22e1ab",
                                "adde9065-5817-4ddc-b340-d71519a94995",
                                "edb01db2-fa13-4ba2-9971-d96b5d42e47e"
                            ],
                            "columns": {
                                "4692dda1-54b4-4b3f-8e76-20708e22e1ab": {
                                    "customLabel": true,
                                    "dataType": "string",
                                    "isBucketed": true,
                                    "label": "Results and Severity",
                                    "operationType": "terms",
                                    "params": {
                                        "orderBy": {
                                            "type": "alphabetical"
                                        },
                                        "orderDirection": "asc",
                                        "parentFormat": {
                                            "id": "terms"
                                        },
                                        "size": 3
                                    },
                                    "scale": "ordinal",
                                    "sourceField": "rule.severity"
                                },
                                "adde9065-5817-4ddc-b340-d71519a94995": {
                                    "dataType": "string",
                                    "isBucketed": true,
                                    "label": "Top 3 values of rule.result",
                                    "operationType": "terms",
                                    "params": {
                                        "orderBy": {
                                            "columnId": "edb01db2-fa13-4ba2-9971-d96b5d42e47e",
                                            "type": "column"
                                        },
                                        "orderDirection": "desc",
                                        "parentFormat": {
                                            "id": "terms"
                                        },
                                        "size": 3
                                    },
                                    "scale": "ordinal",
                                    "sourceField": "rule.result"
                                },
                                "edb01db2-fa13-4ba2-9971-d96b5d42e47e": {
                                    "customLabel": true,
                                    "dataType": "number",
                                    "isBucketed": false,
                                    "label": "Results",
                                    "operationType": "count",
                                    "scale": "ratio",
                                    "sourceField": "___records___"
                                }
                            },
                            "incompleteColumns": {}
                        },
                        "dc42e337-08a9-4623-b480-57aaf4e69a0e": {
                            "columnOrder": [
                                "bef1ef67-b5fb-4177-9077-17be73a0c360",
                                "32dece06-5eb5-45bd-9a70-e7d623409d89",
                                "628defec-6d4e-4df0-be5a-d58b051d5bb1"
                            ],
                            "columns": {
                                "32dece06-5eb5-45bd-9a70-e7d623409d89": {
                                    "dataType": "string",
                                    "isBucketed": true,
                                    "label": "Top 3 values of rule.result",
                                    "operationType": "terms",
                                    "params": {
                                        "orderBy": {
                                            "columnId": "628defec-6d4e-4df0-be5a-d58b051d5bb1",
                                            "type": "column"
                                        },
                                        "orderDirection": "desc",
                                        "parentFormat": {
                                            "id": "terms"
                                        },
                                        "size": 3
                                    },
                                    "scale": "ordinal",
                                    "sourceField": "rule.result"
                                },
                                "628defec-6d4e-4df0-be5a-d58b051d5bb1": {
                                    "dataType": "number",
                                    "isBucketed": false,
                                    "label": "Count of records",
                                    "operationType": "count",
                                    "scale": "ratio",
                                    "sourceField": "___records___"
                                },
                                "bef1ef67-b5fb-4177-9077-17be73a0c360": {
                                    "dataType": "string",
                                    "isBucketed": true,
                                    "label": "Top 3 values of rule.severity",
                                    "operationType": "terms",
                                    "params": {
                                        "orderBy": {
                                            "columnId": "628defec-6d4e-4df0-be5a-d58b051d5bb1",
                                            "type": "column"
                                        },
                                        "orderDirection": "desc",
                                        "parentFormat": {
                                            "id": "terms"
                                        },
                                        "size": 3
                                    },
                                    "scale": "ordinal",
                                    "sourceField": "rule.severity"
                                }
                            },
                            "incompleteColumns": {}
                        }
                    }
                }
            },
            "filters": [],
            "internalReferences": [],
            "query": {
                "language": "kuery",
                "query": ""
            },
            "visualization": {
                "axisTitlesVisibilitySettings": {
                    "x": false,
                    "yLeft": false,
                    "yRight": true
                },
                "layers": [
                    {
                        "accessors": [
                            "edb01db2-fa13-4ba2-9971-d96b5d42e47e"
                        ],
                        "layerId": "d985e735-8ce6-4cee-acea-2df5ee48fc05",
                        "layerType": "data",
                        "palette": {
                            "name": "complimentary",
                            "type": "palette"
                        },
                        "position": "top",
                        "seriesType": "bar_horizontal_percentage_stacked",
                        "showGridlines": false,
                        "splitAccessor": "adde9065-5817-4ddc-b340-d71519a94995",
                        "xAccessor": "4692dda1-54b4-4b3f-8e76-20708e22e1ab"
                    },
                    {
                        "accessors": [
                            "628defec-6d4e-4df0-be5a-d58b051d5bb1"
                        ],
                        "layerId": "dc42e337-08a9-4623-b480-57aaf4e69a0e",
                        "layerType": "data",
                        "palette": {
                            "name": "complimentary",
                            "type": "palette"
                        },
                        "seriesType": "bar_horizontal_percentage_stacked",
                        "splitAccessor": "bef1ef67-b5fb-4177-9077-17be73a0c360",
                        "xAccessor": "32dece06-5eb5-45bd-9a70-e7d623409d89"
                    }
                ],
                "legend": {
                    "isVisible": false,
                    "legendSize": "auto",
                    "position": "left",
                    "showSingleSeries": false
                },
                "preferredSeriesType": "bar_horizontal_percentage_stacked",
                "title": "Empty XY chart"
            }
        },
        "title": "CCRI: Rule Results by Severity Percentage - Lens",
        "visualizationType": "lnsXY"
    },
    "coreMigrationVersion": "8.6.2",
    "created_at": "2023-06-28T13:11:33.495Z",
    "id": "tychon-1d1b99c0-c3e4-11eb-8956-0b1a70e695fd",
    "migrationVersion": {
        "lens": "8.6.0"
    },
    "references": [
        {
            "id": "ed7c1bb4-5aac-45d4-9aff-06f4d4ad4a9a",
            "name": "indexpattern-datasource-layer-d985e735-8ce6-4cee-acea-2df5ee48fc05",
            "type": "index-pattern"
        },
        {
            "id": "ed7c1bb4-5aac-45d4-9aff-06f4d4ad4a9a",
            "name": "indexpattern-datasource-layer-dc42e337-08a9-4623-b480-57aaf4e69a0e",
            "type": "index-pattern"
        }
    ],
    "type": "lens",
    "updated_at": "2023-06-28T13:11:33.495Z",
    "version": "WzMyOTA4NSwxM10="
}