{
    "@timestamp": "2020-02-07T11:48:51.000Z",
    "agent": {
        "ephemeral_id": "e54e6f78-d64d-4f55-ae90-25511c38de57",
        "id": "9878d192-22ad-49b6-a6c2-9959b0815d04",
        "name": "docker-fleet-agent",
        "type": "filebeat",
        "version": "8.0.0-beta1"
    },
    "data_stream": {
        "dataset": "nginx_ingress_controller.access",
        "namespace": "ep",
        "type": "logs"
    },
    "ecs": {
        "version": "8.0.0"
    },
    "elastic_agent": {
        "id": "9878d192-22ad-49b6-a6c2-9959b0815d04",
        "snapshot": false,
        "version": "8.0.0-beta1"
    },
    "event": {
        "agent_id_status": "verified",
        "category": [
            "web"
        ],
        "created": "2022-01-12T03:28:00.188Z",
        "dataset": "nginx_ingress_controller.access",
        "ingested": "2022-01-12T03:28:06Z",
        "kind": "event",
        "outcome": "success",
        "timezone": "+00:00",
        "type": [
            "info"
        ]
    },
    "host": {
        "architecture": "x86_64",
        "containerized": true,
        "hostname": "docker-fleet-agent",
        "id": "4ccba669f0df47fa3f57a9e4169ae7f1",
        "ip": [
            "172.18.0.4"
        ],
        "mac": [
            "02:42:ac:12:00:04"
        ],
        "name": "docker-fleet-agent",
        "os": {
            "codename": "Core",
            "family": "redhat",
            "kernel": "5.11.0-44-generic",
            "name": "CentOS Linux",
            "platform": "centos",
            "type": "linux",
            "version": "7 (Core)"
        }
    },
    "http": {
        "request": {
            "method": "POST"
        },
        "response": {
            "body": {
                "bytes": 59
            },
            "status_code": 200
        },
        "version": "1.1"
    },
    "input": {
        "type": "log"
    },
    "log": {
        "file": {
            "path": "/tmp/service_logs/ingress.log"
        },
        "offset": 0
    },
    "nginx_ingress_controller": {
        "access": {
            "http": {
                "request": {
                    "id": "529a007902362a5f51385a5fa7049884",
                    "length": 89,
                    "time": 0.001
                }
            },
            "remote_ip_list": [
                "192.168.64.1"
            ],
            "upstream": {
                "alternative_name": "",
                "ip": "172.17.0.5",
                "name": "default-web-8080",
                "port": 8080,
                "response": {
                    "length": 59,
                    "status_code": 200,
                    "time": 0
                }
            }
        }
    },
    "related": {
        "ip": [
            "192.168.64.1"
        ]
    },
    "source": {
        "address": "192.168.64.1",
        "ip": "192.168.64.1"
    },
    "tags": [
        "nginx-ingress-controller-access"
    ],
    "url": {
        "original": "/products"
    },
    "user_agent": {
        "device": {
            "name": "Other"
        },
        "name": "curl",
        "original": "curl/7.54.0",
        "version": "7.54.0"
    }
}