{
    "@timestamp": "2022-01-12T03:31:51.309672Z",
    "agent": {
        "ephemeral_id": "fb7ef32a-6061-4dfa-a2c0-d885b7470e0d",
        "id": "9878d192-22ad-49b6-a6c2-9959b0815d04",
        "name": "docker-fleet-agent",
        "type": "filebeat",
        "version": "8.0.0-beta1"
    },
    "data_stream": {
        "dataset": "nginx_ingress_controller.error",
        "namespace": "ep",
        "type": "logs"
    },
    "ecs": {
        "version": "8.0.0"
    },
    "elastic_agent": {
        "id": "9878d192-22ad-49b6-a6c2-9959b0815d04",
        "snapshot": false,
        "version": "8.0.0-beta1"
    },
    "event": {
        "agent_id_status": "verified",
        "category": [
            "web"
        ],
        "created": "2022-01-12T03:32:09.037Z",
        "dataset": "nginx_ingress_controller.error",
        "ingested": "2022-01-12T03:32:10Z",
        "kind": "event",
        "timezone": "+00:00",
        "type": [
            "info"
        ]
    },
    "host": {
        "architecture": "x86_64",
        "containerized": true,
        "hostname": "docker-fleet-agent",
        "id": "4ccba669f0df47fa3f57a9e4169ae7f1",
        "ip": [
            "172.18.0.4"
        ],
        "mac": [
            "02:42:ac:12:00:04"
        ],
        "name": "docker-fleet-agent",
        "os": {
            "codename": "Core",
            "family": "redhat",
            "kernel": "5.11.0-44-generic",
            "name": "CentOS Linux",
            "platform": "centos",
            "type": "linux",
            "version": "7 (Core)"
        }
    },
    "input": {
        "type": "log"
    },
    "log": {
        "file": {
            "path": "/tmp/service_logs/error.log"
        },
        "level": "W",
        "offset": 361
    },
    "message": "Neither --kubeconfig nor --master was specified.  Using the inClusterConfig.  This might not work.",
    "nginx_ingress_controller": {
        "error": {
            "source": {
                "file": "client_config.go",
                "line_number": 608
            },
            "thread_id": 8
        }
    },
    "tags": [
        "nginx-ingress-controller-error"
    ]
}