{
    "package.updateid": "9f2ff11a-e905-4dde-8cec-6d1f948613f7",
    "package.product": "MicrosoftDefenderAntivirus",
    "package.name": "SecurityIntelligenceUpdateforMicrosoftDefenderAntivirus-KB2267602(Version1.381.2926.0)",
    "tychon.id": "5b30ba26bc503cf639fbe77cc38fb015b4e965dd7f4868d3f47f05c7b7f3dc68",
    "tychon.realm": "TYCC9ED65C1B87545D19954D5C3AB93D947",
    "package.reference": "https://go.microsoft.com/fwlink/?LinkId=52661",
    "package.revision": 200,
    "tychon.campaign": "7f979c0d-29f3-4e87-9edf-3cd854fdaf2b",
    "": "Succeeded",
    "package.description": "Installthisupdatetorevisethefilesthatareusedtodetectviruses,spyware,andotherpotentiallyunwantedsoftware.Onceyouhaveinstalledthisitem,itcannotberemoved.",
    "package.installed": "2023-01-3009:21:18"
}