{
    "@timestamp": "2020-06-08T23:41:30.078Z",
    "agent": {
        "ephemeral_id": "f4dde373-2ff7-464b-afdb-da94763f219b",
        "id": "5d3eee86-91a9-4afa-af92-c6b79bd866c0",
        "name": "docker-fleet-agent",
        "type": "filebeat",
        "version": "8.6.0"
    },
    "cloud": {
        "project": {
            "id": "PROJECT_ID"
        },
        "region": "global"
    },
    "data_stream": {
        "dataset": "gcp.loadbalancing_logs",
        "namespace": "ep",
        "type": "logs"
    },
    "destination": {
        "address": "81.2.69.193",
        "ip": "81.2.69.193",
        "nat": {
            "ip": "10.5.3.1",
            "port": 9090
        },
        "port": 8080
    },
    "ecs": {
        "version": "8.11.0"
    },
    "elastic_agent": {
        "id": "5d3eee86-91a9-4afa-af92-c6b79bd866c0",
        "snapshot": true,
        "version": "8.6.0"
    },
    "event": {
        "agent_id_status": "verified",
        "category": [
            "network"
        ],
        "created": "2020-06-08T23:41:30.588Z",
        "dataset": "gcp.loadbalancing_logs",
        "id": "1oek5rg3l3fxj7",
        "ingested": "2023-01-13T15:02:22Z",
        "kind": "event",
        "type": [
            "info"
        ]
    },
    "gcp": {
        "load_balancer": {
            "backend_service_name": "",
            "cache_hit": true,
            "cache_id": "SFO-fbae48ad",
            "cache_lookup": true,
            "forwarding_rule_name": "FORWARDING_RULE_NAME",
            "status_details": "response_from_cache",
            "target_proxy_name": "TARGET_PROXY_NAME",
            "url_map_name": "URL_MAP_NAME"
        }
    },
    "http": {
        "request": {
            "bytes": 577,
            "method": "GET",
            "referrer": "https://developer.mozilla.org/en-US/docs/Web/JavaScript"
        },
        "response": {
            "bytes": 157,
            "status_code": 304
        },
        "version": "2.0"
    },
    "input": {
        "type": "gcp-pubsub"
    },
    "log": {
        "level": "INFO",
        "logger": "projects/PROJECT_ID/logs/requests"
    },
    "network": {
        "protocol": "http"
    },
    "related": {
        "ip": [
            "89.160.20.156",
            "81.2.69.193",
            "10.5.3.1"
        ]
    },
    "source": {
        "address": "89.160.20.156",
        "as": {
            "number": 29518,
            "organization": {
                "name": "Bredband2 AB"
            }
        },
        "geo": {
            "city_name": "Linköping",
            "continent_name": "Europe",
            "country_iso_code": "SE",
            "country_name": "Sweden",
            "location": {
                "lat": 58.4167,
                "lon": 15.6167
            },
            "region_iso_code": "SE-E",
            "region_name": "Östergötland County"
        },
        "ip": "89.160.20.156",
        "port": 9989
    },
    "tags": [
        "forwarded",
        "gcp-loadbalancing_logs"
    ],
    "url": {
        "domain": "81.2.69.193",
        "extension": "jpg",
        "original": "http://81.2.69.193:8080/static/us/three-cats.jpg",
        "path": "/static/us/three-cats.jpg",
        "port": 8080,
        "scheme": "http"
    },
    "user_agent": {
        "device": {
            "name": "Mac"
        },
        "name": "Chrome",
        "original": "Mozilla/5.0 (Macintosh; Intel Mac OS X 10_14_6) AppleWebKit/537.36 (KHTML, like Gecko) Chrome/83.0.4103.61 Safari/537.36",
        "os": {
            "full": "Mac OS X 10.14.6",
            "name": "Mac OS X",
            "version": "10.14.6"
        },
        "version": "83.0.4103.61"
    }
}