{
  "attributes": {
    "controlGroupInput": {
      "chainingSystem": "HIERARCHICAL",
      "controlStyle": "oneLine",
      "ignoreParentSettingsJSON": "{\"ignoreFilters\":false,\"ignoreQuery\":false,\"ignoreTimerange\":false,\"ignoreValidations\":false}",
      "panelsJSON": "{\"c535cbec-5efe-4b1c-ad48-fae93ef20ee4\":{\"type\":\"optionsListControl\",\"order\":0,\"grow\":true,\"width\":\"medium\",\"explicitInput\":{\"id\":\"c535cbec-5efe-4b1c-ad48-fae93ef20ee4\",\"fieldName\":\"gcp.labels.resource.url_map_name\",\"title\":\"URL Map Name\",\"enhancements\":{}}},\"595eea0d-c2b9-497d-af62-2da94e5df5bf\":{\"type\":\"optionsListControl\",\"order\":1,\"grow\":true,\"width\":\"medium\",\"explicitInput\":{\"id\":\"595eea0d-c2b9-497d-af62-2da94e5df5bf\",\"fieldName\":\"gcp.labels.resource.region\",\"title\":\"Region\",\"enhancements\":{}}},\"9b9e3b6f-6224-41ab-b57e-7595f56a956a\":{\"type\":\"optionsListControl\",\"order\":2,\"grow\":true,\"width\":\"medium\",\"explicitInput\":{\"id\":\"9b9e3b6f-6224-41ab-b57e-7595f56a956a\",\"fieldName\":\"gcp.labels.metrics.client_country\",\"title\":\"Client Country\",\"enhancements\":{}}}}"
    },
    "description": "Overview of GCP Load Balancing HTTPS Metrics",
    "kibanaSavedObjectMeta": {
      "searchSourceJSON": "{\"filter\":[{\"$state\":{\"store\":\"appState\"},\"meta\":{\"alias\":null,\"disabled\":false,\"field\":\"data_stream.dataset\",\"indexRefName\":\"kibanaSavedObjectMeta.searchSourceJSON.filter[0].meta.index\",\"key\":\"data_stream.dataset\",\"negate\":false,\"params\":{\"query\":\"gcp.loadbalancing_metrics\"},\"type\":\"phrase\"},\"query\":{\"match_phrase\":{\"data_stream.dataset\":\"gcp.loadbalancing_metrics\"}}}],\"query\":{\"language\":\"kuery\",\"query\":\"\"}}"
    },
    "optionsJSON": "{\"hidePanelTitles\":false,\"syncColors\":false,\"syncCursor\":true,\"syncTooltips\":false,\"useMargins\":true}",
    "panelsJSON": "[{\"embeddableConfig\":{\"attributes\":{\"references\":[],\"state\":{\"adHocDataViews\":{\"tsvb_ad_hoc_metrics-*/@timestamp\":{\"allowNoIndex\":false,\"fieldAttrs\":{},\"fieldFormats\":{},\"id\":\"tsvb_ad_hoc_metrics-*/@timestamp\",\"name\":\"metrics-*\",\"runtimeFieldMap\":{},\"sourceFilters\":[],\"timeFieldName\":\"@timestamp\",\"title\":\"metrics-*\"}},\"datasourceStates\":{\"formBased\":{\"layers\":{\"7c5c0d54-899a-4c8b-b145-642af9f3ecf8\":{\"columnOrder\":[\"684ce09f-0d0f-47f9-8d88-9ab1c42f18c3\",\"93dc7086-3a62-4a8e-9517-257ef6e9a0c1\",\"3ce813df-0038-423e-b402-dfe9162bb6c2\"],\"columns\":{\"3ce813df-0038-423e-b402-dfe9162bb6c2\":{\"dataType\":\"number\",\"filter\":{\"language\":\"kuery\",\"query\":\"gcp.loadbalancing_metrics.https.request.count : * \"},\"isBucketed\":false,\"label\":\"Average of gcp.loadbalancing_metrics.https.request.count\",\"operationType\":\"average\",\"params\":{\"emptyAsNull\":true},\"scale\":\"ratio\",\"sourceField\":\"gcp.loadbalancing_metrics.https.request.count\"},\"684ce09f-0d0f-47f9-8d88-9ab1c42f18c3\":{\"dataType\":\"date\",\"isBucketed\":true,\"label\":\"@timestamp\",\"operationType\":\"date_histogram\",\"params\":{\"dropPartials\":true,\"includeEmptyRows\":true,\"interval\":\"1m\"},\"scale\":\"interval\",\"sourceField\":\"@timestamp\"},\"93dc7086-3a62-4a8e-9517-257ef6e9a0c1\":{\"dataType\":\"string\",\"isBucketed\":true,\"label\":\"Top 10 values of gcp.labels.resource.url_map_name\",\"operationType\":\"terms\",\"params\":{\"exclude\":[],\"excludeIsRegex\":false,\"include\":[],\"includeIsRegex\":false,\"missingBucket\":false,\"orderBy\":{\"columnId\":\"3ce813df-0038-423e-b402-dfe9162bb6c2\",\"type\":\"column\"},\"orderDirection\":\"desc\",\"otherBucket\":false,\"parentFormat\":{\"id\":\"terms\"},\"secondaryFields\":[],\"size\":10},\"scale\":\"ordinal\",\"sourceField\":\"gcp.labels.resource.url_map_name\"}},\"incompleteColumns\":{}}}},\"textBased\":{\"layers\":{}}},\"filters\":[],\"internalReferences\":[{\"id\":\"tsvb_ad_hoc_metrics-*/@timestamp\",\"name\":\"indexpattern-datasource-layer-7c5c0d54-899a-4c8b-b145-642af9f3ecf8\",\"type\":\"index-pattern\"}],\"query\":{\"language\":\"kuery\",\"query\":\"\"},\"visualization\":{\"axisTitlesVisibilitySettings\":{\"x\":true,\"yLeft\":false,\"yRight\":true},\"fillOpacity\":0,\"fittingFunction\":\"None\",\"gridlinesVisibilitySettings\":{\"x\":true,\"yLeft\":true,\"yRight\":true},\"labelsOrientation\":{\"x\":0,\"yLeft\":0,\"yRight\":0},\"layers\":[{\"accessors\":[\"3ce813df-0038-423e-b402-dfe9162bb6c2\"],\"layerId\":\"7c5c0d54-899a-4c8b-b145-642af9f3ecf8\",\"layerType\":\"data\",\"palette\":{\"name\":\"default\",\"type\":\"palette\"},\"seriesType\":\"line\",\"splitAccessor\":\"93dc7086-3a62-4a8e-9517-257ef6e9a0c1\",\"xAccessor\":\"684ce09f-0d0f-47f9-8d88-9ab1c42f18c3\",\"yConfig\":[{\"axisMode\":\"left\",\"color\":\"#68BC00\",\"forAccessor\":\"3ce813df-0038-423e-b402-dfe9162bb6c2\"}]}],\"legend\":{\"isVisible\":true,\"maxLines\":1,\"position\":\"right\",\"shouldTruncate\":true,\"showSingleSeries\":true},\"preferredSeriesType\":\"bar_stacked\",\"tickLabelsVisibilitySettings\":{\"x\":true,\"yLeft\":true,\"yRight\":true},\"valueLabels\":\"hide\",\"valuesInLegend\":true,\"yLeftExtent\":{\"mode\":\"full\"},\"yLeftScale\":\"linear\",\"yRightExtent\":{\"mode\":\"full\"},\"yRightScale\":\"linear\"}},\"title\":\"\",\"type\":\"lens\",\"visualizationType\":\"lnsXY\"},\"enhancements\":{},\"hidePanelTitles\":false,\"type\":\"lens\"},\"gridData\":{\"h\":15,\"i\":\"10490530-a766-4f87-824a-3fc18bf2e85b\",\"w\":24,\"x\":0,\"y\":0},\"panelIndex\":\"10490530-a766-4f87-824a-3fc18bf2e85b\",\"title\":\"Request Count\",\"type\":\"lens\",\"version\":\"8.9.0\"},{\"embeddableConfig\":{\"attributes\":{\"references\":[],\"state\":{\"adHocDataViews\":{\"tsvb_ad_hoc_metrics-*/@timestamp\":{\"allowNoIndex\":false,\"fieldAttrs\":{},\"fieldFormats\":{},\"id\":\"tsvb_ad_hoc_metrics-*/@timestamp\",\"name\":\"metrics-*\",\"runtimeFieldMap\":{},\"sourceFilters\":[],\"timeFieldName\":\"@timestamp\",\"title\":\"metrics-*\"}},\"datasourceStates\":{\"formBased\":{\"layers\":{\"e1f0f6de-caec-475b-b782-a24edec42fa7\":{\"columnOrder\":[\"a109a6bf-8099-419e-8c5e-59963a88df34\",\"a6b2c5b2-ea72-462d-967a-d78681248552\",\"89074a07-b61b-4698-a834-b254107da225\"],\"columns\":{\"89074a07-b61b-4698-a834-b254107da225\":{\"dataType\":\"number\",\"filter\":{\"language\":\"kuery\",\"query\":\"gcp.loadbalancing_metrics.https.backend_request.count : * \"},\"isBucketed\":false,\"label\":\"Average of gcp.loadbalancing_metrics.https.backend_request.count\",\"operationType\":\"average\",\"params\":{\"emptyAsNull\":true},\"scale\":\"ratio\",\"sourceField\":\"gcp.loadbalancing_metrics.https.backend_request.count\"},\"a109a6bf-8099-419e-8c5e-59963a88df34\":{\"dataType\":\"date\",\"isBucketed\":true,\"label\":\"@timestamp\",\"operationType\":\"date_histogram\",\"params\":{\"dropPartials\":true,\"includeEmptyRows\":true,\"interval\":\"1m\"},\"scale\":\"interval\",\"sourceField\":\"@timestamp\"},\"a6b2c5b2-ea72-462d-967a-d78681248552\":{\"dataType\":\"string\",\"isBucketed\":true,\"label\":\"Top 10 values of gcp.labels.resource.url_map_name\",\"operationType\":\"terms\",\"params\":{\"exclude\":[],\"excludeIsRegex\":false,\"include\":[],\"includeIsRegex\":false,\"missingBucket\":false,\"orderBy\":{\"columnId\":\"89074a07-b61b-4698-a834-b254107da225\",\"type\":\"column\"},\"orderDirection\":\"desc\",\"otherBucket\":false,\"parentFormat\":{\"id\":\"terms\"},\"secondaryFields\":[],\"size\":10},\"scale\":\"ordinal\",\"sourceField\":\"gcp.labels.resource.url_map_name\"}},\"incompleteColumns\":{}}}},\"textBased\":{\"layers\":{}}},\"filters\":[],\"internalReferences\":[{\"id\":\"tsvb_ad_hoc_metrics-*/@timestamp\",\"name\":\"indexpattern-datasource-layer-e1f0f6de-caec-475b-b782-a24edec42fa7\",\"type\":\"index-pattern\"}],\"query\":{\"language\":\"kuery\",\"query\":\"\"},\"visualization\":{\"axisTitlesVisibilitySettings\":{\"x\":true,\"yLeft\":false,\"yRight\":true},\"fillOpacity\":0,\"fittingFunction\":\"None\",\"gridlinesVisibilitySettings\":{\"x\":true,\"yLeft\":true,\"yRight\":true},\"labelsOrientation\":{\"x\":0,\"yLeft\":0,\"yRight\":0},\"layers\":[{\"accessors\":[\"89074a07-b61b-4698-a834-b254107da225\"],\"layerId\":\"e1f0f6de-caec-475b-b782-a24edec42fa7\",\"layerType\":\"data\",\"palette\":{\"name\":\"default\",\"type\":\"palette\"},\"seriesType\":\"line\",\"splitAccessor\":\"a6b2c5b2-ea72-462d-967a-d78681248552\",\"xAccessor\":\"a109a6bf-8099-419e-8c5e-59963a88df34\",\"yConfig\":[{\"axisMode\":\"left\",\"color\":\"#68BC00\",\"forAccessor\":\"89074a07-b61b-4698-a834-b254107da225\"}]}],\"legend\":{\"isVisible\":true,\"maxLines\":1,\"position\":\"right\",\"shouldTruncate\":true,\"showSingleSeries\":true},\"preferredSeriesType\":\"bar_stacked\",\"tickLabelsVisibilitySettings\":{\"x\":true,\"yLeft\":true,\"yRight\":true},\"valueLabels\":\"hide\",\"valuesInLegend\":true,\"yLeftExtent\":{\"mode\":\"full\"},\"yLeftScale\":\"linear\",\"yRightExtent\":{\"mode\":\"full\"},\"yRightScale\":\"linear\"}},\"title\":\"\",\"type\":\"lens\",\"visualizationType\":\"lnsXY\"},\"enhancements\":{},\"hidePanelTitles\":false,\"type\":\"lens\"},\"gridData\":{\"h\":15,\"i\":\"8f4baaa9-6f4d-40fa-a77f-9f68f83a379c\",\"w\":24,\"x\":24,\"y\":0},\"panelIndex\":\"8f4baaa9-6f4d-40fa-a77f-9f68f83a379c\",\"title\":\"Backend Request Count\",\"type\":\"lens\",\"version\":\"8.9.0\"},{\"embeddableConfig\":{\"attributes\":{\"references\":[],\"state\":{\"adHocDataViews\":{\"tsvb_ad_hoc_metrics-*/@timestamp\":{\"allowNoIndex\":false,\"fieldAttrs\":{},\"fieldFormats\":{},\"id\":\"tsvb_ad_hoc_metrics-*/@timestamp\",\"name\":\"metrics-*\",\"runtimeFieldMap\":{},\"sourceFilters\":[],\"timeFieldName\":\"@timestamp\",\"title\":\"metrics-*\"}},\"datasourceStates\":{\"formBased\":{\"layers\":{\"966ca6da-5b05-410e-a150-3109af300fa5\":{\"columnOrder\":[\"f0b43dce-7252-4c2b-bd23-40845b5e90b7\",\"8c27a1d4-8232-42c1-9aca-fbf067ed7006\",\"3cbe7ff2-6bad-4a6f-a25d-42dcc0efe4e0\"],\"columns\":{\"3cbe7ff2-6bad-4a6f-a25d-42dcc0efe4e0\":{\"dataType\":\"number\",\"isBucketed\":false,\"label\":\"Average of gcp.loadbalancing_metrics.https.request.bytes\",\"operationType\":\"average\",\"params\":{\"emptyAsNull\":true,\"format\":{\"id\":\"bytes\",\"params\":{\"decimals\":1}}},\"scale\":\"ratio\",\"sourceField\":\"gcp.loadbalancing_metrics.https.request.bytes\"},\"8c27a1d4-8232-42c1-9aca-fbf067ed7006\":{\"dataType\":\"string\",\"isBucketed\":true,\"label\":\"Top 10 values of gcp.labels.resource.url_map_name\",\"operationType\":\"terms\",\"params\":{\"exclude\":[],\"excludeIsRegex\":false,\"include\":[],\"includeIsRegex\":false,\"missingBucket\":false,\"orderBy\":{\"columnId\":\"3cbe7ff2-6bad-4a6f-a25d-42dcc0efe4e0\",\"type\":\"column\"},\"orderDirection\":\"desc\",\"otherBucket\":false,\"parentFormat\":{\"id\":\"terms\"},\"secondaryFields\":[],\"size\":10},\"scale\":\"ordinal\",\"sourceField\":\"gcp.labels.resource.url_map_name\"},\"f0b43dce-7252-4c2b-bd23-40845b5e90b7\":{\"dataType\":\"date\",\"isBucketed\":true,\"label\":\"@timestamp\",\"operationType\":\"date_histogram\",\"params\":{\"dropPartials\":true,\"includeEmptyRows\":true,\"interval\":\"1m\"},\"scale\":\"interval\",\"sourceField\":\"@timestamp\"}},\"incompleteColumns\":{}}}},\"textBased\":{\"layers\":{}}},\"filters\":[],\"internalReferences\":[{\"id\":\"tsvb_ad_hoc_metrics-*/@timestamp\",\"name\":\"indexpattern-datasource-layer-966ca6da-5b05-410e-a150-3109af300fa5\",\"type\":\"index-pattern\"}],\"query\":{\"language\":\"kuery\",\"query\":\"\"},\"visualization\":{\"axisTitlesVisibilitySettings\":{\"x\":true,\"yLeft\":false,\"yRight\":true},\"fillOpacity\":0,\"fittingFunction\":\"None\",\"gridlinesVisibilitySettings\":{\"x\":true,\"yLeft\":true,\"yRight\":true},\"labelsOrientation\":{\"x\":0,\"yLeft\":0,\"yRight\":0},\"layers\":[{\"accessors\":[\"3cbe7ff2-6bad-4a6f-a25d-42dcc0efe4e0\"],\"layerId\":\"966ca6da-5b05-410e-a150-3109af300fa5\",\"layerType\":\"data\",\"palette\":{\"name\":\"default\",\"type\":\"palette\"},\"seriesType\":\"line\",\"splitAccessor\":\"8c27a1d4-8232-42c1-9aca-fbf067ed7006\",\"xAccessor\":\"f0b43dce-7252-4c2b-bd23-40845b5e90b7\",\"yConfig\":[{\"axisMode\":\"left\",\"color\":\"#68BC00\",\"forAccessor\":\"3cbe7ff2-6bad-4a6f-a25d-42dcc0efe4e0\"}]}],\"legend\":{\"isVisible\":true,\"maxLines\":1,\"position\":\"right\",\"shouldTruncate\":true,\"showSingleSeries\":true},\"preferredSeriesType\":\"bar_stacked\",\"tickLabelsVisibilitySettings\":{\"x\":true,\"yLeft\":true,\"yRight\":true},\"valueLabels\":\"hide\",\"valuesInLegend\":true,\"yLeftExtent\":{\"mode\":\"full\"},\"yLeftScale\":\"linear\",\"yRightExtent\":{\"mode\":\"full\"},\"yRightScale\":\"linear\"}},\"title\":\"\",\"type\":\"lens\",\"visualizationType\":\"lnsXY\"},\"enhancements\":{},\"hidePanelTitles\":false,\"type\":\"lens\"},\"gridData\":{\"h\":15,\"i\":\"b90db52e-982e-4360-b5ed-71147ba79246\",\"w\":24,\"x\":0,\"y\":15},\"panelIndex\":\"b90db52e-982e-4360-b5ed-71147ba79246\",\"title\":\"Request Bytes\",\"type\":\"lens\",\"version\":\"8.9.0\"},{\"embeddableConfig\":{\"attributes\":{\"references\":[],\"state\":{\"adHocDataViews\":{\"tsvb_ad_hoc_metrics-*/@timestamp\":{\"allowNoIndex\":false,\"fieldAttrs\":{},\"fieldFormats\":{},\"id\":\"tsvb_ad_hoc_metrics-*/@timestamp\",\"name\":\"metrics-*\",\"runtimeFieldMap\":{},\"sourceFilters\":[],\"timeFieldName\":\"@timestamp\",\"title\":\"metrics-*\"}},\"datasourceStates\":{\"formBased\":{\"layers\":{\"73136403-cbcd-4c9e-9f27-9aed80ff625f\":{\"columnOrder\":[\"f3b08f7d-1fae-49ca-904f-cf5a752ecd42\",\"d967ee7b-e4d5-4d6c-84f8-02fabbad3ed1\",\"e8557dbc-a7af-4b80-b955-f13b99e2ce2b\"],\"columns\":{\"d967ee7b-e4d5-4d6c-84f8-02fabbad3ed1\":{\"dataType\":\"string\",\"isBucketed\":true,\"label\":\"Top 10 values of gcp.labels.resource.url_map_name\",\"operationType\":\"terms\",\"params\":{\"exclude\":[],\"excludeIsRegex\":false,\"include\":[],\"includeIsRegex\":false,\"missingBucket\":false,\"orderBy\":{\"columnId\":\"e8557dbc-a7af-4b80-b955-f13b99e2ce2b\",\"type\":\"column\"},\"orderDirection\":\"desc\",\"otherBucket\":false,\"parentFormat\":{\"id\":\"terms\"},\"secondaryFields\":[],\"size\":10},\"scale\":\"ordinal\",\"sourceField\":\"gcp.labels.resource.url_map_name\"},\"e8557dbc-a7af-4b80-b955-f13b99e2ce2b\":{\"dataType\":\"number\",\"filter\":{\"language\":\"kuery\",\"query\":\"gcp.loadbalancing_metrics.https.backend_request.bytes : * \"},\"isBucketed\":false,\"label\":\"Average of gcp.loadbalancing_metrics.https.backend_request.bytes\",\"operationType\":\"average\",\"params\":{\"emptyAsNull\":true,\"format\":{\"id\":\"bytes\",\"params\":{\"decimals\":1}}},\"scale\":\"ratio\",\"sourceField\":\"gcp.loadbalancing_metrics.https.backend_request.bytes\"},\"f3b08f7d-1fae-49ca-904f-cf5a752ecd42\":{\"dataType\":\"date\",\"isBucketed\":true,\"label\":\"@timestamp\",\"operationType\":\"date_histogram\",\"params\":{\"dropPartials\":true,\"includeEmptyRows\":true,\"interval\":\"1m\"},\"scale\":\"interval\",\"sourceField\":\"@timestamp\"}},\"incompleteColumns\":{}}}},\"textBased\":{\"layers\":{}}},\"filters\":[],\"internalReferences\":[{\"id\":\"tsvb_ad_hoc_metrics-*/@timestamp\",\"name\":\"indexpattern-datasource-layer-73136403-cbcd-4c9e-9f27-9aed80ff625f\",\"type\":\"index-pattern\"}],\"query\":{\"language\":\"kuery\",\"query\":\"\"},\"visualization\":{\"axisTitlesVisibilitySettings\":{\"x\":true,\"yLeft\":false,\"yRight\":true},\"fillOpacity\":0,\"fittingFunction\":\"None\",\"gridlinesVisibilitySettings\":{\"x\":true,\"yLeft\":true,\"yRight\":true},\"labelsOrientation\":{\"x\":0,\"yLeft\":0,\"yRight\":0},\"layers\":[{\"accessors\":[\"e8557dbc-a7af-4b80-b955-f13b99e2ce2b\"],\"layerId\":\"73136403-cbcd-4c9e-9f27-9aed80ff625f\",\"layerType\":\"data\",\"palette\":{\"name\":\"default\",\"type\":\"palette\"},\"seriesType\":\"line\",\"splitAccessor\":\"d967ee7b-e4d5-4d6c-84f8-02fabbad3ed1\",\"xAccessor\":\"f3b08f7d-1fae-49ca-904f-cf5a752ecd42\",\"yConfig\":[{\"axisMode\":\"left\",\"color\":\"#68BC00\",\"forAccessor\":\"e8557dbc-a7af-4b80-b955-f13b99e2ce2b\"}]}],\"legend\":{\"isVisible\":true,\"maxLines\":1,\"position\":\"right\",\"shouldTruncate\":true,\"showSingleSeries\":true},\"preferredSeriesType\":\"bar_stacked\",\"tickLabelsVisibilitySettings\":{\"x\":true,\"yLeft\":true,\"yRight\":true},\"valueLabels\":\"hide\",\"valuesInLegend\":true,\"yLeftExtent\":{\"mode\":\"full\"},\"yLeftScale\":\"linear\",\"yRightExtent\":{\"mode\":\"full\"},\"yRightScale\":\"linear\"}},\"title\":\"\",\"type\":\"lens\",\"visualizationType\":\"lnsXY\"},\"enhancements\":{},\"hidePanelTitles\":false,\"type\":\"lens\"},\"gridData\":{\"h\":15,\"i\":\"e737b020-eb94-4eb1-b53d-50fa551df648\",\"w\":24,\"x\":24,\"y\":15},\"panelIndex\":\"e737b020-eb94-4eb1-b53d-50fa551df648\",\"title\":\"Backend Request Bytes\",\"type\":\"lens\",\"version\":\"8.9.0\"},{\"embeddableConfig\":{\"attributes\":{\"references\":[],\"state\":{\"adHocDataViews\":{\"tsvb_ad_hoc_metrics-*/@timestamp\":{\"allowNoIndex\":false,\"fieldAttrs\":{},\"fieldFormats\":{},\"id\":\"tsvb_ad_hoc_metrics-*/@timestamp\",\"name\":\"metrics-*\",\"runtimeFieldMap\":{},\"sourceFilters\":[],\"timeFieldName\":\"@timestamp\",\"title\":\"metrics-*\"}},\"datasourceStates\":{\"formBased\":{\"layers\":{\"5cee01c5-7b80-42d1-a004-0f7321dba263\":{\"columnOrder\":[\"c3f208c0-6dc3-407c-bf18-6c967b7bc365\",\"5bf2c42a-7601-43f9-8e87-20b9d1f460e1\",\"cd1a9cd3-d5ac-4b74-a457-672c52a77ca6\"],\"columns\":{\"5bf2c42a-7601-43f9-8e87-20b9d1f460e1\":{\"dataType\":\"string\",\"isBucketed\":true,\"label\":\"Top 10 values of gcp.labels.resource.url_map_name\",\"operationType\":\"terms\",\"params\":{\"exclude\":[],\"excludeIsRegex\":false,\"include\":[],\"includeIsRegex\":false,\"missingBucket\":false,\"orderBy\":{\"columnId\":\"cd1a9cd3-d5ac-4b74-a457-672c52a77ca6\",\"type\":\"column\"},\"orderDirection\":\"desc\",\"otherBucket\":false,\"parentFormat\":{\"id\":\"terms\"},\"secondaryFields\":[],\"size\":10},\"scale\":\"ordinal\",\"sourceField\":\"gcp.labels.resource.url_map_name\"},\"c3f208c0-6dc3-407c-bf18-6c967b7bc365\":{\"dataType\":\"date\",\"isBucketed\":true,\"label\":\"@timestamp\",\"operationType\":\"date_histogram\",\"params\":{\"dropPartials\":true,\"includeEmptyRows\":true,\"interval\":\"1m\"},\"scale\":\"interval\",\"sourceField\":\"@timestamp\"},\"cd1a9cd3-d5ac-4b74-a457-672c52a77ca6\":{\"dataType\":\"number\",\"filter\":{\"language\":\"kuery\",\"query\":\"gcp.loadbalancing_metrics.https.response.bytes : * \"},\"isBucketed\":false,\"label\":\"Average of gcp.loadbalancing_metrics.https.response.bytes\",\"operationType\":\"average\",\"params\":{\"emptyAsNull\":true,\"format\":{\"id\":\"bytes\",\"params\":{\"decimals\":1}}},\"scale\":\"ratio\",\"sourceField\":\"gcp.loadbalancing_metrics.https.response.bytes\"}},\"incompleteColumns\":{}}}},\"textBased\":{\"layers\":{}}},\"filters\":[],\"internalReferences\":[{\"id\":\"tsvb_ad_hoc_metrics-*/@timestamp\",\"name\":\"indexpattern-datasource-layer-5cee01c5-7b80-42d1-a004-0f7321dba263\",\"type\":\"index-pattern\"}],\"query\":{\"language\":\"kuery\",\"query\":\"\"},\"visualization\":{\"axisTitlesVisibilitySettings\":{\"x\":true,\"yLeft\":false,\"yRight\":true},\"fillOpacity\":0,\"fittingFunction\":\"None\",\"gridlinesVisibilitySettings\":{\"x\":true,\"yLeft\":true,\"yRight\":true},\"labelsOrientation\":{\"x\":0,\"yLeft\":0,\"yRight\":0},\"layers\":[{\"accessors\":[\"cd1a9cd3-d5ac-4b74-a457-672c52a77ca6\"],\"layerId\":\"5cee01c5-7b80-42d1-a004-0f7321dba263\",\"layerType\":\"data\",\"palette\":{\"name\":\"default\",\"type\":\"palette\"},\"seriesType\":\"line\",\"splitAccessor\":\"5bf2c42a-7601-43f9-8e87-20b9d1f460e1\",\"xAccessor\":\"c3f208c0-6dc3-407c-bf18-6c967b7bc365\",\"yConfig\":[{\"axisMode\":\"left\",\"color\":\"#68BC00\",\"forAccessor\":\"cd1a9cd3-d5ac-4b74-a457-672c52a77ca6\"}]}],\"legend\":{\"isVisible\":true,\"maxLines\":1,\"position\":\"right\",\"shouldTruncate\":true,\"showSingleSeries\":true},\"preferredSeriesType\":\"bar_stacked\",\"tickLabelsVisibilitySettings\":{\"x\":true,\"yLeft\":true,\"yRight\":true},\"valueLabels\":\"hide\",\"valuesInLegend\":true,\"yLeftExtent\":{\"mode\":\"full\"},\"yLeftScale\":\"linear\",\"yRightExtent\":{\"mode\":\"full\"},\"yRightScale\":\"linear\"}},\"title\":\"\",\"type\":\"lens\",\"visualizationType\":\"lnsXY\"},\"enhancements\":{},\"hidePanelTitles\":false,\"type\":\"lens\"},\"gridData\":{\"h\":15,\"i\":\"2bf5bf09-e743-4c6d-8251-d12c9c70f273\",\"w\":24,\"x\":0,\"y\":30},\"panelIndex\":\"2bf5bf09-e743-4c6d-8251-d12c9c70f273\",\"title\":\"Response Bytes\",\"type\":\"lens\",\"version\":\"8.9.0\"},{\"embeddableConfig\":{\"attributes\":{\"references\":[],\"state\":{\"adHocDataViews\":{\"tsvb_ad_hoc_metrics-*/@timestamp\":{\"allowNoIndex\":false,\"fieldAttrs\":{},\"fieldFormats\":{},\"id\":\"tsvb_ad_hoc_metrics-*/@timestamp\",\"name\":\"metrics-*\",\"runtimeFieldMap\":{},\"sourceFilters\":[],\"timeFieldName\":\"@timestamp\",\"title\":\"metrics-*\"}},\"datasourceStates\":{\"formBased\":{\"layers\":{\"2ceb399d-760c-4be9-82c9-baa5cb792a01\":{\"columnOrder\":[\"0de13042-b2c8-439c-99cd-891d578305c3\",\"95a34127-3ab1-48bc-90ed-28109e3466b0\",\"933be65e-78aa-48ca-b1cc-dd0f90c921cd\"],\"columns\":{\"0de13042-b2c8-439c-99cd-891d578305c3\":{\"dataType\":\"date\",\"isBucketed\":true,\"label\":\"@timestamp\",\"operationType\":\"date_histogram\",\"params\":{\"dropPartials\":true,\"includeEmptyRows\":true,\"interval\":\"1m\"},\"scale\":\"interval\",\"sourceField\":\"@timestamp\"},\"933be65e-78aa-48ca-b1cc-dd0f90c921cd\":{\"dataType\":\"number\",\"isBucketed\":false,\"label\":\"Average of gcp.loadbalancing_metrics.https.backend_response.bytes\",\"operationType\":\"average\",\"params\":{\"emptyAsNull\":true,\"format\":{\"id\":\"bytes\",\"params\":{\"decimals\":1}}},\"scale\":\"ratio\",\"sourceField\":\"gcp.loadbalancing_metrics.https.backend_response.bytes\"},\"95a34127-3ab1-48bc-90ed-28109e3466b0\":{\"dataType\":\"string\",\"isBucketed\":true,\"label\":\"Top 10 values of gcp.labels.resource.url_map_name\",\"operationType\":\"terms\",\"params\":{\"exclude\":[],\"excludeIsRegex\":false,\"include\":[],\"includeIsRegex\":false,\"missingBucket\":false,\"orderBy\":{\"columnId\":\"933be65e-78aa-48ca-b1cc-dd0f90c921cd\",\"type\":\"column\"},\"orderDirection\":\"desc\",\"otherBucket\":false,\"parentFormat\":{\"id\":\"terms\"},\"secondaryFields\":[],\"size\":10},\"scale\":\"ordinal\",\"sourceField\":\"gcp.labels.resource.url_map_name\"}},\"incompleteColumns\":{}}}},\"textBased\":{\"layers\":{}}},\"filters\":[],\"internalReferences\":[{\"id\":\"tsvb_ad_hoc_metrics-*/@timestamp\",\"name\":\"indexpattern-datasource-layer-2ceb399d-760c-4be9-82c9-baa5cb792a01\",\"type\":\"index-pattern\"}],\"query\":{\"language\":\"kuery\",\"query\":\"\"},\"visualization\":{\"axisTitlesVisibilitySettings\":{\"x\":true,\"yLeft\":false,\"yRight\":true},\"fillOpacity\":0,\"fittingFunction\":\"None\",\"gridlinesVisibilitySettings\":{\"x\":true,\"yLeft\":true,\"yRight\":true},\"labelsOrientation\":{\"x\":0,\"yLeft\":0,\"yRight\":0},\"layers\":[{\"accessors\":[\"933be65e-78aa-48ca-b1cc-dd0f90c921cd\"],\"layerId\":\"2ceb399d-760c-4be9-82c9-baa5cb792a01\",\"layerType\":\"data\",\"palette\":{\"name\":\"default\",\"type\":\"palette\"},\"seriesType\":\"line\",\"splitAccessor\":\"95a34127-3ab1-48bc-90ed-28109e3466b0\",\"xAccessor\":\"0de13042-b2c8-439c-99cd-891d578305c3\",\"yConfig\":[{\"axisMode\":\"left\",\"color\":\"#68BC00\",\"forAccessor\":\"933be65e-78aa-48ca-b1cc-dd0f90c921cd\"}]}],\"legend\":{\"isVisible\":true,\"maxLines\":1,\"position\":\"right\",\"shouldTruncate\":true,\"showSingleSeries\":true},\"preferredSeriesType\":\"bar_stacked\",\"tickLabelsVisibilitySettings\":{\"x\":true,\"yLeft\":true,\"yRight\":true},\"valueLabels\":\"hide\",\"valuesInLegend\":true,\"yLeftExtent\":{\"mode\":\"full\"},\"yLeftScale\":\"linear\",\"yRightExtent\":{\"mode\":\"full\"},\"yRightScale\":\"linear\"}},\"title\":\"\",\"type\":\"lens\",\"visualizationType\":\"lnsXY\"},\"enhancements\":{},\"hidePanelTitles\":false,\"type\":\"lens\"},\"gridData\":{\"h\":15,\"i\":\"a2a5c845-d426-425f-b2e6-e8df6038fd9d\",\"w\":24,\"x\":24,\"y\":30},\"panelIndex\":\"a2a5c845-d426-425f-b2e6-e8df6038fd9d\",\"title\":\"Backend Response Bytes\",\"type\":\"lens\",\"version\":\"8.9.0\"}]",
    "timeRestore": false,
    "title": "[Metrics GCP] Load Balancing HTTPS Overview",
    "version": 1
  },
  "coreMigrationVersion": "8.8.0",
  "created_at": "2024-04-22T11:50:07.017Z",
  "id": "gcp-aa5b8bd0-9157-11ea-8180-7b0dacd9df87",
  "managed": false,
  "references": [
    {
      "id": "metrics-*",
      "name": "kibanaSavedObjectMeta.searchSourceJSON.filter[0].meta.index",
      "type": "index-pattern"
    },
    {
      "id": "metrics-*",
      "name": "controlGroup_c535cbec-5efe-4b1c-ad48-fae93ef20ee4:optionsListDataView",
      "type": "index-pattern"
    },
    {
      "id": "metrics-*",
      "name": "controlGroup_595eea0d-c2b9-497d-af62-2da94e5df5bf:optionsListDataView",
      "type": "index-pattern"
    },
    {
      "id": "metrics-*",
      "name": "controlGroup_9b9e3b6f-6224-41ab-b57e-7595f56a956a:optionsListDataView",
      "type": "index-pattern"
    }
  ],
  "type": "dashboard",
  "typeMigrationVersion": "8.9.0"
}