{
  "attributes": {
    "description": "Overview of the audit log data from Google Cloud.",
    "kibanaSavedObjectMeta": {
      "searchSourceJSON": "{\"filter\":[{\"$state\":{\"store\":\"appState\"},\"meta\":{\"alias\":\"Only data from gcp.audit dataset\",\"disabled\":false,\"indexRefName\":\"kibanaSavedObjectMeta.searchSourceJSON.filter[0].meta.index\",\"key\":\"data_stream.dataset\",\"negate\":false,\"params\":{\"query\":\"gcp.audit\"},\"type\":\"phrase\"},\"query\":{\"match_phrase\":{\"data_stream.dataset\":\"gcp.audit\"}}}],\"query\":{\"language\":\"kuery\",\"query\":\"\"}}"
    },
    "optionsJSON": "{\"hidePanelTitles\":false,\"syncColors\":false,\"syncCursor\":true,\"syncTooltips\":false,\"useMargins\":true}",
    "panelsJSON": "[{\"embeddableConfig\":{\"enhancements\":{},\"hidePanelTitles\":false},\"gridData\":{\"h\":9,\"i\":\"95ebbda8-9b00-4b23-b116-72569ea031e3\",\"w\":48,\"x\":0,\"y\":29},\"panelIndex\":\"95ebbda8-9b00-4b23-b116-72569ea031e3\",\"panelRefName\":\"panel_95ebbda8-9b00-4b23-b116-72569ea031e3\",\"title\":\"Audit Event List\",\"type\":\"search\",\"version\":\"8.7.1\"},{\"embeddableConfig\":{\"attributes\":{\"description\":\"\",\"layerListJSON\":\"[{\\\"alpha\\\":1,\\\"id\\\":\\\"866b5ce1-6ca0-47db-a6f2-54c5e0dcd2f0\\\",\\\"label\\\":null,\\\"maxZoom\\\":24,\\\"minZoom\\\":0,\\\"sourceDescriptor\\\":{\\\"isAutoSelect\\\":true,\\\"type\\\":\\\"EMS_TMS\\\",\\\"lightModeDefault\\\":\\\"road_map\\\"},\\\"style\\\":{},\\\"type\\\":\\\"EMS_VECTOR_TILE\\\",\\\"visible\\\":true},{\\\"alpha\\\":0.75,\\\"id\\\":\\\"279da950-e9a7-4287-ab37-25906e448455\\\",\\\"joins\\\":[],\\\"label\\\":\\\"Source Locations\\\",\\\"maxZoom\\\":24,\\\"minZoom\\\":0,\\\"query\\\":{\\\"language\\\":\\\"kuery\\\",\\\"query\\\":\\\"data_stream.dataset:gcp.audit\\\"},\\\"sourceDescriptor\\\":{\\\"applyGlobalQuery\\\":true,\\\"filterByMapBounds\\\":true,\\\"geoField\\\":\\\"source.geo.location\\\",\\\"id\\\":\\\"79ec6461-7561-45e4-a6a2-9d6fbd4cf986\\\",\\\"scalingType\\\":\\\"LIMIT\\\",\\\"sortField\\\":\\\"\\\",\\\"sortOrder\\\":\\\"desc\\\",\\\"tooltipProperties\\\":[],\\\"topHitsSize\\\":1,\\\"type\\\":\\\"ES_SEARCH\\\",\\\"indexPatternRefName\\\":\\\"layer_1_source_index_pattern\\\"},\\\"style\\\":{\\\"isTimeAware\\\":true,\\\"properties\\\":{\\\"fillColor\\\":{\\\"options\\\":{\\\"color\\\":\\\"#54B399\\\"},\\\"type\\\":\\\"STATIC\\\"},\\\"icon\\\":{\\\"options\\\":{\\\"value\\\":\\\"marker\\\"},\\\"type\\\":\\\"STATIC\\\"},\\\"iconOrientation\\\":{\\\"options\\\":{\\\"orientation\\\":0},\\\"type\\\":\\\"STATIC\\\"},\\\"iconSize\\\":{\\\"options\\\":{\\\"size\\\":6},\\\"type\\\":\\\"STATIC\\\"},\\\"labelBorderColor\\\":{\\\"options\\\":{\\\"color\\\":\\\"#FFFFFF\\\"},\\\"type\\\":\\\"STATIC\\\"},\\\"labelBorderSize\\\":{\\\"options\\\":{\\\"size\\\":\\\"SMALL\\\"}},\\\"labelColor\\\":{\\\"options\\\":{\\\"color\\\":\\\"#000000\\\"},\\\"type\\\":\\\"STATIC\\\"},\\\"labelSize\\\":{\\\"options\\\":{\\\"size\\\":14},\\\"type\\\":\\\"STATIC\\\"},\\\"labelText\\\":{\\\"options\\\":{\\\"value\\\":\\\"\\\"},\\\"type\\\":\\\"STATIC\\\"},\\\"lineColor\\\":{\\\"options\\\":{\\\"color\\\":\\\"#41937c\\\"},\\\"type\\\":\\\"STATIC\\\"},\\\"lineWidth\\\":{\\\"options\\\":{\\\"size\\\":1},\\\"type\\\":\\\"STATIC\\\"},\\\"symbolizeAs\\\":{\\\"options\\\":{\\\"value\\\":\\\"circle\\\"}}},\\\"type\\\":\\\"VECTOR\\\"},\\\"type\\\":\\\"GEOJSON_VECTOR\\\",\\\"visible\\\":true}]\",\"mapStateJSON\":\"{\\\"adHocDataViews\\\":[],\\\"zoom\\\":1.97,\\\"center\\\":{\\\"lon\\\":-48.67493,\\\"lat\\\":32.1625},\\\"timeFilters\\\":{\\\"from\\\":\\\"now-10y\\\",\\\"to\\\":\\\"now\\\"},\\\"refreshConfig\\\":{\\\"isPaused\\\":true,\\\"interval\\\":0},\\\"query\\\":{\\\"language\\\":\\\"kuery\\\",\\\"query\\\":\\\"\\\"},\\\"filters\\\":[{\\\"meta\\\":{\\\"disabled\\\":false,\\\"negate\\\":false,\\\"alias\\\":null,\\\"index\\\":\\\"logs-*\\\",\\\"key\\\":\\\"data_stream.dataset\\\",\\\"field\\\":\\\"data_stream.dataset\\\",\\\"params\\\":{\\\"query\\\":\\\"gcp.audit\\\"},\\\"type\\\":\\\"phrase\\\"},\\\"query\\\":{\\\"match_phrase\\\":{\\\"data_stream.dataset\\\":\\\"gcp.audit\\\"}},\\\"$state\\\":{\\\"store\\\":\\\"appState\\\"}}],\\\"settings\\\":{\\\"autoFitToDataBounds\\\":false,\\\"backgroundColor\\\":\\\"#ffffff\\\",\\\"customIcons\\\":[],\\\"disableInteractive\\\":false,\\\"disableTooltipControl\\\":false,\\\"hideToolbarOverlay\\\":false,\\\"hideLayerControl\\\":false,\\\"hideViewControl\\\":false,\\\"initialLocation\\\":\\\"LAST_SAVED_LOCATION\\\",\\\"fixedLocation\\\":{\\\"lat\\\":0,\\\"lon\\\":0,\\\"zoom\\\":2},\\\"browserLocation\\\":{\\\"zoom\\\":2},\\\"keydownScrollZoom\\\":false,\\\"maxZoom\\\":24,\\\"minZoom\\\":0,\\\"showScaleControl\\\":false,\\\"showSpatialFilters\\\":true,\\\"showTimesliderToggleButton\\\":true,\\\"spatialFiltersAlpa\\\":0.3,\\\"spatialFiltersFillColor\\\":\\\"#DA8B45\\\",\\\"spatialFiltersLineColor\\\":\\\"#DA8B45\\\"}}\",\"title\":\"Audit Source Locations [Logs GCP]\",\"uiStateJSON\":\"{\\\"isLayerTOCOpen\\\":false,\\\"openTOCDetails\\\":[]}\"},\"enhancements\":{},\"hiddenLayers\":[],\"hidePanelTitles\":false,\"isLayerTOCOpen\":false,\"mapCenter\":{\"lat\":32.1625,\"lon\":-48.67493,\"zoom\":1.97},\"openTOCDetails\":[]},\"gridData\":{\"h\":15,\"i\":\"68d8455e-9e37-48fa-ae7c-ee1022c52dff\",\"w\":24,\"x\":0,\"y\":0},\"panelIndex\":\"68d8455e-9e37-48fa-ae7c-ee1022c52dff\",\"title\":\"Audit Source Locations\",\"type\":\"map\",\"version\":\"8.7.1\"},{\"embeddableConfig\":{\"attributes\":{\"references\":[{\"id\":\"logs-*\",\"name\":\"indexpattern-datasource-layer-e3b96831-165b-4e86-b25d-12740953faae\",\"type\":\"index-pattern\"},{\"id\":\"logs-*\",\"name\":\"43b3dd3e-fe0c-41e3-a5a7-4f0fddf1e899\",\"type\":\"index-pattern\"}],\"state\":{\"adHocDataViews\":{},\"datasourceStates\":{\"formBased\":{\"layers\":{\"e3b96831-165b-4e86-b25d-12740953faae\":{\"columnOrder\":[\"1cab7906-caa2-4d3d-93e1-ee2a0090929a\",\"75226198-29ed-4e83-9dd0-2d3f0a153f68\",\"8912b24e-e984-4edf-8707-08708a78bb29\"],\"columns\":{\"1cab7906-caa2-4d3d-93e1-ee2a0090929a\":{\"customLabel\":true,\"dataType\":\"date\",\"isBucketed\":true,\"label\":\"@timestamp\",\"operationType\":\"date_histogram\",\"params\":{\"dropPartials\":false,\"includeEmptyRows\":false,\"interval\":\"auto\"},\"scale\":\"interval\",\"sourceField\":\"@timestamp\"},\"75226198-29ed-4e83-9dd0-2d3f0a153f68\":{\"customLabel\":true,\"dataType\":\"string\",\"isBucketed\":true,\"label\":\"event.outcome: Descending\",\"operationType\":\"terms\",\"params\":{\"exclude\":[],\"excludeIsRegex\":false,\"include\":[],\"includeIsRegex\":false,\"missingBucket\":true,\"orderBy\":{\"columnId\":\"8912b24e-e984-4edf-8707-08708a78bb29\",\"type\":\"column\"},\"orderDirection\":\"desc\",\"otherBucket\":false,\"parentFormat\":{\"id\":\"terms\"},\"size\":5},\"scale\":\"ordinal\",\"sourceField\":\"event.outcome\"},\"8912b24e-e984-4edf-8707-08708a78bb29\":{\"customLabel\":true,\"dataType\":\"number\",\"isBucketed\":false,\"label\":\"Count\",\"operationType\":\"count\",\"params\":{\"emptyAsNull\":true},\"scale\":\"ratio\",\"sourceField\":\"___records___\"}},\"incompleteColumns\":{}}}},\"textBased\":{\"layers\":{}}},\"filters\":[{\"$state\":{\"store\":\"appState\"},\"meta\":{\"alias\":null,\"disabled\":false,\"index\":\"43b3dd3e-fe0c-41e3-a5a7-4f0fddf1e899\",\"key\":\"data_stream.dataset\",\"negate\":false,\"params\":{\"query\":\"gcp.audit\"},\"type\":\"phrase\"},\"query\":{\"match_phrase\":{\"data_stream.dataset\":\"gcp.audit\"}}}],\"internalReferences\":[],\"query\":{\"language\":\"kuery\",\"query\":\"\"},\"visualization\":{\"axisTitlesVisibilitySettings\":{\"x\":true,\"yLeft\":true,\"yRight\":true},\"curveType\":\"LINEAR\",\"gridlinesVisibilitySettings\":{\"x\":false,\"yLeft\":false,\"yRight\":true},\"labelsOrientation\":{\"x\":0,\"yLeft\":0,\"yRight\":-90},\"layers\":[{\"accessors\":[\"8912b24e-e984-4edf-8707-08708a78bb29\"],\"isHistogram\":true,\"layerId\":\"e3b96831-165b-4e86-b25d-12740953faae\",\"layerType\":\"data\",\"palette\":{\"name\":\"default\",\"type\":\"palette\"},\"seriesType\":\"bar_stacked\",\"simpleView\":false,\"splitAccessor\":\"75226198-29ed-4e83-9dd0-2d3f0a153f68\",\"xAccessor\":\"1cab7906-caa2-4d3d-93e1-ee2a0090929a\",\"xScaleType\":\"time\",\"yConfig\":[{\"axisMode\":\"left\",\"forAccessor\":\"8912b24e-e984-4edf-8707-08708a78bb29\"}]}],\"legend\":{\"isVisible\":true,\"legendSize\":\"auto\",\"maxLines\":1,\"position\":\"right\",\"shouldTruncate\":true,\"showSingleSeries\":true},\"preferredSeriesType\":\"bar_stacked\",\"showCurrentTimeMarker\":false,\"tickLabelsVisibilitySettings\":{\"x\":true,\"yLeft\":true,\"yRight\":true},\"valueLabels\":\"hide\",\"valuesInLegend\":false,\"yLeftExtent\":{\"enforce\":true,\"mode\":\"full\"},\"yLeftScale\":\"linear\",\"yRightScale\":\"linear\",\"yTitle\":\"Count\"}},\"title\":\"Audit Events Outcome over time [Logs GCP] (converted)\",\"type\":\"lens\",\"visualizationType\":\"lnsXY\"},\"enhancements\":{},\"hidePanelTitles\":false},\"gridData\":{\"h\":15,\"i\":\"9f857560-27dd-4dfc-8b9d-814d0877fa0c\",\"w\":24,\"x\":24,\"y\":0},\"panelIndex\":\"9f857560-27dd-4dfc-8b9d-814d0877fa0c\",\"title\":\"[Logs GCP] Audit Events Outcome over time\",\"type\":\"lens\",\"version\":\"8.7.1\"},{\"embeddableConfig\":{\"attributes\":{\"references\":[{\"id\":\"logs-*\",\"name\":\"indexpattern-datasource-layer-d2f965ac-19da-47f0-bccd-9ecb4b576163\",\"type\":\"index-pattern\"},{\"id\":\"logs-*\",\"name\":\"3cfa5f4a-fb79-4c4f-8114-472a5f640e75\",\"type\":\"index-pattern\"}],\"state\":{\"adHocDataViews\":{},\"datasourceStates\":{\"formBased\":{\"layers\":{\"d2f965ac-19da-47f0-bccd-9ecb4b576163\":{\"columnOrder\":[\"391663ec-d77d-452b-b573-1873f7ced9a7\",\"b4b71eff-1e3c-41db-a3c3-c14c9516b290\"],\"columns\":{\"391663ec-d77d-452b-b573-1873f7ced9a7\":{\"customLabel\":true,\"dataType\":\"string\",\"isBucketed\":true,\"label\":\"event.action: Descending\",\"operationType\":\"terms\",\"params\":{\"exclude\":[],\"excludeIsRegex\":false,\"include\":[],\"includeIsRegex\":false,\"missingBucket\":false,\"orderBy\":{\"columnId\":\"b4b71eff-1e3c-41db-a3c3-c14c9516b290\",\"type\":\"column\"},\"orderDirection\":\"desc\",\"otherBucket\":false,\"parentFormat\":{\"id\":\"terms\"},\"size\":15},\"scale\":\"ordinal\",\"sourceField\":\"event.action\"},\"b4b71eff-1e3c-41db-a3c3-c14c9516b290\":{\"customLabel\":true,\"dataType\":\"number\",\"isBucketed\":false,\"label\":\"Count\",\"operationType\":\"count\",\"params\":{\"emptyAsNull\":true},\"scale\":\"ratio\",\"sourceField\":\"___records___\"}},\"incompleteColumns\":{}}}},\"textBased\":{\"layers\":{}}},\"filters\":[{\"$state\":{\"store\":\"appState\"},\"meta\":{\"alias\":null,\"disabled\":false,\"index\":\"3cfa5f4a-fb79-4c4f-8114-472a5f640e75\",\"key\":\"data_stream.dataset\",\"negate\":false,\"params\":{\"query\":\"gcp.audit\"},\"type\":\"phrase\"},\"query\":{\"match_phrase\":{\"data_stream.dataset\":\"gcp.audit\"}}}],\"internalReferences\":[],\"query\":{\"language\":\"kuery\",\"query\":\"\"},\"visualization\":{\"layers\":[{\"categoryDisplay\":\"default\",\"emptySizeRatio\":0.3,\"layerId\":\"d2f965ac-19da-47f0-bccd-9ecb4b576163\",\"layerType\":\"data\",\"legendDisplay\":\"show\",\"legendMaxLines\":1,\"legendPosition\":\"right\",\"legendSize\":\"auto\",\"metrics\":[\"b4b71eff-1e3c-41db-a3c3-c14c9516b290\"],\"nestedLegend\":false,\"numberDisplay\":\"percent\",\"percentDecimals\":2,\"primaryGroups\":[\"391663ec-d77d-452b-b573-1873f7ced9a7\"],\"secondaryGroups\":[],\"showValuesInLegend\":true,\"truncateLegend\":true}],\"palette\":{\"name\":\"default\",\"type\":\"palette\"},\"shape\":\"donut\"}},\"title\":\"Audit Event Action [Logs GCP] (converted)\",\"type\":\"lens\",\"visualizationType\":\"lnsPie\"},\"enhancements\":{},\"hidePanelTitles\":false},\"gridData\":{\"h\":14,\"i\":\"4e8256f8-eb9f-4d9d-8712-f237d7d653f3\",\"w\":12,\"x\":0,\"y\":15},\"panelIndex\":\"4e8256f8-eb9f-4d9d-8712-f237d7d653f3\",\"title\":\"[Logs GCP] Audit Event Action\",\"type\":\"lens\",\"version\":\"8.7.1\"},{\"embeddableConfig\":{\"attributes\":{\"references\":[{\"id\":\"logs-*\",\"name\":\"indexpattern-datasource-layer-2778c4aa-2032-45ad-ab7a-fc3102a0918e\",\"type\":\"index-pattern\"},{\"id\":\"logs-*\",\"name\":\"88dea866-150e-4ea9-af28-c3e0728646d7\",\"type\":\"index-pattern\"}],\"state\":{\"adHocDataViews\":{},\"datasourceStates\":{\"formBased\":{\"layers\":{\"2778c4aa-2032-45ad-ab7a-fc3102a0918e\":{\"columnOrder\":[\"ea0fffd8-c3c2-4e69-bc35-ac6e629eb318\",\"bf82789e-ba30-48de-a893-56a9a6826a64\"],\"columns\":{\"bf82789e-ba30-48de-a893-56a9a6826a64\":{\"customLabel\":true,\"dataType\":\"number\",\"isBucketed\":false,\"label\":\"Count\",\"operationType\":\"count\",\"params\":{\"emptyAsNull\":true},\"scale\":\"ratio\",\"sourceField\":\"___records___\"},\"ea0fffd8-c3c2-4e69-bc35-ac6e629eb318\":{\"customLabel\":true,\"dataType\":\"string\",\"isBucketed\":true,\"label\":\"User Agent\",\"operationType\":\"terms\",\"params\":{\"exclude\":[],\"excludeIsRegex\":false,\"include\":[],\"includeIsRegex\":false,\"missingBucket\":false,\"orderBy\":{\"columnId\":\"bf82789e-ba30-48de-a893-56a9a6826a64\",\"type\":\"column\"},\"orderDirection\":\"desc\",\"otherBucket\":false,\"parentFormat\":{\"id\":\"terms\"},\"size\":15},\"scale\":\"ordinal\",\"sourceField\":\"user_agent.name\"}},\"incompleteColumns\":{}}}},\"textBased\":{\"layers\":{}}},\"filters\":[{\"$state\":{\"store\":\"appState\"},\"meta\":{\"alias\":null,\"disabled\":false,\"index\":\"88dea866-150e-4ea9-af28-c3e0728646d7\",\"key\":\"data_stream.dataset\",\"negate\":false,\"params\":{\"query\":\"gcp.audit\"},\"type\":\"phrase\"},\"query\":{\"match_phrase\":{\"data_stream.dataset\":\"gcp.audit\"}}}],\"internalReferences\":[],\"query\":{\"language\":\"kuery\",\"query\":\"\"},\"visualization\":{\"layers\":[{\"categoryDisplay\":\"default\",\"emptySizeRatio\":0.3,\"layerId\":\"2778c4aa-2032-45ad-ab7a-fc3102a0918e\",\"layerType\":\"data\",\"legendDisplay\":\"show\",\"legendMaxLines\":1,\"legendPosition\":\"right\",\"legendSize\":\"auto\",\"metrics\":[\"bf82789e-ba30-48de-a893-56a9a6826a64\"],\"nestedLegend\":false,\"numberDisplay\":\"percent\",\"percentDecimals\":2,\"primaryGroups\":[\"ea0fffd8-c3c2-4e69-bc35-ac6e629eb318\"],\"secondaryGroups\":[],\"showValuesInLegend\":true,\"truncateLegend\":true}],\"palette\":{\"name\":\"default\",\"type\":\"palette\"},\"shape\":\"donut\"}},\"title\":\"Audit User Agent [Logs GCP] (converted)\",\"type\":\"lens\",\"visualizationType\":\"lnsPie\"},\"enhancements\":{},\"hidePanelTitles\":false},\"gridData\":{\"h\":14,\"i\":\"9ba4db1f-9ea5-4bb0-b7d2-afc82a7ca177\",\"w\":12,\"x\":24,\"y\":15},\"panelIndex\":\"9ba4db1f-9ea5-4bb0-b7d2-afc82a7ca177\",\"title\":\"[Logs GCP] Audit User Agent\",\"type\":\"lens\",\"version\":\"8.7.1\"},{\"embeddableConfig\":{\"attributes\":{\"references\":[{\"id\":\"logs-*\",\"name\":\"indexpattern-datasource-layer-bd2de5fe-57d1-4e91-9268-46586c15a834\",\"type\":\"index-pattern\"},{\"id\":\"logs-*\",\"name\":\"4b15c217-bafd-4d2a-bf5b-bddf2485e8e0\",\"type\":\"index-pattern\"}],\"state\":{\"adHocDataViews\":{},\"datasourceStates\":{\"formBased\":{\"layers\":{\"bd2de5fe-57d1-4e91-9268-46586c15a834\":{\"columnOrder\":[\"24bc8144-b413-4938-9704-58ce44830665\",\"6940605b-e177-46ee-999d-01a011a87f08\"],\"columns\":{\"24bc8144-b413-4938-9704-58ce44830665\":{\"customLabel\":true,\"dataType\":\"string\",\"isBucketed\":true,\"label\":\"Resource Name\",\"operationType\":\"terms\",\"params\":{\"exclude\":[],\"excludeIsRegex\":false,\"include\":[],\"includeIsRegex\":false,\"missingBucket\":false,\"orderBy\":{\"columnId\":\"6940605b-e177-46ee-999d-01a011a87f08\",\"type\":\"column\"},\"orderDirection\":\"desc\",\"otherBucket\":false,\"parentFormat\":{\"id\":\"terms\"},\"size\":15},\"scale\":\"ordinal\",\"sourceField\":\"gcp.audit.resource_name\"},\"6940605b-e177-46ee-999d-01a011a87f08\":{\"customLabel\":true,\"dataType\":\"number\",\"isBucketed\":false,\"label\":\"Count\",\"operationType\":\"count\",\"params\":{\"emptyAsNull\":true},\"scale\":\"ratio\",\"sourceField\":\"___records___\"}},\"incompleteColumns\":{}}}},\"textBased\":{\"layers\":{}}},\"filters\":[{\"$state\":{\"store\":\"appState\"},\"meta\":{\"alias\":null,\"disabled\":false,\"index\":\"4b15c217-bafd-4d2a-bf5b-bddf2485e8e0\",\"key\":\"data_stream.dataset\",\"negate\":false,\"params\":{\"query\":\"gcp.audit\"},\"type\":\"phrase\"},\"query\":{\"match_phrase\":{\"data_stream.dataset\":\"gcp.audit\"}}}],\"internalReferences\":[],\"query\":{\"language\":\"kuery\",\"query\":\"\"},\"visualization\":{\"layers\":[{\"categoryDisplay\":\"default\",\"emptySizeRatio\":0.3,\"layerId\":\"bd2de5fe-57d1-4e91-9268-46586c15a834\",\"layerType\":\"data\",\"legendDisplay\":\"show\",\"legendMaxLines\":1,\"legendPosition\":\"right\",\"legendSize\":\"auto\",\"metrics\":[\"6940605b-e177-46ee-999d-01a011a87f08\"],\"nestedLegend\":false,\"numberDisplay\":\"percent\",\"percentDecimals\":2,\"primaryGroups\":[\"24bc8144-b413-4938-9704-58ce44830665\"],\"secondaryGroups\":[],\"showValuesInLegend\":true,\"truncateLegend\":true}],\"palette\":{\"name\":\"default\",\"type\":\"palette\"},\"shape\":\"donut\"}},\"title\":\"Audit Resource Name [Logs GCP] (converted)\",\"type\":\"lens\",\"visualizationType\":\"lnsPie\"},\"enhancements\":{},\"hidePanelTitles\":false},\"gridData\":{\"h\":14,\"i\":\"80c40a0a-c2f5-4e8b-9268-fa281d46295d\",\"w\":12,\"x\":36,\"y\":15},\"panelIndex\":\"80c40a0a-c2f5-4e8b-9268-fa281d46295d\",\"title\":\"[Logs GCP] Audit Resource Name\",\"type\":\"lens\",\"version\":\"8.7.1\"},{\"embeddableConfig\":{\"attributes\":{\"references\":[{\"id\":\"logs-*\",\"name\":\"indexpattern-datasource-layer-d2f965ac-19da-47f0-bccd-9ecb4b576163\",\"type\":\"index-pattern\"},{\"id\":\"logs-*\",\"name\":\"a96add48-346c-4756-8e8e-3c6e760e2d2f\",\"type\":\"index-pattern\"}],\"state\":{\"adHocDataViews\":{},\"datasourceStates\":{\"formBased\":{\"layers\":{\"d2f965ac-19da-47f0-bccd-9ecb4b576163\":{\"columnOrder\":[\"391663ec-d77d-452b-b573-1873f7ced9a7\",\"b4b71eff-1e3c-41db-a3c3-c14c9516b290\"],\"columns\":{\"391663ec-d77d-452b-b573-1873f7ced9a7\":{\"customLabel\":true,\"dataType\":\"string\",\"isBucketed\":true,\"label\":\"Users\",\"operationType\":\"terms\",\"params\":{\"exclude\":[],\"excludeIsRegex\":false,\"include\":[],\"includeIsRegex\":false,\"missingBucket\":false,\"orderBy\":{\"columnId\":\"b4b71eff-1e3c-41db-a3c3-c14c9516b290\",\"type\":\"column\"},\"orderDirection\":\"desc\",\"otherBucket\":false,\"parentFormat\":{\"id\":\"terms\"},\"secondaryFields\":[],\"size\":15},\"scale\":\"ordinal\",\"sourceField\":\"client.user.email\"},\"b4b71eff-1e3c-41db-a3c3-c14c9516b290\":{\"customLabel\":true,\"dataType\":\"number\",\"isBucketed\":false,\"label\":\"Count\",\"operationType\":\"count\",\"params\":{\"emptyAsNull\":true},\"scale\":\"ratio\",\"sourceField\":\"___records___\"}},\"incompleteColumns\":{}}}},\"textBased\":{\"layers\":{}}},\"filters\":[{\"$state\":{\"store\":\"appState\"},\"meta\":{\"alias\":null,\"disabled\":false,\"index\":\"a96add48-346c-4756-8e8e-3c6e760e2d2f\",\"key\":\"data_stream.dataset\",\"negate\":false,\"params\":{\"query\":\"gcp.audit\"},\"type\":\"phrase\"},\"query\":{\"match_phrase\":{\"data_stream.dataset\":\"gcp.audit\"}}}],\"internalReferences\":[],\"query\":{\"language\":\"kuery\",\"query\":\"\"},\"visualization\":{\"layers\":[{\"categoryDisplay\":\"default\",\"emptySizeRatio\":0.3,\"layerId\":\"d2f965ac-19da-47f0-bccd-9ecb4b576163\",\"layerType\":\"data\",\"legendDisplay\":\"show\",\"legendMaxLines\":1,\"legendPosition\":\"right\",\"legendSize\":\"auto\",\"metrics\":[\"b4b71eff-1e3c-41db-a3c3-c14c9516b290\"],\"nestedLegend\":false,\"numberDisplay\":\"percent\",\"percentDecimals\":2,\"primaryGroups\":[\"391663ec-d77d-452b-b573-1873f7ced9a7\"],\"secondaryGroups\":[],\"showValuesInLegend\":true,\"truncateLegend\":true}],\"palette\":{\"name\":\"default\",\"type\":\"palette\"},\"shape\":\"donut\"}},\"title\":\"Audit Event Action [Logs GCP] (converted)\",\"type\":\"lens\",\"visualizationType\":\"lnsPie\"},\"enhancements\":{},\"hidePanelTitles\":false},\"gridData\":{\"h\":14,\"i\":\"65544fcc-cd1d-4e52-8109-cd09d104fe4d\",\"w\":12,\"x\":12,\"y\":15},\"panelIndex\":\"65544fcc-cd1d-4e52-8109-cd09d104fe4d\",\"title\":\"[Logs GCP] Audit Event Email\",\"type\":\"lens\",\"version\":\"8.7.1\"}]",
    "timeRestore": false,
    "title": "[Logs GCP] Audit",
    "version": 1
  },
  "coreMigrationVersion": "8.7.1",
  "created_at": "2023-07-19T14:56:32.569Z",
  "id": "gcp-48e12760-cbe4-11ec-b519-85ccf621cbbf",
  "migrationVersion": {
    "dashboard": "8.7.0"
  },
  "references": [
    {
      "id": "gcp-d88364c0-73a1-11ea-a345-f985c61fe654",
      "name": "95ebbda8-9b00-4b23-b116-72569ea031e3:panel_95ebbda8-9b00-4b23-b116-72569ea031e3",
      "type": "search"
    },
    {
      "id": "logs-*",
      "name": "68d8455e-9e37-48fa-ae7c-ee1022c52dff:layer_1_source_index_pattern",
      "type": "index-pattern"
    },
    {
      "id": "logs-*",
      "name": "9f857560-27dd-4dfc-8b9d-814d0877fa0c:indexpattern-datasource-layer-e3b96831-165b-4e86-b25d-12740953faae",
      "type": "index-pattern"
    },
    {
      "id": "logs-*",
      "name": "9f857560-27dd-4dfc-8b9d-814d0877fa0c:43b3dd3e-fe0c-41e3-a5a7-4f0fddf1e899",
      "type": "index-pattern"
    },
    {
      "id": "logs-*",
      "name": "4e8256f8-eb9f-4d9d-8712-f237d7d653f3:indexpattern-datasource-layer-d2f965ac-19da-47f0-bccd-9ecb4b576163",
      "type": "index-pattern"
    },
    {
      "id": "logs-*",
      "name": "4e8256f8-eb9f-4d9d-8712-f237d7d653f3:3cfa5f4a-fb79-4c4f-8114-472a5f640e75",
      "type": "index-pattern"
    },
    {
      "id": "logs-*",
      "name": "9ba4db1f-9ea5-4bb0-b7d2-afc82a7ca177:indexpattern-datasource-layer-2778c4aa-2032-45ad-ab7a-fc3102a0918e",
      "type": "index-pattern"
    },
    {
      "id": "logs-*",
      "name": "9ba4db1f-9ea5-4bb0-b7d2-afc82a7ca177:88dea866-150e-4ea9-af28-c3e0728646d7",
      "type": "index-pattern"
    },
    {
      "id": "logs-*",
      "name": "80c40a0a-c2f5-4e8b-9268-fa281d46295d:indexpattern-datasource-layer-bd2de5fe-57d1-4e91-9268-46586c15a834",
      "type": "index-pattern"
    },
    {
      "id": "logs-*",
      "name": "80c40a0a-c2f5-4e8b-9268-fa281d46295d:4b15c217-bafd-4d2a-bf5b-bddf2485e8e0",
      "type": "index-pattern"
    },
    {
      "id": "logs-*",
      "name": "65544fcc-cd1d-4e52-8109-cd09d104fe4d:indexpattern-datasource-layer-d2f965ac-19da-47f0-bccd-9ecb4b576163",
      "type": "index-pattern"
    },
    {
      "id": "logs-*",
      "name": "65544fcc-cd1d-4e52-8109-cd09d104fe4d:a96add48-346c-4756-8e8e-3c6e760e2d2f",
      "type": "index-pattern"
    }
  ],
  "type": "dashboard"
}