{
  "attributes": {
    "controlGroupInput": {
      "chainingSystem": "HIERARCHICAL",
      "controlStyle": "oneLine",
      "ignoreParentSettingsJSON": "{\"ignoreFilters\":false,\"ignoreQuery\":false,\"ignoreTimerange\":false,\"ignoreValidations\":false}",
      "panelsJSON": "{\"581838e6-e49e-4252-b460-80716b0819b9\":{\"type\":\"optionsListControl\",\"order\":0,\"grow\":false,\"width\":\"medium\",\"explicitInput\":{\"id\":\"581838e6-e49e-4252-b460-80716b0819b9\",\"fieldName\":\"gcp.labels.resource.region\",\"title\":\"Region\",\"selectedOptions\":[],\"enhancements\":{}}},\"49ce5766-f900-4de5-a320-053cd8551ff0\":{\"type\":\"optionsListControl\",\"order\":1,\"grow\":false,\"width\":\"medium\",\"explicitInput\":{\"id\":\"49ce5766-f900-4de5-a320-053cd8551ff0\",\"fieldName\":\"gcp.labels.resource.database_id\",\"title\":\"Database ID\",\"enhancements\":{}}},\"cd090427-fd35-45fc-bef0-d94ccc18e3ab\":{\"type\":\"optionsListControl\",\"order\":2,\"grow\":false,\"width\":\"medium\",\"explicitInput\":{\"id\":\"cd090427-fd35-45fc-bef0-d94ccc18e3ab\",\"fieldName\":\"gcp.labels.cloudsql.version\",\"title\":\"PostgreSQL Version\",\"enhancements\":{}}}}"
    },
    "description": "Overview of GCP CloudSQL PostgreSQL Metrics",
    "kibanaSavedObjectMeta": {
      "searchSourceJSON": "{\"filter\":[{\"$state\":{\"store\":\"appState\"},\"meta\":{\"alias\":null,\"disabled\":false,\"field\":\"data_stream.dataset\",\"indexRefName\":\"kibanaSavedObjectMeta.searchSourceJSON.filter[0].meta.index\",\"key\":\"data_stream.dataset\",\"negate\":false,\"params\":{\"query\":\"gcp.cloudsql_postgresql\"},\"type\":\"phrase\"},\"query\":{\"match_phrase\":{\"data_stream.dataset\":\"gcp.cloudsql_postgresql\"}}}],\"query\":{\"language\":\"kuery\",\"query\":\"\"}}"
    },
    "optionsJSON": "{\"hidePanelTitles\":false,\"syncColors\":false,\"syncCursor\":true,\"syncTooltips\":false,\"useMargins\":true}",
    "panelsJSON": "[{\"embeddableConfig\":{\"attributes\":{\"references\":[{\"id\":\"metrics-*\",\"name\":\"indexpattern-datasource-layer-aafb021a-7312-4cf7-be09-71a6544eb716\",\"type\":\"index-pattern\"}],\"state\":{\"adHocDataViews\":{},\"datasourceStates\":{\"formBased\":{\"layers\":{\"aafb021a-7312-4cf7-be09-71a6544eb716\":{\"columnOrder\":[\"a0dea9fa-fff9-4136-bfd1-9a20658d6f70\"],\"columns\":{\"a0dea9fa-fff9-4136-bfd1-9a20658d6f70\":{\"customLabel\":true,\"dataType\":\"number\",\"isBucketed\":false,\"label\":\"Database Up\",\"operationType\":\"average\",\"params\":{\"emptyAsNull\":true},\"scale\":\"ratio\",\"sourceField\":\"gcp.cloudsql_postgresql.database.up\"}},\"incompleteColumns\":{},\"sampling\":1}}},\"textBased\":{\"layers\":{}}},\"filters\":[],\"internalReferences\":[],\"query\":{\"language\":\"kuery\",\"query\":\"\"},\"visualization\":{\"layerId\":\"aafb021a-7312-4cf7-be09-71a6544eb716\",\"layerType\":\"data\",\"metricAccessor\":\"a0dea9fa-fff9-4136-bfd1-9a20658d6f70\"}},\"title\":\"\",\"type\":\"lens\",\"visualizationType\":\"lnsMetric\"},\"enhancements\":{},\"hidePanelTitles\":false},\"gridData\":{\"h\":7,\"i\":\"2394df1e-4fab-4519-94e7-2521427302f6\",\"w\":6,\"x\":0,\"y\":0},\"panelIndex\":\"2394df1e-4fab-4519-94e7-2521427302f6\",\"title\":\"Database Up\",\"type\":\"lens\",\"version\":\"8.7.0\"},{\"embeddableConfig\":{\"attributes\":{\"references\":[{\"id\":\"metrics-*\",\"name\":\"indexpattern-datasource-layer-1d35506e-aad3-47f0-bb51-e502533ad86e\",\"type\":\"index-pattern\"}],\"state\":{\"adHocDataViews\":{},\"datasourceStates\":{\"formBased\":{\"layers\":{\"1d35506e-aad3-47f0-bb51-e502533ad86e\":{\"columnOrder\":[\"133ea24e-720e-441c-8b92-5989d9920866\",\"4af0f24b-db77-44d1-8a9a-40edc585a607\",\"a527b6bd-49c3-430e-9cbc-d151c62d47b0\"],\"columns\":{\"133ea24e-720e-441c-8b92-5989d9920866\":{\"dataType\":\"string\",\"isBucketed\":true,\"label\":\"Top 10 values of gcp.labels.resource.database_id\",\"operationType\":\"terms\",\"params\":{\"exclude\":[],\"excludeIsRegex\":false,\"include\":[],\"includeIsRegex\":false,\"missingBucket\":false,\"orderBy\":{\"columnId\":\"a527b6bd-49c3-430e-9cbc-d151c62d47b0\",\"type\":\"column\"},\"orderDirection\":\"desc\",\"otherBucket\":true,\"parentFormat\":{\"id\":\"terms\"},\"size\":10},\"scale\":\"ordinal\",\"sourceField\":\"gcp.labels.resource.database_id\"},\"4af0f24b-db77-44d1-8a9a-40edc585a607\":{\"dataType\":\"date\",\"isBucketed\":true,\"label\":\"@timestamp\",\"operationType\":\"date_histogram\",\"params\":{\"dropPartials\":false,\"includeEmptyRows\":true,\"interval\":\"60s\"},\"scale\":\"interval\",\"sourceField\":\"@timestamp\"},\"a527b6bd-49c3-430e-9cbc-d151c62d47b0\":{\"dataType\":\"number\",\"isBucketed\":false,\"label\":\"Average of gcp.cloudsql_postgresql.database.network.connections.count\",\"operationType\":\"average\",\"params\":{\"emptyAsNull\":true},\"scale\":\"ratio\",\"sourceField\":\"gcp.cloudsql_postgresql.database.network.connections.count\"}},\"incompleteColumns\":{},\"sampling\":1}}},\"textBased\":{\"layers\":{}}},\"filters\":[],\"internalReferences\":[],\"query\":{\"language\":\"kuery\",\"query\":\"\"},\"visualization\":{\"axisTitlesVisibilitySettings\":{\"x\":true,\"yLeft\":false,\"yRight\":true},\"layers\":[{\"accessors\":[\"a527b6bd-49c3-430e-9cbc-d151c62d47b0\"],\"collapseFn\":\"\",\"layerId\":\"1d35506e-aad3-47f0-bb51-e502533ad86e\",\"layerType\":\"data\",\"position\":\"top\",\"seriesType\":\"line\",\"showGridlines\":false,\"splitAccessor\":\"133ea24e-720e-441c-8b92-5989d9920866\",\"xAccessor\":\"4af0f24b-db77-44d1-8a9a-40edc585a607\"}],\"legend\":{\"isVisible\":true,\"position\":\"right\"},\"preferredSeriesType\":\"line\",\"title\":\"Empty XY chart\",\"valueLabels\":\"hide\"}},\"title\":\"\",\"type\":\"lens\",\"visualizationType\":\"lnsXY\"},\"enhancements\":{},\"hidePanelTitles\":false},\"gridData\":{\"h\":14,\"i\":\"905d7d75-61b3-4661-9525-2aa6c536155b\",\"w\":21,\"x\":6,\"y\":0},\"panelIndex\":\"905d7d75-61b3-4661-9525-2aa6c536155b\",\"title\":\"Database Network Connections\",\"type\":\"lens\",\"version\":\"8.7.0\"},{\"embeddableConfig\":{\"attributes\":{\"references\":[{\"id\":\"metrics-*\",\"name\":\"indexpattern-datasource-layer-1d35506e-aad3-47f0-bb51-e502533ad86e\",\"type\":\"index-pattern\"}],\"state\":{\"adHocDataViews\":{},\"datasourceStates\":{\"formBased\":{\"layers\":{\"1d35506e-aad3-47f0-bb51-e502533ad86e\":{\"columnOrder\":[\"133ea24e-720e-441c-8b92-5989d9920866\",\"4af0f24b-db77-44d1-8a9a-40edc585a607\",\"a527b6bd-49c3-430e-9cbc-d151c62d47b0\"],\"columns\":{\"133ea24e-720e-441c-8b92-5989d9920866\":{\"dataType\":\"string\",\"isBucketed\":true,\"label\":\"Top 10 values of gcp.labels.resource.database_id\",\"operationType\":\"terms\",\"params\":{\"exclude\":[],\"excludeIsRegex\":false,\"include\":[],\"includeIsRegex\":false,\"missingBucket\":false,\"orderBy\":{\"columnId\":\"a527b6bd-49c3-430e-9cbc-d151c62d47b0\",\"type\":\"column\"},\"orderDirection\":\"desc\",\"otherBucket\":true,\"parentFormat\":{\"id\":\"terms\"},\"size\":10},\"scale\":\"ordinal\",\"sourceField\":\"gcp.labels.resource.database_id\"},\"4af0f24b-db77-44d1-8a9a-40edc585a607\":{\"dataType\":\"date\",\"isBucketed\":true,\"label\":\"@timestamp\",\"operationType\":\"date_histogram\",\"params\":{\"dropPartials\":false,\"includeEmptyRows\":true,\"interval\":\"60s\"},\"scale\":\"interval\",\"sourceField\":\"@timestamp\"},\"a527b6bd-49c3-430e-9cbc-d151c62d47b0\":{\"dataType\":\"number\",\"isBucketed\":false,\"label\":\"Average of gcp.cloudsql_postgresql.database.cpu.utilization.pct\",\"operationType\":\"average\",\"params\":{\"emptyAsNull\":true,\"format\":{\"id\":\"percent\",\"params\":{\"decimals\":2}}},\"scale\":\"ratio\",\"sourceField\":\"gcp.cloudsql_postgresql.database.cpu.utilization.pct\"}},\"incompleteColumns\":{},\"sampling\":1}}},\"textBased\":{\"layers\":{}}},\"filters\":[],\"internalReferences\":[],\"query\":{\"language\":\"kuery\",\"query\":\"\"},\"visualization\":{\"axisTitlesVisibilitySettings\":{\"x\":true,\"yLeft\":false,\"yRight\":true},\"layers\":[{\"accessors\":[\"a527b6bd-49c3-430e-9cbc-d151c62d47b0\"],\"collapseFn\":\"\",\"layerId\":\"1d35506e-aad3-47f0-bb51-e502533ad86e\",\"layerType\":\"data\",\"position\":\"top\",\"seriesType\":\"line\",\"showGridlines\":false,\"splitAccessor\":\"133ea24e-720e-441c-8b92-5989d9920866\",\"xAccessor\":\"4af0f24b-db77-44d1-8a9a-40edc585a607\"}],\"legend\":{\"isVisible\":true,\"position\":\"right\"},\"preferredSeriesType\":\"line\",\"title\":\"Empty XY chart\",\"valueLabels\":\"hide\"}},\"title\":\"\",\"type\":\"lens\",\"visualizationType\":\"lnsXY\"},\"enhancements\":{},\"hidePanelTitles\":false},\"gridData\":{\"h\":14,\"i\":\"dd61c1f2-905d-4bf5-9171-02cf054e90a3\",\"w\":21,\"x\":27,\"y\":0},\"panelIndex\":\"dd61c1f2-905d-4bf5-9171-02cf054e90a3\",\"title\":\"CPU Utilization\",\"type\":\"lens\",\"version\":\"8.7.0\"},{\"embeddableConfig\":{\"attributes\":{\"references\":[{\"id\":\"metrics-*\",\"name\":\"indexpattern-datasource-layer-aafb021a-7312-4cf7-be09-71a6544eb716\",\"type\":\"index-pattern\"}],\"state\":{\"adHocDataViews\":{},\"datasourceStates\":{\"formBased\":{\"layers\":{\"aafb021a-7312-4cf7-be09-71a6544eb716\":{\"columnOrder\":[\"a0dea9fa-fff9-4136-bfd1-9a20658d6f70\"],\"columns\":{\"a0dea9fa-fff9-4136-bfd1-9a20658d6f70\":{\"customLabel\":true,\"dataType\":\"number\",\"filter\":{\"language\":\"kuery\",\"query\":\"gcp.cloudsql_postgresql.database.uptime.sec: *\"},\"isBucketed\":false,\"label\":\"Database Uptime\",\"operationType\":\"average\",\"params\":{\"emptyAsNull\":true},\"scale\":\"ratio\",\"sourceField\":\"gcp.cloudsql_postgresql.database.uptime.sec\"}},\"incompleteColumns\":{},\"sampling\":1}}},\"textBased\":{\"layers\":{}}},\"filters\":[],\"internalReferences\":[],\"query\":{\"language\":\"kuery\",\"query\":\"\"},\"visualization\":{\"layerId\":\"aafb021a-7312-4cf7-be09-71a6544eb716\",\"layerType\":\"data\",\"metricAccessor\":\"a0dea9fa-fff9-4136-bfd1-9a20658d6f70\",\"showBar\":false,\"subtitle\":\"Seconds\"}},\"title\":\"\",\"type\":\"lens\",\"visualizationType\":\"lnsMetric\"},\"enhancements\":{},\"hidePanelTitles\":false},\"gridData\":{\"h\":7,\"i\":\"3d162bd4-3d81-4934-8b6d-13a85b95cf07\",\"w\":6,\"x\":0,\"y\":7},\"panelIndex\":\"3d162bd4-3d81-4934-8b6d-13a85b95cf07\",\"title\":\"Database Uptime\",\"type\":\"lens\",\"version\":\"8.7.0\"},{\"embeddableConfig\":{\"attributes\":{\"references\":[{\"id\":\"metrics-*\",\"name\":\"indexpattern-datasource-layer-1d35506e-aad3-47f0-bb51-e502533ad86e\",\"type\":\"index-pattern\"}],\"state\":{\"adHocDataViews\":{},\"datasourceStates\":{\"formBased\":{\"layers\":{\"1d35506e-aad3-47f0-bb51-e502533ad86e\":{\"columnOrder\":[\"133ea24e-720e-441c-8b92-5989d9920866\",\"4af0f24b-db77-44d1-8a9a-40edc585a607\",\"a527b6bd-49c3-430e-9cbc-d151c62d47b0\"],\"columns\":{\"133ea24e-720e-441c-8b92-5989d9920866\":{\"dataType\":\"string\",\"isBucketed\":true,\"label\":\"Top 10 values of gcp.labels.resource.database_id\",\"operationType\":\"terms\",\"params\":{\"exclude\":[],\"excludeIsRegex\":false,\"include\":[],\"includeIsRegex\":false,\"missingBucket\":false,\"orderBy\":{\"columnId\":\"a527b6bd-49c3-430e-9cbc-d151c62d47b0\",\"type\":\"column\"},\"orderDirection\":\"desc\",\"otherBucket\":true,\"parentFormat\":{\"id\":\"terms\"},\"size\":10},\"scale\":\"ordinal\",\"sourceField\":\"gcp.labels.resource.database_id\"},\"4af0f24b-db77-44d1-8a9a-40edc585a607\":{\"dataType\":\"date\",\"isBucketed\":true,\"label\":\"@timestamp\",\"operationType\":\"date_histogram\",\"params\":{\"dropPartials\":false,\"includeEmptyRows\":true,\"interval\":\"60s\"},\"scale\":\"interval\",\"sourceField\":\"@timestamp\"},\"a527b6bd-49c3-430e-9cbc-d151c62d47b0\":{\"dataType\":\"number\",\"isBucketed\":false,\"label\":\"Average of gcp.cloudsql_postgresql.database.network.sent_bytes.count\",\"operationType\":\"average\",\"params\":{\"emptyAsNull\":true,\"format\":{\"id\":\"bytes\",\"params\":{\"decimals\":2}}},\"scale\":\"ratio\",\"sourceField\":\"gcp.cloudsql_postgresql.database.network.sent_bytes.count\"}},\"incompleteColumns\":{},\"sampling\":1}}},\"textBased\":{\"layers\":{}}},\"filters\":[],\"internalReferences\":[],\"query\":{\"language\":\"kuery\",\"query\":\"\"},\"visualization\":{\"axisTitlesVisibilitySettings\":{\"x\":true,\"yLeft\":false,\"yRight\":true},\"fittingFunction\":\"None\",\"gridlinesVisibilitySettings\":{\"x\":true,\"yLeft\":true,\"yRight\":true},\"labelsOrientation\":{\"x\":0,\"yLeft\":0,\"yRight\":0},\"layers\":[{\"accessors\":[\"a527b6bd-49c3-430e-9cbc-d151c62d47b0\"],\"collapseFn\":\"\",\"layerId\":\"1d35506e-aad3-47f0-bb51-e502533ad86e\",\"layerType\":\"data\",\"position\":\"top\",\"seriesType\":\"bar_horizontal_stacked\",\"showGridlines\":false,\"splitAccessor\":\"133ea24e-720e-441c-8b92-5989d9920866\",\"xAccessor\":\"4af0f24b-db77-44d1-8a9a-40edc585a607\"}],\"legend\":{\"isVisible\":true,\"position\":\"right\"},\"preferredSeriesType\":\"bar_horizontal_stacked\",\"tickLabelsVisibilitySettings\":{\"x\":true,\"yLeft\":true,\"yRight\":true},\"valueLabels\":\"hide\"}},\"title\":\"\",\"type\":\"lens\",\"visualizationType\":\"lnsXY\"},\"enhancements\":{},\"hidePanelTitles\":false},\"gridData\":{\"h\":15,\"i\":\"816f766c-a733-40f4-b3b1-1997753c1610\",\"w\":24,\"x\":0,\"y\":14},\"panelIndex\":\"816f766c-a733-40f4-b3b1-1997753c1610\",\"title\":\"Network Sent Bytes\",\"type\":\"lens\",\"version\":\"8.7.0\"},{\"embeddableConfig\":{\"attributes\":{\"references\":[{\"id\":\"metrics-*\",\"name\":\"indexpattern-datasource-layer-1d35506e-aad3-47f0-bb51-e502533ad86e\",\"type\":\"index-pattern\"}],\"state\":{\"adHocDataViews\":{},\"datasourceStates\":{\"formBased\":{\"layers\":{\"1d35506e-aad3-47f0-bb51-e502533ad86e\":{\"columnOrder\":[\"133ea24e-720e-441c-8b92-5989d9920866\",\"4af0f24b-db77-44d1-8a9a-40edc585a607\",\"a527b6bd-49c3-430e-9cbc-d151c62d47b0\"],\"columns\":{\"133ea24e-720e-441c-8b92-5989d9920866\":{\"dataType\":\"string\",\"isBucketed\":true,\"label\":\"Top 10 values of gcp.labels.resource.database_id\",\"operationType\":\"terms\",\"params\":{\"exclude\":[],\"excludeIsRegex\":false,\"include\":[],\"includeIsRegex\":false,\"missingBucket\":false,\"orderBy\":{\"columnId\":\"a527b6bd-49c3-430e-9cbc-d151c62d47b0\",\"type\":\"column\"},\"orderDirection\":\"desc\",\"otherBucket\":true,\"parentFormat\":{\"id\":\"terms\"},\"size\":10},\"scale\":\"ordinal\",\"sourceField\":\"gcp.labels.resource.database_id\"},\"4af0f24b-db77-44d1-8a9a-40edc585a607\":{\"dataType\":\"date\",\"isBucketed\":true,\"label\":\"@timestamp\",\"operationType\":\"date_histogram\",\"params\":{\"dropPartials\":false,\"includeEmptyRows\":true,\"interval\":\"60s\"},\"scale\":\"interval\",\"sourceField\":\"@timestamp\"},\"a527b6bd-49c3-430e-9cbc-d151c62d47b0\":{\"dataType\":\"number\",\"isBucketed\":false,\"label\":\"Average of gcp.cloudsql_postgresql.database.network.received_bytes.count\",\"operationType\":\"average\",\"params\":{\"emptyAsNull\":true,\"format\":{\"id\":\"bytes\",\"params\":{\"decimals\":2}}},\"scale\":\"ratio\",\"sourceField\":\"gcp.cloudsql_postgresql.database.network.received_bytes.count\"}},\"incompleteColumns\":{},\"sampling\":1}}},\"textBased\":{\"layers\":{}}},\"filters\":[],\"internalReferences\":[],\"query\":{\"language\":\"kuery\",\"query\":\"\"},\"visualization\":{\"axisTitlesVisibilitySettings\":{\"x\":true,\"yLeft\":false,\"yRight\":true},\"fittingFunction\":\"None\",\"gridlinesVisibilitySettings\":{\"x\":true,\"yLeft\":true,\"yRight\":true},\"labelsOrientation\":{\"x\":0,\"yLeft\":0,\"yRight\":0},\"layers\":[{\"accessors\":[\"a527b6bd-49c3-430e-9cbc-d151c62d47b0\"],\"collapseFn\":\"\",\"layerId\":\"1d35506e-aad3-47f0-bb51-e502533ad86e\",\"layerType\":\"data\",\"position\":\"top\",\"seriesType\":\"bar_horizontal_stacked\",\"showGridlines\":false,\"splitAccessor\":\"133ea24e-720e-441c-8b92-5989d9920866\",\"xAccessor\":\"4af0f24b-db77-44d1-8a9a-40edc585a607\"}],\"legend\":{\"isVisible\":true,\"position\":\"right\"},\"preferredSeriesType\":\"bar_horizontal_stacked\",\"tickLabelsVisibilitySettings\":{\"x\":true,\"yLeft\":true,\"yRight\":true},\"valueLabels\":\"hide\"}},\"title\":\"\",\"type\":\"lens\",\"visualizationType\":\"lnsXY\"},\"enhancements\":{},\"hidePanelTitles\":false},\"gridData\":{\"h\":15,\"i\":\"a07fcee5-14df-488c-bbbe-6cf03c657bf9\",\"w\":24,\"x\":24,\"y\":14},\"panelIndex\":\"a07fcee5-14df-488c-bbbe-6cf03c657bf9\",\"title\":\"Network Received Bytes\",\"type\":\"lens\",\"version\":\"8.7.0\"},{\"embeddableConfig\":{\"attributes\":{\"references\":[{\"id\":\"metrics-*\",\"name\":\"indexpattern-datasource-layer-1d35506e-aad3-47f0-bb51-e502533ad86e\",\"type\":\"index-pattern\"}],\"state\":{\"adHocDataViews\":{},\"datasourceStates\":{\"formBased\":{\"layers\":{\"1d35506e-aad3-47f0-bb51-e502533ad86e\":{\"columnOrder\":[\"133ea24e-720e-441c-8b92-5989d9920866\",\"4af0f24b-db77-44d1-8a9a-40edc585a607\",\"a527b6bd-49c3-430e-9cbc-d151c62d47b0\"],\"columns\":{\"133ea24e-720e-441c-8b92-5989d9920866\":{\"dataType\":\"string\",\"isBucketed\":true,\"label\":\"Top 10 values of gcp.labels.resource.database_id\",\"operationType\":\"terms\",\"params\":{\"exclude\":[],\"excludeIsRegex\":false,\"include\":[],\"includeIsRegex\":false,\"missingBucket\":false,\"orderBy\":{\"columnId\":\"a527b6bd-49c3-430e-9cbc-d151c62d47b0\",\"type\":\"column\"},\"orderDirection\":\"desc\",\"otherBucket\":true,\"parentFormat\":{\"id\":\"terms\"},\"size\":10},\"scale\":\"ordinal\",\"sourceField\":\"gcp.labels.resource.database_id\"},\"4af0f24b-db77-44d1-8a9a-40edc585a607\":{\"dataType\":\"date\",\"isBucketed\":true,\"label\":\"@timestamp\",\"operationType\":\"date_histogram\",\"params\":{\"dropPartials\":false,\"includeEmptyRows\":true,\"interval\":\"60s\"},\"scale\":\"interval\",\"sourceField\":\"@timestamp\"},\"a527b6bd-49c3-430e-9cbc-d151c62d47b0\":{\"dataType\":\"number\",\"isBucketed\":false,\"label\":\"Average of gcp.cloudsql_postgresql.database.transaction.count\",\"operationType\":\"average\",\"params\":{\"emptyAsNull\":true},\"scale\":\"ratio\",\"sourceField\":\"gcp.cloudsql_postgresql.database.transaction.count\"}},\"incompleteColumns\":{},\"sampling\":1}}},\"textBased\":{\"layers\":{}}},\"filters\":[],\"internalReferences\":[],\"query\":{\"language\":\"kuery\",\"query\":\"\"},\"visualization\":{\"axisTitlesVisibilitySettings\":{\"x\":true,\"yLeft\":false,\"yRight\":true},\"layers\":[{\"accessors\":[\"a527b6bd-49c3-430e-9cbc-d151c62d47b0\"],\"collapseFn\":\"\",\"layerId\":\"1d35506e-aad3-47f0-bb51-e502533ad86e\",\"layerType\":\"data\",\"position\":\"top\",\"seriesType\":\"line\",\"showGridlines\":false,\"splitAccessor\":\"133ea24e-720e-441c-8b92-5989d9920866\",\"xAccessor\":\"4af0f24b-db77-44d1-8a9a-40edc585a607\"}],\"legend\":{\"isVisible\":true,\"position\":\"right\"},\"preferredSeriesType\":\"line\",\"title\":\"Empty XY chart\",\"valueLabels\":\"hide\"}},\"title\":\"\",\"type\":\"lens\",\"visualizationType\":\"lnsXY\"},\"enhancements\":{},\"hidePanelTitles\":false},\"gridData\":{\"h\":15,\"i\":\"e0604618-6723-458c-a5a9-5571e37225a0\",\"w\":16,\"x\":0,\"y\":29},\"panelIndex\":\"e0604618-6723-458c-a5a9-5571e37225a0\",\"title\":\"Transaction Count\",\"type\":\"lens\",\"version\":\"8.7.0\"},{\"embeddableConfig\":{\"attributes\":{\"references\":[{\"id\":\"metrics-*\",\"name\":\"indexpattern-datasource-layer-1d35506e-aad3-47f0-bb51-e502533ad86e\",\"type\":\"index-pattern\"}],\"state\":{\"adHocDataViews\":{},\"datasourceStates\":{\"formBased\":{\"layers\":{\"1d35506e-aad3-47f0-bb51-e502533ad86e\":{\"columnOrder\":[\"133ea24e-720e-441c-8b92-5989d9920866\",\"4af0f24b-db77-44d1-8a9a-40edc585a607\",\"a527b6bd-49c3-430e-9cbc-d151c62d47b0\"],\"columns\":{\"133ea24e-720e-441c-8b92-5989d9920866\":{\"dataType\":\"string\",\"isBucketed\":true,\"label\":\"Top 10 values of gcp.labels.resource.database_id\",\"operationType\":\"terms\",\"params\":{\"exclude\":[],\"excludeIsRegex\":false,\"include\":[],\"includeIsRegex\":false,\"missingBucket\":false,\"orderBy\":{\"columnId\":\"a527b6bd-49c3-430e-9cbc-d151c62d47b0\",\"type\":\"column\"},\"orderDirection\":\"desc\",\"otherBucket\":true,\"parentFormat\":{\"id\":\"terms\"},\"size\":10},\"scale\":\"ordinal\",\"sourceField\":\"gcp.labels.resource.database_id\"},\"4af0f24b-db77-44d1-8a9a-40edc585a607\":{\"dataType\":\"date\",\"isBucketed\":true,\"label\":\"@timestamp\",\"operationType\":\"date_histogram\",\"params\":{\"dropPartials\":false,\"includeEmptyRows\":true,\"interval\":\"60s\"},\"scale\":\"interval\",\"sourceField\":\"@timestamp\"},\"a527b6bd-49c3-430e-9cbc-d151c62d47b0\":{\"dataType\":\"number\",\"isBucketed\":false,\"label\":\"Average of gcp.cloudsql_postgresql.database.disk.bytes_used.bytes\",\"operationType\":\"average\",\"params\":{\"emptyAsNull\":true,\"format\":{\"id\":\"bytes\",\"params\":{\"decimals\":2}}},\"scale\":\"ratio\",\"sourceField\":\"gcp.cloudsql_postgresql.database.disk.bytes_used.bytes\"}},\"incompleteColumns\":{},\"sampling\":1}}},\"textBased\":{\"layers\":{}}},\"filters\":[],\"internalReferences\":[],\"query\":{\"language\":\"kuery\",\"query\":\"\"},\"visualization\":{\"axisTitlesVisibilitySettings\":{\"x\":true,\"yLeft\":false,\"yRight\":true},\"fittingFunction\":\"None\",\"gridlinesVisibilitySettings\":{\"x\":true,\"yLeft\":true,\"yRight\":true},\"labelsOrientation\":{\"x\":0,\"yLeft\":0,\"yRight\":0},\"layers\":[{\"accessors\":[\"a527b6bd-49c3-430e-9cbc-d151c62d47b0\"],\"collapseFn\":\"\",\"layerId\":\"1d35506e-aad3-47f0-bb51-e502533ad86e\",\"layerType\":\"data\",\"position\":\"top\",\"seriesType\":\"area_stacked\",\"showGridlines\":false,\"splitAccessor\":\"133ea24e-720e-441c-8b92-5989d9920866\",\"xAccessor\":\"4af0f24b-db77-44d1-8a9a-40edc585a607\"}],\"legend\":{\"isVisible\":true,\"position\":\"right\"},\"preferredSeriesType\":\"area_stacked\",\"tickLabelsVisibilitySettings\":{\"x\":true,\"yLeft\":true,\"yRight\":true},\"valueLabels\":\"hide\"}},\"title\":\"\",\"type\":\"lens\",\"visualizationType\":\"lnsXY\"},\"enhancements\":{},\"hidePanelTitles\":false},\"gridData\":{\"h\":15,\"i\":\"943c31e3-0b2d-4633-80e8-afa7204bf1c8\",\"w\":16,\"x\":16,\"y\":29},\"panelIndex\":\"943c31e3-0b2d-4633-80e8-afa7204bf1c8\",\"title\":\"Disk Bytes Used\",\"type\":\"lens\",\"version\":\"8.7.0\"},{\"embeddableConfig\":{\"attributes\":{\"references\":[{\"id\":\"metrics-*\",\"name\":\"indexpattern-datasource-layer-1d35506e-aad3-47f0-bb51-e502533ad86e\",\"type\":\"index-pattern\"}],\"state\":{\"adHocDataViews\":{},\"datasourceStates\":{\"formBased\":{\"layers\":{\"1d35506e-aad3-47f0-bb51-e502533ad86e\":{\"columnOrder\":[\"133ea24e-720e-441c-8b92-5989d9920866\",\"4af0f24b-db77-44d1-8a9a-40edc585a607\",\"a527b6bd-49c3-430e-9cbc-d151c62d47b0\"],\"columns\":{\"133ea24e-720e-441c-8b92-5989d9920866\":{\"dataType\":\"string\",\"isBucketed\":true,\"label\":\"Top 10 values of gcp.labels.resource.database_id\",\"operationType\":\"terms\",\"params\":{\"exclude\":[],\"excludeIsRegex\":false,\"include\":[],\"includeIsRegex\":false,\"missingBucket\":false,\"orderBy\":{\"columnId\":\"a527b6bd-49c3-430e-9cbc-d151c62d47b0\",\"type\":\"column\"},\"orderDirection\":\"desc\",\"otherBucket\":true,\"parentFormat\":{\"id\":\"terms\"},\"size\":10},\"scale\":\"ordinal\",\"sourceField\":\"gcp.labels.resource.database_id\"},\"4af0f24b-db77-44d1-8a9a-40edc585a607\":{\"dataType\":\"date\",\"isBucketed\":true,\"label\":\"@timestamp\",\"operationType\":\"date_histogram\",\"params\":{\"dropPartials\":false,\"includeEmptyRows\":true,\"interval\":\"60s\"},\"scale\":\"interval\",\"sourceField\":\"@timestamp\"},\"a527b6bd-49c3-430e-9cbc-d151c62d47b0\":{\"dataType\":\"number\",\"isBucketed\":false,\"label\":\"Average of gcp.cloudsql_postgresql.database.disk.quota.bytes\",\"operationType\":\"average\",\"params\":{\"emptyAsNull\":true,\"format\":{\"id\":\"bytes\",\"params\":{\"decimals\":2}}},\"scale\":\"ratio\",\"sourceField\":\"gcp.cloudsql_postgresql.database.disk.quota.bytes\"}},\"incompleteColumns\":{},\"sampling\":1}}},\"textBased\":{\"layers\":{}}},\"filters\":[],\"internalReferences\":[],\"query\":{\"language\":\"kuery\",\"query\":\"\"},\"visualization\":{\"axisTitlesVisibilitySettings\":{\"x\":true,\"yLeft\":false,\"yRight\":true},\"fittingFunction\":\"None\",\"gridlinesVisibilitySettings\":{\"x\":true,\"yLeft\":true,\"yRight\":true},\"labelsOrientation\":{\"x\":0,\"yLeft\":0,\"yRight\":0},\"layers\":[{\"accessors\":[\"a527b6bd-49c3-430e-9cbc-d151c62d47b0\"],\"collapseFn\":\"\",\"layerId\":\"1d35506e-aad3-47f0-bb51-e502533ad86e\",\"layerType\":\"data\",\"position\":\"top\",\"seriesType\":\"area_stacked\",\"showGridlines\":false,\"splitAccessor\":\"133ea24e-720e-441c-8b92-5989d9920866\",\"xAccessor\":\"4af0f24b-db77-44d1-8a9a-40edc585a607\"}],\"legend\":{\"isVisible\":true,\"position\":\"right\"},\"preferredSeriesType\":\"area_stacked\",\"tickLabelsVisibilitySettings\":{\"x\":true,\"yLeft\":true,\"yRight\":true},\"valueLabels\":\"hide\"}},\"title\":\"\",\"type\":\"lens\",\"visualizationType\":\"lnsXY\"},\"enhancements\":{},\"hidePanelTitles\":false},\"gridData\":{\"h\":15,\"i\":\"ec6b8d60-073f-4594-a8e1-0ee636f95d34\",\"w\":16,\"x\":32,\"y\":29},\"panelIndex\":\"ec6b8d60-073f-4594-a8e1-0ee636f95d34\",\"title\":\"Disk Quota\",\"type\":\"lens\",\"version\":\"8.7.0\"},{\"embeddableConfig\":{\"attributes\":{\"references\":[{\"id\":\"metrics-*\",\"name\":\"indexpattern-datasource-layer-1d35506e-aad3-47f0-bb51-e502533ad86e\",\"type\":\"index-pattern\"}],\"state\":{\"adHocDataViews\":{},\"datasourceStates\":{\"formBased\":{\"layers\":{\"1d35506e-aad3-47f0-bb51-e502533ad86e\":{\"columnOrder\":[\"133ea24e-720e-441c-8b92-5989d9920866\",\"4af0f24b-db77-44d1-8a9a-40edc585a607\",\"a527b6bd-49c3-430e-9cbc-d151c62d47b0\"],\"columns\":{\"133ea24e-720e-441c-8b92-5989d9920866\":{\"dataType\":\"string\",\"isBucketed\":true,\"label\":\"Top 10 values of gcp.labels.resource.database_id\",\"operationType\":\"terms\",\"params\":{\"exclude\":[],\"excludeIsRegex\":false,\"include\":[],\"includeIsRegex\":false,\"missingBucket\":false,\"orderBy\":{\"columnId\":\"a527b6bd-49c3-430e-9cbc-d151c62d47b0\",\"type\":\"column\"},\"orderDirection\":\"desc\",\"otherBucket\":true,\"parentFormat\":{\"id\":\"terms\"},\"size\":10},\"scale\":\"ordinal\",\"sourceField\":\"gcp.labels.resource.database_id\"},\"4af0f24b-db77-44d1-8a9a-40edc585a607\":{\"dataType\":\"date\",\"isBucketed\":true,\"label\":\"@timestamp\",\"operationType\":\"date_histogram\",\"params\":{\"dropPartials\":false,\"includeEmptyRows\":true,\"interval\":\"60s\"},\"scale\":\"interval\",\"sourceField\":\"@timestamp\"},\"a527b6bd-49c3-430e-9cbc-d151c62d47b0\":{\"dataType\":\"number\",\"isBucketed\":false,\"label\":\"Average of gcp.cloudsql_postgresql.database.disk.read_ops.count\",\"operationType\":\"average\",\"params\":{\"emptyAsNull\":true},\"scale\":\"ratio\",\"sourceField\":\"gcp.cloudsql_postgresql.database.disk.read_ops.count\"}},\"incompleteColumns\":{},\"sampling\":1}}},\"textBased\":{\"layers\":{}}},\"filters\":[],\"internalReferences\":[],\"query\":{\"language\":\"kuery\",\"query\":\"\"},\"visualization\":{\"axisTitlesVisibilitySettings\":{\"x\":true,\"yLeft\":false,\"yRight\":true},\"fittingFunction\":\"None\",\"gridlinesVisibilitySettings\":{\"x\":true,\"yLeft\":true,\"yRight\":true},\"labelsOrientation\":{\"x\":0,\"yLeft\":0,\"yRight\":0},\"layers\":[{\"accessors\":[\"a527b6bd-49c3-430e-9cbc-d151c62d47b0\"],\"collapseFn\":\"\",\"layerId\":\"1d35506e-aad3-47f0-bb51-e502533ad86e\",\"layerType\":\"data\",\"position\":\"top\",\"seriesType\":\"bar_stacked\",\"showGridlines\":false,\"splitAccessor\":\"133ea24e-720e-441c-8b92-5989d9920866\",\"xAccessor\":\"4af0f24b-db77-44d1-8a9a-40edc585a607\"}],\"legend\":{\"isVisible\":true,\"position\":\"right\"},\"preferredSeriesType\":\"bar_stacked\",\"tickLabelsVisibilitySettings\":{\"x\":true,\"yLeft\":true,\"yRight\":true},\"valueLabels\":\"hide\"}},\"title\":\"\",\"type\":\"lens\",\"visualizationType\":\"lnsXY\"},\"enhancements\":{},\"hidePanelTitles\":false},\"gridData\":{\"h\":15,\"i\":\"cce0e37e-dfe8-4d54-bde9-2b380730166a\",\"w\":24,\"x\":0,\"y\":44},\"panelIndex\":\"cce0e37e-dfe8-4d54-bde9-2b380730166a\",\"title\":\"Disk Read Ops\",\"type\":\"lens\",\"version\":\"8.7.0\"},{\"embeddableConfig\":{\"attributes\":{\"references\":[{\"id\":\"metrics-*\",\"name\":\"indexpattern-datasource-layer-1d35506e-aad3-47f0-bb51-e502533ad86e\",\"type\":\"index-pattern\"}],\"state\":{\"adHocDataViews\":{},\"datasourceStates\":{\"formBased\":{\"layers\":{\"1d35506e-aad3-47f0-bb51-e502533ad86e\":{\"columnOrder\":[\"133ea24e-720e-441c-8b92-5989d9920866\",\"4af0f24b-db77-44d1-8a9a-40edc585a607\",\"a527b6bd-49c3-430e-9cbc-d151c62d47b0\"],\"columns\":{\"133ea24e-720e-441c-8b92-5989d9920866\":{\"dataType\":\"string\",\"isBucketed\":true,\"label\":\"Top 10 values of gcp.labels.resource.database_id\",\"operationType\":\"terms\",\"params\":{\"exclude\":[],\"excludeIsRegex\":false,\"include\":[],\"includeIsRegex\":false,\"missingBucket\":false,\"orderBy\":{\"columnId\":\"a527b6bd-49c3-430e-9cbc-d151c62d47b0\",\"type\":\"column\"},\"orderDirection\":\"desc\",\"otherBucket\":true,\"parentFormat\":{\"id\":\"terms\"},\"size\":10},\"scale\":\"ordinal\",\"sourceField\":\"gcp.labels.resource.database_id\"},\"4af0f24b-db77-44d1-8a9a-40edc585a607\":{\"dataType\":\"date\",\"isBucketed\":true,\"label\":\"@timestamp\",\"operationType\":\"date_histogram\",\"params\":{\"dropPartials\":false,\"includeEmptyRows\":true,\"interval\":\"60s\"},\"scale\":\"interval\",\"sourceField\":\"@timestamp\"},\"a527b6bd-49c3-430e-9cbc-d151c62d47b0\":{\"dataType\":\"number\",\"isBucketed\":false,\"label\":\"Average of gcp.cloudsql_postgresql.database.disk.write_ops.count\",\"operationType\":\"average\",\"params\":{\"emptyAsNull\":true},\"scale\":\"ratio\",\"sourceField\":\"gcp.cloudsql_postgresql.database.disk.write_ops.count\"}},\"incompleteColumns\":{},\"sampling\":1}}},\"textBased\":{\"layers\":{}}},\"filters\":[],\"internalReferences\":[],\"query\":{\"language\":\"kuery\",\"query\":\"\"},\"visualization\":{\"axisTitlesVisibilitySettings\":{\"x\":true,\"yLeft\":false,\"yRight\":true},\"fittingFunction\":\"None\",\"gridlinesVisibilitySettings\":{\"x\":true,\"yLeft\":true,\"yRight\":true},\"labelsOrientation\":{\"x\":0,\"yLeft\":0,\"yRight\":0},\"layers\":[{\"accessors\":[\"a527b6bd-49c3-430e-9cbc-d151c62d47b0\"],\"collapseFn\":\"\",\"layerId\":\"1d35506e-aad3-47f0-bb51-e502533ad86e\",\"layerType\":\"data\",\"position\":\"top\",\"seriesType\":\"bar_stacked\",\"showGridlines\":false,\"splitAccessor\":\"133ea24e-720e-441c-8b92-5989d9920866\",\"xAccessor\":\"4af0f24b-db77-44d1-8a9a-40edc585a607\"}],\"legend\":{\"isVisible\":true,\"position\":\"right\"},\"preferredSeriesType\":\"bar_stacked\",\"tickLabelsVisibilitySettings\":{\"x\":true,\"yLeft\":true,\"yRight\":true},\"valueLabels\":\"hide\"}},\"title\":\"\",\"type\":\"lens\",\"visualizationType\":\"lnsXY\"},\"enhancements\":{},\"hidePanelTitles\":false},\"gridData\":{\"h\":15,\"i\":\"c9c66b06-62ed-4fcb-badd-1ad044aadc5c\",\"w\":24,\"x\":24,\"y\":44},\"panelIndex\":\"c9c66b06-62ed-4fcb-badd-1ad044aadc5c\",\"title\":\"Disk Write Ops\",\"type\":\"lens\",\"version\":\"8.7.0\"},{\"embeddableConfig\":{\"attributes\":{\"references\":[{\"id\":\"metrics-*\",\"name\":\"indexpattern-datasource-layer-1d35506e-aad3-47f0-bb51-e502533ad86e\",\"type\":\"index-pattern\"}],\"state\":{\"adHocDataViews\":{},\"datasourceStates\":{\"formBased\":{\"layers\":{\"1d35506e-aad3-47f0-bb51-e502533ad86e\":{\"columnOrder\":[\"133ea24e-720e-441c-8b92-5989d9920866\",\"4af0f24b-db77-44d1-8a9a-40edc585a607\",\"a527b6bd-49c3-430e-9cbc-d151c62d47b0\"],\"columns\":{\"133ea24e-720e-441c-8b92-5989d9920866\":{\"dataType\":\"string\",\"isBucketed\":true,\"label\":\"Top 10 values of gcp.labels.resource.database_id\",\"operationType\":\"terms\",\"params\":{\"exclude\":[],\"excludeIsRegex\":false,\"include\":[],\"includeIsRegex\":false,\"missingBucket\":false,\"orderBy\":{\"columnId\":\"a527b6bd-49c3-430e-9cbc-d151c62d47b0\",\"type\":\"column\"},\"orderDirection\":\"desc\",\"otherBucket\":true,\"parentFormat\":{\"id\":\"terms\"},\"size\":10},\"scale\":\"ordinal\",\"sourceField\":\"gcp.labels.resource.database_id\"},\"4af0f24b-db77-44d1-8a9a-40edc585a607\":{\"dataType\":\"date\",\"isBucketed\":true,\"label\":\"@timestamp\",\"operationType\":\"date_histogram\",\"params\":{\"dropPartials\":false,\"includeEmptyRows\":true,\"interval\":\"60s\"},\"scale\":\"interval\",\"sourceField\":\"@timestamp\"},\"a527b6bd-49c3-430e-9cbc-d151c62d47b0\":{\"dataType\":\"number\",\"isBucketed\":false,\"label\":\"Average of gcp.cloudsql_postgresql.database.memory.quota.bytes\",\"operationType\":\"average\",\"params\":{\"emptyAsNull\":true,\"format\":{\"id\":\"bytes\",\"params\":{\"decimals\":2}}},\"scale\":\"ratio\",\"sourceField\":\"gcp.cloudsql_postgresql.database.memory.quota.bytes\"}},\"incompleteColumns\":{},\"sampling\":1}}},\"textBased\":{\"layers\":{}}},\"filters\":[],\"internalReferences\":[],\"query\":{\"language\":\"kuery\",\"query\":\"\"},\"visualization\":{\"axisTitlesVisibilitySettings\":{\"x\":true,\"yLeft\":false,\"yRight\":true},\"fittingFunction\":\"None\",\"gridlinesVisibilitySettings\":{\"x\":true,\"yLeft\":true,\"yRight\":true},\"labelsOrientation\":{\"x\":0,\"yLeft\":0,\"yRight\":0},\"layers\":[{\"accessors\":[\"a527b6bd-49c3-430e-9cbc-d151c62d47b0\"],\"collapseFn\":\"\",\"layerId\":\"1d35506e-aad3-47f0-bb51-e502533ad86e\",\"layerType\":\"data\",\"position\":\"top\",\"seriesType\":\"area\",\"showGridlines\":false,\"splitAccessor\":\"133ea24e-720e-441c-8b92-5989d9920866\",\"xAccessor\":\"4af0f24b-db77-44d1-8a9a-40edc585a607\"}],\"legend\":{\"isVisible\":true,\"position\":\"right\"},\"preferredSeriesType\":\"area\",\"tickLabelsVisibilitySettings\":{\"x\":true,\"yLeft\":true,\"yRight\":true},\"valueLabels\":\"hide\"}},\"title\":\"\",\"type\":\"lens\",\"visualizationType\":\"lnsXY\"},\"enhancements\":{},\"hidePanelTitles\":false},\"gridData\":{\"h\":15,\"i\":\"1f7f2ce0-a803-4ac2-bd66-232742252876\",\"w\":24,\"x\":24,\"y\":59},\"panelIndex\":\"1f7f2ce0-a803-4ac2-bd66-232742252876\",\"title\":\"Memory Quota\",\"type\":\"lens\",\"version\":\"8.7.0\"},{\"embeddableConfig\":{\"attributes\":{\"references\":[{\"id\":\"metrics-*\",\"name\":\"indexpattern-datasource-layer-1d35506e-aad3-47f0-bb51-e502533ad86e\",\"type\":\"index-pattern\"}],\"state\":{\"adHocDataViews\":{},\"datasourceStates\":{\"formBased\":{\"layers\":{\"1d35506e-aad3-47f0-bb51-e502533ad86e\":{\"columnOrder\":[\"133ea24e-720e-441c-8b92-5989d9920866\",\"4af0f24b-db77-44d1-8a9a-40edc585a607\",\"a527b6bd-49c3-430e-9cbc-d151c62d47b0\"],\"columns\":{\"133ea24e-720e-441c-8b92-5989d9920866\":{\"dataType\":\"string\",\"isBucketed\":true,\"label\":\"Top 10 values of gcp.labels.resource.database_id\",\"operationType\":\"terms\",\"params\":{\"exclude\":[],\"excludeIsRegex\":false,\"include\":[],\"includeIsRegex\":false,\"missingBucket\":false,\"orderBy\":{\"columnId\":\"a527b6bd-49c3-430e-9cbc-d151c62d47b0\",\"type\":\"column\"},\"orderDirection\":\"desc\",\"otherBucket\":true,\"parentFormat\":{\"id\":\"terms\"},\"size\":10},\"scale\":\"ordinal\",\"sourceField\":\"gcp.labels.resource.database_id\"},\"4af0f24b-db77-44d1-8a9a-40edc585a607\":{\"dataType\":\"date\",\"isBucketed\":true,\"label\":\"@timestamp\",\"operationType\":\"date_histogram\",\"params\":{\"dropPartials\":false,\"includeEmptyRows\":true,\"interval\":\"60s\"},\"scale\":\"interval\",\"sourceField\":\"@timestamp\"},\"a527b6bd-49c3-430e-9cbc-d151c62d47b0\":{\"dataType\":\"number\",\"isBucketed\":false,\"label\":\"Average of gcp.cloudsql_postgresql.database.memory.total_usage.bytes\",\"operationType\":\"average\",\"params\":{\"emptyAsNull\":true,\"format\":{\"id\":\"bytes\",\"params\":{\"decimals\":2}}},\"scale\":\"ratio\",\"sourceField\":\"gcp.cloudsql_postgresql.database.memory.total_usage.bytes\"}},\"incompleteColumns\":{},\"sampling\":1}}},\"textBased\":{\"layers\":{}}},\"filters\":[],\"internalReferences\":[],\"query\":{\"language\":\"kuery\",\"query\":\"\"},\"visualization\":{\"axisTitlesVisibilitySettings\":{\"x\":true,\"yLeft\":false,\"yRight\":true},\"fittingFunction\":\"None\",\"gridlinesVisibilitySettings\":{\"x\":true,\"yLeft\":true,\"yRight\":true},\"labelsOrientation\":{\"x\":0,\"yLeft\":0,\"yRight\":0},\"layers\":[{\"accessors\":[\"a527b6bd-49c3-430e-9cbc-d151c62d47b0\"],\"collapseFn\":\"\",\"layerId\":\"1d35506e-aad3-47f0-bb51-e502533ad86e\",\"layerType\":\"data\",\"position\":\"top\",\"seriesType\":\"area\",\"showGridlines\":false,\"splitAccessor\":\"133ea24e-720e-441c-8b92-5989d9920866\",\"xAccessor\":\"4af0f24b-db77-44d1-8a9a-40edc585a607\"}],\"legend\":{\"isVisible\":true,\"position\":\"right\"},\"preferredSeriesType\":\"area\",\"tickLabelsVisibilitySettings\":{\"x\":true,\"yLeft\":true,\"yRight\":true},\"valueLabels\":\"hide\"}},\"title\":\"\",\"type\":\"lens\",\"visualizationType\":\"lnsXY\"},\"enhancements\":{},\"hidePanelTitles\":false},\"gridData\":{\"h\":15,\"i\":\"625ccc7d-052a-42e0-b363-7821285be839\",\"w\":24,\"x\":0,\"y\":59},\"panelIndex\":\"625ccc7d-052a-42e0-b363-7821285be839\",\"title\":\"Memory Total Usage\",\"type\":\"lens\",\"version\":\"8.7.0\"},{\"embeddableConfig\":{\"attributes\":{\"references\":[{\"id\":\"metrics-*\",\"name\":\"indexpattern-datasource-layer-1d35506e-aad3-47f0-bb51-e502533ad86e\",\"type\":\"index-pattern\"}],\"state\":{\"adHocDataViews\":{},\"datasourceStates\":{\"formBased\":{\"layers\":{\"1d35506e-aad3-47f0-bb51-e502533ad86e\":{\"columnOrder\":[\"133ea24e-720e-441c-8b92-5989d9920866\",\"4af0f24b-db77-44d1-8a9a-40edc585a607\",\"a527b6bd-49c3-430e-9cbc-d151c62d47b0\"],\"columns\":{\"133ea24e-720e-441c-8b92-5989d9920866\":{\"dataType\":\"string\",\"isBucketed\":true,\"label\":\"Top 10 values of gcp.labels.resource.database_id\",\"operationType\":\"terms\",\"params\":{\"exclude\":[],\"excludeIsRegex\":false,\"include\":[],\"includeIsRegex\":false,\"missingBucket\":false,\"orderBy\":{\"columnId\":\"a527b6bd-49c3-430e-9cbc-d151c62d47b0\",\"type\":\"column\"},\"orderDirection\":\"desc\",\"otherBucket\":true,\"parentFormat\":{\"id\":\"terms\"},\"size\":10},\"scale\":\"ordinal\",\"sourceField\":\"gcp.labels.resource.database_id\"},\"4af0f24b-db77-44d1-8a9a-40edc585a607\":{\"dataType\":\"date\",\"isBucketed\":true,\"label\":\"@timestamp\",\"operationType\":\"date_histogram\",\"params\":{\"dropPartials\":false,\"includeEmptyRows\":true,\"interval\":\"60s\"},\"scale\":\"interval\",\"sourceField\":\"@timestamp\"},\"a527b6bd-49c3-430e-9cbc-d151c62d47b0\":{\"dataType\":\"number\",\"isBucketed\":false,\"label\":\"Average of gcp.cloudsql_postgresql.database.insights.aggregate.latencies\",\"operationType\":\"average\",\"params\":{\"emptyAsNull\":true},\"scale\":\"ratio\",\"sourceField\":\"gcp.cloudsql_postgresql.database.insights.aggregate.latencies\"}},\"incompleteColumns\":{},\"sampling\":1}}},\"textBased\":{\"layers\":{}}},\"filters\":[],\"internalReferences\":[],\"query\":{\"language\":\"kuery\",\"query\":\"\"},\"visualization\":{\"axisTitlesVisibilitySettings\":{\"x\":true,\"yLeft\":false,\"yRight\":true},\"layers\":[{\"accessors\":[\"a527b6bd-49c3-430e-9cbc-d151c62d47b0\"],\"collapseFn\":\"\",\"layerId\":\"1d35506e-aad3-47f0-bb51-e502533ad86e\",\"layerType\":\"data\",\"position\":\"top\",\"seriesType\":\"line\",\"showGridlines\":false,\"splitAccessor\":\"133ea24e-720e-441c-8b92-5989d9920866\",\"xAccessor\":\"4af0f24b-db77-44d1-8a9a-40edc585a607\"}],\"legend\":{\"isVisible\":true,\"position\":\"right\"},\"preferredSeriesType\":\"line\",\"title\":\"Empty XY chart\",\"valueLabels\":\"hide\"}},\"title\":\"\",\"type\":\"lens\",\"visualizationType\":\"lnsXY\"},\"enhancements\":{},\"hidePanelTitles\":false},\"gridData\":{\"h\":15,\"i\":\"be3a85ee-7657-4472-9c12-e2c3c5a0b631\",\"w\":16,\"x\":32,\"y\":74},\"panelIndex\":\"be3a85ee-7657-4472-9c12-e2c3c5a0b631\",\"title\":\"Insights Aggregate Latencies\",\"type\":\"lens\",\"version\":\"8.7.0\"},{\"embeddableConfig\":{\"attributes\":{\"references\":[{\"id\":\"metrics-*\",\"name\":\"indexpattern-datasource-layer-1d35506e-aad3-47f0-bb51-e502533ad86e\",\"type\":\"index-pattern\"}],\"state\":{\"adHocDataViews\":{},\"datasourceStates\":{\"formBased\":{\"layers\":{\"1d35506e-aad3-47f0-bb51-e502533ad86e\":{\"columnOrder\":[\"133ea24e-720e-441c-8b92-5989d9920866\",\"4af0f24b-db77-44d1-8a9a-40edc585a607\",\"a527b6bd-49c3-430e-9cbc-d151c62d47b0\"],\"columns\":{\"133ea24e-720e-441c-8b92-5989d9920866\":{\"dataType\":\"string\",\"isBucketed\":true,\"label\":\"Top 10 values of gcp.labels.resource.database_id\",\"operationType\":\"terms\",\"params\":{\"exclude\":[],\"excludeIsRegex\":false,\"include\":[],\"includeIsRegex\":false,\"missingBucket\":false,\"orderBy\":{\"columnId\":\"a527b6bd-49c3-430e-9cbc-d151c62d47b0\",\"type\":\"column\"},\"orderDirection\":\"desc\",\"otherBucket\":true,\"parentFormat\":{\"id\":\"terms\"},\"size\":10},\"scale\":\"ordinal\",\"sourceField\":\"gcp.labels.resource.database_id\"},\"4af0f24b-db77-44d1-8a9a-40edc585a607\":{\"dataType\":\"date\",\"isBucketed\":true,\"label\":\"@timestamp\",\"operationType\":\"date_histogram\",\"params\":{\"dropPartials\":false,\"includeEmptyRows\":true,\"interval\":\"60s\"},\"scale\":\"interval\",\"sourceField\":\"@timestamp\"},\"a527b6bd-49c3-430e-9cbc-d151c62d47b0\":{\"dataType\":\"number\",\"isBucketed\":false,\"label\":\"Average of gcp.cloudsql_postgresql.database.insights.aggregate.execution_time\",\"operationType\":\"average\",\"params\":{\"emptyAsNull\":true},\"scale\":\"ratio\",\"sourceField\":\"gcp.cloudsql_postgresql.database.insights.aggregate.execution_time\"}},\"incompleteColumns\":{},\"sampling\":1}}},\"textBased\":{\"layers\":{}}},\"filters\":[],\"internalReferences\":[],\"query\":{\"language\":\"kuery\",\"query\":\"\"},\"visualization\":{\"axisTitlesVisibilitySettings\":{\"x\":true,\"yLeft\":false,\"yRight\":true},\"layers\":[{\"accessors\":[\"a527b6bd-49c3-430e-9cbc-d151c62d47b0\"],\"collapseFn\":\"\",\"layerId\":\"1d35506e-aad3-47f0-bb51-e502533ad86e\",\"layerType\":\"data\",\"position\":\"top\",\"seriesType\":\"line\",\"showGridlines\":false,\"splitAccessor\":\"133ea24e-720e-441c-8b92-5989d9920866\",\"xAccessor\":\"4af0f24b-db77-44d1-8a9a-40edc585a607\"}],\"legend\":{\"isVisible\":true,\"position\":\"right\"},\"preferredSeriesType\":\"line\",\"title\":\"Empty XY chart\",\"valueLabels\":\"hide\"}},\"title\":\"\",\"type\":\"lens\",\"visualizationType\":\"lnsXY\"},\"enhancements\":{},\"hidePanelTitles\":false},\"gridData\":{\"h\":15,\"i\":\"9eab5155-2c28-4850-b9c8-b9f179915cbe\",\"w\":16,\"x\":0,\"y\":74},\"panelIndex\":\"9eab5155-2c28-4850-b9c8-b9f179915cbe\",\"title\":\"Insights Aggregate Execution Time\",\"type\":\"lens\",\"version\":\"8.7.0\"},{\"embeddableConfig\":{\"attributes\":{\"references\":[{\"id\":\"metrics-*\",\"name\":\"indexpattern-datasource-layer-1d35506e-aad3-47f0-bb51-e502533ad86e\",\"type\":\"index-pattern\"}],\"state\":{\"adHocDataViews\":{},\"datasourceStates\":{\"formBased\":{\"layers\":{\"1d35506e-aad3-47f0-bb51-e502533ad86e\":{\"columnOrder\":[\"133ea24e-720e-441c-8b92-5989d9920866\",\"4af0f24b-db77-44d1-8a9a-40edc585a607\",\"a527b6bd-49c3-430e-9cbc-d151c62d47b0\"],\"columns\":{\"133ea24e-720e-441c-8b92-5989d9920866\":{\"dataType\":\"string\",\"isBucketed\":true,\"label\":\"Top 10 values of gcp.labels.resource.database_id\",\"operationType\":\"terms\",\"params\":{\"exclude\":[],\"excludeIsRegex\":false,\"include\":[],\"includeIsRegex\":false,\"missingBucket\":false,\"orderBy\":{\"columnId\":\"a527b6bd-49c3-430e-9cbc-d151c62d47b0\",\"type\":\"column\"},\"orderDirection\":\"desc\",\"otherBucket\":true,\"parentFormat\":{\"id\":\"terms\"},\"size\":10},\"scale\":\"ordinal\",\"sourceField\":\"gcp.labels.resource.database_id\"},\"4af0f24b-db77-44d1-8a9a-40edc585a607\":{\"dataType\":\"date\",\"isBucketed\":true,\"label\":\"@timestamp\",\"operationType\":\"date_histogram\",\"params\":{\"dropPartials\":false,\"includeEmptyRows\":true,\"interval\":\"60s\"},\"scale\":\"interval\",\"sourceField\":\"@timestamp\"},\"a527b6bd-49c3-430e-9cbc-d151c62d47b0\":{\"dataType\":\"number\",\"isBucketed\":false,\"label\":\"Average of gcp.cloudsql_postgresql.database.insights.aggregate.io_time\",\"operationType\":\"average\",\"params\":{\"emptyAsNull\":true},\"scale\":\"ratio\",\"sourceField\":\"gcp.cloudsql_postgresql.database.insights.aggregate.io_time\"}},\"incompleteColumns\":{},\"sampling\":1}}},\"textBased\":{\"layers\":{}}},\"filters\":[],\"internalReferences\":[],\"query\":{\"language\":\"kuery\",\"query\":\"\"},\"visualization\":{\"axisTitlesVisibilitySettings\":{\"x\":true,\"yLeft\":false,\"yRight\":true},\"layers\":[{\"accessors\":[\"a527b6bd-49c3-430e-9cbc-d151c62d47b0\"],\"collapseFn\":\"\",\"layerId\":\"1d35506e-aad3-47f0-bb51-e502533ad86e\",\"layerType\":\"data\",\"position\":\"top\",\"seriesType\":\"line\",\"showGridlines\":false,\"splitAccessor\":\"133ea24e-720e-441c-8b92-5989d9920866\",\"xAccessor\":\"4af0f24b-db77-44d1-8a9a-40edc585a607\"}],\"legend\":{\"isVisible\":true,\"position\":\"right\"},\"preferredSeriesType\":\"line\",\"title\":\"Empty XY chart\",\"valueLabels\":\"hide\"}},\"title\":\"\",\"type\":\"lens\",\"visualizationType\":\"lnsXY\"},\"enhancements\":{},\"hidePanelTitles\":false},\"gridData\":{\"h\":15,\"i\":\"0e4d41bb-da80-4b91-89be-945be1c5ae70\",\"w\":16,\"x\":16,\"y\":74},\"panelIndex\":\"0e4d41bb-da80-4b91-89be-945be1c5ae70\",\"title\":\"Insights Aggregate IO Time\",\"type\":\"lens\",\"version\":\"8.7.0\"},{\"embeddableConfig\":{\"attributes\":{\"references\":[{\"id\":\"metrics-*\",\"name\":\"indexpattern-datasource-layer-1d35506e-aad3-47f0-bb51-e502533ad86e\",\"type\":\"index-pattern\"}],\"state\":{\"adHocDataViews\":{},\"datasourceStates\":{\"formBased\":{\"layers\":{\"1d35506e-aad3-47f0-bb51-e502533ad86e\":{\"columnOrder\":[\"133ea24e-720e-441c-8b92-5989d9920866\",\"4af0f24b-db77-44d1-8a9a-40edc585a607\",\"a527b6bd-49c3-430e-9cbc-d151c62d47b0\"],\"columns\":{\"133ea24e-720e-441c-8b92-5989d9920866\":{\"dataType\":\"string\",\"isBucketed\":true,\"label\":\"Top 10 values of gcp.labels.resource.database_id\",\"operationType\":\"terms\",\"params\":{\"exclude\":[],\"excludeIsRegex\":false,\"include\":[],\"includeIsRegex\":false,\"missingBucket\":false,\"orderBy\":{\"columnId\":\"a527b6bd-49c3-430e-9cbc-d151c62d47b0\",\"type\":\"column\"},\"orderDirection\":\"desc\",\"otherBucket\":true,\"parentFormat\":{\"id\":\"terms\"},\"size\":10},\"scale\":\"ordinal\",\"sourceField\":\"gcp.labels.resource.database_id\"},\"4af0f24b-db77-44d1-8a9a-40edc585a607\":{\"dataType\":\"date\",\"isBucketed\":true,\"label\":\"@timestamp\",\"operationType\":\"date_histogram\",\"params\":{\"dropPartials\":false,\"includeEmptyRows\":true,\"interval\":\"60s\"},\"scale\":\"interval\",\"sourceField\":\"@timestamp\"},\"a527b6bd-49c3-430e-9cbc-d151c62d47b0\":{\"dataType\":\"number\",\"isBucketed\":false,\"label\":\"Average of gcp.cloudsql_postgresql.database.replication.replica_lag.sec\",\"operationType\":\"average\",\"params\":{\"emptyAsNull\":true},\"scale\":\"ratio\",\"sourceField\":\"gcp.cloudsql_postgresql.database.replication.replica_lag.sec\"}},\"incompleteColumns\":{},\"sampling\":1}}},\"textBased\":{\"layers\":{}}},\"filters\":[],\"internalReferences\":[],\"query\":{\"language\":\"kuery\",\"query\":\"\"},\"visualization\":{\"axisTitlesVisibilitySettings\":{\"x\":true,\"yLeft\":false,\"yRight\":true},\"layers\":[{\"accessors\":[\"a527b6bd-49c3-430e-9cbc-d151c62d47b0\"],\"collapseFn\":\"\",\"layerId\":\"1d35506e-aad3-47f0-bb51-e502533ad86e\",\"layerType\":\"data\",\"position\":\"top\",\"seriesType\":\"line\",\"showGridlines\":false,\"splitAccessor\":\"133ea24e-720e-441c-8b92-5989d9920866\",\"xAccessor\":\"4af0f24b-db77-44d1-8a9a-40edc585a607\"}],\"legend\":{\"isVisible\":true,\"position\":\"right\"},\"preferredSeriesType\":\"line\",\"title\":\"Empty XY chart\",\"valueLabels\":\"hide\"}},\"title\":\"\",\"type\":\"lens\",\"visualizationType\":\"lnsXY\"},\"enhancements\":{},\"hidePanelTitles\":false},\"gridData\":{\"h\":15,\"i\":\"22bf9e3d-ede8-4915-98f5-683e2df9b3c1\",\"w\":16,\"x\":32,\"y\":89},\"panelIndex\":\"22bf9e3d-ede8-4915-98f5-683e2df9b3c1\",\"title\":\"Replication Replica Lag\",\"type\":\"lens\",\"version\":\"8.7.0\"},{\"embeddableConfig\":{\"attributes\":{\"references\":[{\"id\":\"metrics-*\",\"name\":\"indexpattern-datasource-layer-1d35506e-aad3-47f0-bb51-e502533ad86e\",\"type\":\"index-pattern\"}],\"state\":{\"adHocDataViews\":{},\"datasourceStates\":{\"formBased\":{\"layers\":{\"1d35506e-aad3-47f0-bb51-e502533ad86e\":{\"columnOrder\":[\"133ea24e-720e-441c-8b92-5989d9920866\",\"4af0f24b-db77-44d1-8a9a-40edc585a607\",\"a527b6bd-49c3-430e-9cbc-d151c62d47b0\"],\"columns\":{\"133ea24e-720e-441c-8b92-5989d9920866\":{\"dataType\":\"string\",\"isBucketed\":true,\"label\":\"Top 10 values of gcp.labels.resource.database_id\",\"operationType\":\"terms\",\"params\":{\"exclude\":[],\"excludeIsRegex\":false,\"include\":[],\"includeIsRegex\":false,\"missingBucket\":false,\"orderBy\":{\"columnId\":\"a527b6bd-49c3-430e-9cbc-d151c62d47b0\",\"type\":\"column\"},\"orderDirection\":\"desc\",\"otherBucket\":true,\"parentFormat\":{\"id\":\"terms\"},\"size\":10},\"scale\":\"ordinal\",\"sourceField\":\"gcp.labels.resource.database_id\"},\"4af0f24b-db77-44d1-8a9a-40edc585a607\":{\"dataType\":\"date\",\"isBucketed\":true,\"label\":\"@timestamp\",\"operationType\":\"date_histogram\",\"params\":{\"dropPartials\":false,\"includeEmptyRows\":true,\"interval\":\"60s\"},\"scale\":\"interval\",\"sourceField\":\"@timestamp\"},\"a527b6bd-49c3-430e-9cbc-d151c62d47b0\":{\"dataType\":\"number\",\"isBucketed\":false,\"label\":\"Average of gcp.cloudsql_postgresql.database.insights.aggregate.lock_time\",\"operationType\":\"average\",\"params\":{\"emptyAsNull\":true},\"scale\":\"ratio\",\"sourceField\":\"gcp.cloudsql_postgresql.database.insights.aggregate.lock_time\"}},\"incompleteColumns\":{},\"sampling\":1}}},\"textBased\":{\"layers\":{}}},\"filters\":[],\"internalReferences\":[],\"query\":{\"language\":\"kuery\",\"query\":\"\"},\"visualization\":{\"axisTitlesVisibilitySettings\":{\"x\":true,\"yLeft\":false,\"yRight\":true},\"layers\":[{\"accessors\":[\"a527b6bd-49c3-430e-9cbc-d151c62d47b0\"],\"collapseFn\":\"\",\"layerId\":\"1d35506e-aad3-47f0-bb51-e502533ad86e\",\"layerType\":\"data\",\"position\":\"top\",\"seriesType\":\"line\",\"showGridlines\":false,\"splitAccessor\":\"133ea24e-720e-441c-8b92-5989d9920866\",\"xAccessor\":\"4af0f24b-db77-44d1-8a9a-40edc585a607\"}],\"legend\":{\"isVisible\":true,\"position\":\"right\"},\"preferredSeriesType\":\"line\",\"title\":\"Empty XY chart\",\"valueLabels\":\"hide\"}},\"title\":\"\",\"type\":\"lens\",\"visualizationType\":\"lnsXY\"},\"enhancements\":{},\"hidePanelTitles\":false},\"gridData\":{\"h\":15,\"i\":\"ca3f94c3-e5ad-4816-91f4-2bc359934d81\",\"w\":16,\"x\":0,\"y\":89},\"panelIndex\":\"ca3f94c3-e5ad-4816-91f4-2bc359934d81\",\"title\":\"Insights Aggregate Lock Time\",\"type\":\"lens\",\"version\":\"8.7.0\"},{\"embeddableConfig\":{\"attributes\":{\"references\":[{\"id\":\"metrics-*\",\"name\":\"indexpattern-datasource-layer-1d35506e-aad3-47f0-bb51-e502533ad86e\",\"type\":\"index-pattern\"}],\"state\":{\"adHocDataViews\":{},\"datasourceStates\":{\"formBased\":{\"layers\":{\"1d35506e-aad3-47f0-bb51-e502533ad86e\":{\"columnOrder\":[\"133ea24e-720e-441c-8b92-5989d9920866\",\"4af0f24b-db77-44d1-8a9a-40edc585a607\",\"a527b6bd-49c3-430e-9cbc-d151c62d47b0\"],\"columns\":{\"133ea24e-720e-441c-8b92-5989d9920866\":{\"dataType\":\"string\",\"isBucketed\":true,\"label\":\"Top 10 values of gcp.labels.resource.database_id\",\"operationType\":\"terms\",\"params\":{\"exclude\":[],\"excludeIsRegex\":false,\"include\":[],\"includeIsRegex\":false,\"missingBucket\":false,\"orderBy\":{\"columnId\":\"a527b6bd-49c3-430e-9cbc-d151c62d47b0\",\"type\":\"column\"},\"orderDirection\":\"desc\",\"otherBucket\":true,\"parentFormat\":{\"id\":\"terms\"},\"size\":10},\"scale\":\"ordinal\",\"sourceField\":\"gcp.labels.resource.database_id\"},\"4af0f24b-db77-44d1-8a9a-40edc585a607\":{\"dataType\":\"date\",\"isBucketed\":true,\"label\":\"@timestamp\",\"operationType\":\"date_histogram\",\"params\":{\"dropPartials\":false,\"includeEmptyRows\":true,\"interval\":\"60s\"},\"scale\":\"interval\",\"sourceField\":\"@timestamp\"},\"a527b6bd-49c3-430e-9cbc-d151c62d47b0\":{\"dataType\":\"number\",\"isBucketed\":false,\"label\":\"Average of gcp.cloudsql_postgresql.database.replication.network_lag.sec\",\"operationType\":\"average\",\"params\":{\"emptyAsNull\":true},\"scale\":\"ratio\",\"sourceField\":\"gcp.cloudsql_postgresql.database.replication.network_lag.sec\"}},\"incompleteColumns\":{},\"sampling\":1}}},\"textBased\":{\"layers\":{}}},\"filters\":[],\"internalReferences\":[],\"query\":{\"language\":\"kuery\",\"query\":\"\"},\"visualization\":{\"axisTitlesVisibilitySettings\":{\"x\":true,\"yLeft\":false,\"yRight\":true},\"layers\":[{\"accessors\":[\"a527b6bd-49c3-430e-9cbc-d151c62d47b0\"],\"collapseFn\":\"\",\"layerId\":\"1d35506e-aad3-47f0-bb51-e502533ad86e\",\"layerType\":\"data\",\"position\":\"top\",\"seriesType\":\"line\",\"showGridlines\":false,\"splitAccessor\":\"133ea24e-720e-441c-8b92-5989d9920866\",\"xAccessor\":\"4af0f24b-db77-44d1-8a9a-40edc585a607\"}],\"legend\":{\"isVisible\":true,\"position\":\"right\"},\"preferredSeriesType\":\"line\",\"title\":\"Empty XY chart\",\"valueLabels\":\"hide\"}},\"title\":\"\",\"type\":\"lens\",\"visualizationType\":\"lnsXY\"},\"enhancements\":{},\"hidePanelTitles\":false},\"gridData\":{\"h\":15,\"i\":\"0d7290e9-7376-4c73-8df5-29c8f5cc107d\",\"w\":16,\"x\":16,\"y\":89},\"panelIndex\":\"0d7290e9-7376-4c73-8df5-29c8f5cc107d\",\"title\":\"Replication Network Lag\",\"type\":\"lens\",\"version\":\"8.7.0\"}]",
    "timeRestore": false,
    "title": "[Metrics GCP] CloudSQL PostgreSQL Overview",
    "version": 1
  },
  "coreMigrationVersion": "8.7.0",
  "created_at": "2023-08-13T20:21:44.175Z",
  "id": "gcp-ddc19780-3a0a-11ee-8736-83dacf143f01",
  "migrationVersion": {
    "dashboard": "8.7.0"
  },
  "references": [
    {
      "id": "metrics-*",
      "name": "kibanaSavedObjectMeta.searchSourceJSON.filter[0].meta.index",
      "type": "index-pattern"
    },
    {
      "id": "metrics-*",
      "name": "2394df1e-4fab-4519-94e7-2521427302f6:indexpattern-datasource-layer-aafb021a-7312-4cf7-be09-71a6544eb716",
      "type": "index-pattern"
    },
    {
      "id": "metrics-*",
      "name": "905d7d75-61b3-4661-9525-2aa6c536155b:indexpattern-datasource-layer-1d35506e-aad3-47f0-bb51-e502533ad86e",
      "type": "index-pattern"
    },
    {
      "id": "metrics-*",
      "name": "dd61c1f2-905d-4bf5-9171-02cf054e90a3:indexpattern-datasource-layer-1d35506e-aad3-47f0-bb51-e502533ad86e",
      "type": "index-pattern"
    },
    {
      "id": "metrics-*",
      "name": "3d162bd4-3d81-4934-8b6d-13a85b95cf07:indexpattern-datasource-layer-aafb021a-7312-4cf7-be09-71a6544eb716",
      "type": "index-pattern"
    },
    {
      "id": "metrics-*",
      "name": "816f766c-a733-40f4-b3b1-1997753c1610:indexpattern-datasource-layer-1d35506e-aad3-47f0-bb51-e502533ad86e",
      "type": "index-pattern"
    },
    {
      "id": "metrics-*",
      "name": "a07fcee5-14df-488c-bbbe-6cf03c657bf9:indexpattern-datasource-layer-1d35506e-aad3-47f0-bb51-e502533ad86e",
      "type": "index-pattern"
    },
    {
      "id": "metrics-*",
      "name": "e0604618-6723-458c-a5a9-5571e37225a0:indexpattern-datasource-layer-1d35506e-aad3-47f0-bb51-e502533ad86e",
      "type": "index-pattern"
    },
    {
      "id": "metrics-*",
      "name": "943c31e3-0b2d-4633-80e8-afa7204bf1c8:indexpattern-datasource-layer-1d35506e-aad3-47f0-bb51-e502533ad86e",
      "type": "index-pattern"
    },
    {
      "id": "metrics-*",
      "name": "ec6b8d60-073f-4594-a8e1-0ee636f95d34:indexpattern-datasource-layer-1d35506e-aad3-47f0-bb51-e502533ad86e",
      "type": "index-pattern"
    },
    {
      "id": "metrics-*",
      "name": "cce0e37e-dfe8-4d54-bde9-2b380730166a:indexpattern-datasource-layer-1d35506e-aad3-47f0-bb51-e502533ad86e",
      "type": "index-pattern"
    },
    {
      "id": "metrics-*",
      "name": "c9c66b06-62ed-4fcb-badd-1ad044aadc5c:indexpattern-datasource-layer-1d35506e-aad3-47f0-bb51-e502533ad86e",
      "type": "index-pattern"
    },
    {
      "id": "metrics-*",
      "name": "1f7f2ce0-a803-4ac2-bd66-232742252876:indexpattern-datasource-layer-1d35506e-aad3-47f0-bb51-e502533ad86e",
      "type": "index-pattern"
    },
    {
      "id": "metrics-*",
      "name": "625ccc7d-052a-42e0-b363-7821285be839:indexpattern-datasource-layer-1d35506e-aad3-47f0-bb51-e502533ad86e",
      "type": "index-pattern"
    },
    {
      "id": "metrics-*",
      "name": "be3a85ee-7657-4472-9c12-e2c3c5a0b631:indexpattern-datasource-layer-1d35506e-aad3-47f0-bb51-e502533ad86e",
      "type": "index-pattern"
    },
    {
      "id": "metrics-*",
      "name": "9eab5155-2c28-4850-b9c8-b9f179915cbe:indexpattern-datasource-layer-1d35506e-aad3-47f0-bb51-e502533ad86e",
      "type": "index-pattern"
    },
    {
      "id": "metrics-*",
      "name": "0e4d41bb-da80-4b91-89be-945be1c5ae70:indexpattern-datasource-layer-1d35506e-aad3-47f0-bb51-e502533ad86e",
      "type": "index-pattern"
    },
    {
      "id": "metrics-*",
      "name": "22bf9e3d-ede8-4915-98f5-683e2df9b3c1:indexpattern-datasource-layer-1d35506e-aad3-47f0-bb51-e502533ad86e",
      "type": "index-pattern"
    },
    {
      "id": "metrics-*",
      "name": "ca3f94c3-e5ad-4816-91f4-2bc359934d81:indexpattern-datasource-layer-1d35506e-aad3-47f0-bb51-e502533ad86e",
      "type": "index-pattern"
    },
    {
      "id": "metrics-*",
      "name": "0d7290e9-7376-4c73-8df5-29c8f5cc107d:indexpattern-datasource-layer-1d35506e-aad3-47f0-bb51-e502533ad86e",
      "type": "index-pattern"
    },
    {
      "id": "metrics-*",
      "name": "controlGroup_581838e6-e49e-4252-b460-80716b0819b9:optionsListDataView",
      "type": "index-pattern"
    },
    {
      "id": "metrics-*",
      "name": "controlGroup_49ce5766-f900-4de5-a320-053cd8551ff0:optionsListDataView",
      "type": "index-pattern"
    },
    {
      "id": "metrics-*",
      "name": "controlGroup_cd090427-fd35-45fc-bef0-d94ccc18e3ab:optionsListDataView",
      "type": "index-pattern"
    }
  ],
  "type": "dashboard"
}