{
  "attributes": {
    "controlGroupInput": {
      "chainingSystem": "HIERARCHICAL",
      "controlStyle": "oneLine",
      "ignoreParentSettingsJSON": "{\"ignoreFilters\":false,\"ignoreQuery\":false,\"ignoreTimerange\":false,\"ignoreValidations\":false}",
      "panelsJSON": "{\"c8db2d02-9ade-449a-b3e0-e07575b49172\":{\"type\":\"optionsListControl\",\"order\":0,\"grow\":true,\"width\":\"medium\",\"explicitInput\":{\"id\":\"c8db2d02-9ade-449a-b3e0-e07575b49172\",\"fieldName\":\"cloud.provider\",\"title\":\"Cloud Provider \",\"singleSelect\":true,\"enhancements\":{}}},\"dad54e4a-f4bf-4b07-8f8f-e98ee11282fb\":{\"type\":\"optionsListControl\",\"order\":1,\"grow\":true,\"width\":\"medium\",\"explicitInput\":{\"id\":\"dad54e4a-f4bf-4b07-8f8f-e98ee11282fb\",\"fieldName\":\"cloud.account.id\",\"title\":\"Account ID\",\"enhancements\":{}}},\"9721b881-e34f-489f-9c79-5ad7c1ba1f93\":{\"type\":\"optionsListControl\",\"order\":2,\"grow\":true,\"width\":\"medium\",\"explicitInput\":{\"id\":\"9721b881-e34f-489f-9c79-5ad7c1ba1f93\",\"fieldName\":\"gcp.billing.invoice_month\",\"title\":\"Invoice Month\",\"enhancements\":{}}}}"
    },
    "description": "Overview of Google Cloud Billing Metrics",
    "kibanaSavedObjectMeta": {
      "searchSourceJSON": "{\"filter\":[{\"$state\":{\"store\":\"appState\"},\"meta\":{\"alias\":null,\"disabled\":false,\"field\":\"data_stream.dataset\",\"indexRefName\":\"kibanaSavedObjectMeta.searchSourceJSON.filter[0].meta.index\",\"key\":\"data_stream.dataset\",\"negate\":false,\"params\":{\"query\":\"gcp.billing\"},\"type\":\"phrase\"},\"query\":{\"match_phrase\":{\"data_stream.dataset\":\"gcp.billing\"}}}],\"query\":{\"language\":\"kuery\",\"query\":\"\"}}"
    },
    "optionsJSON": "{\"hidePanelTitles\":false,\"syncColors\":false,\"syncCursor\":true,\"syncTooltips\":false,\"useMargins\":true}",
    "panelsJSON": "[{\"embeddableConfig\":{\"attributes\":{\"references\":[{\"id\":\"metrics-*\",\"name\":\"indexpattern-datasource-layer-4cb00ce3-c62e-46f3-90ce-b69c876b9605\",\"type\":\"index-pattern\"}],\"state\":{\"adHocDataViews\":{},\"datasourceStates\":{\"formBased\":{\"layers\":{\"4cb00ce3-c62e-46f3-90ce-b69c876b9605\":{\"columnOrder\":[\"2f66b924-5392-4e5e-93fe-5b23a87068c1\"],\"columns\":{\"2f66b924-5392-4e5e-93fe-5b23a87068c1\":{\"customLabel\":true,\"dataType\":\"number\",\"isBucketed\":false,\"label\":\"\",\"operationType\":\"unique_count\",\"scale\":\"ratio\",\"sourceField\":\"gcp.billing.project_id\"}}}}}},\"filters\":[],\"internalReferences\":[],\"query\":{\"language\":\"kuery\",\"query\":\"\"},\"visualization\":{\"layerId\":\"4cb00ce3-c62e-46f3-90ce-b69c876b9605\",\"layerType\":\"data\",\"metricAccessor\":\"2f66b924-5392-4e5e-93fe-5b23a87068c1\"}},\"title\":\"Total Number Of Projects [Metrics GCP]\",\"type\":\"lens\",\"visualizationType\":\"lnsMetric\"},\"enhancements\":{}},\"gridData\":{\"h\":8,\"i\":\"9eedb0c7-2089-4e0f-af98-721034203aad\",\"w\":18,\"x\":0,\"y\":0},\"panelIndex\":\"9eedb0c7-2089-4e0f-af98-721034203aad\",\"title\":\"Total Number Of Projects\",\"type\":\"lens\"},{\"embeddableConfig\":{\"attributes\":{\"references\":[{\"id\":\"metrics-*\",\"name\":\"indexpattern-datasource-current-indexpattern\",\"type\":\"index-pattern\"},{\"id\":\"metrics-*\",\"name\":\"indexpattern-datasource-layer-4ca843af-63d7-46b9-a719-51a81eebf1f7\",\"type\":\"index-pattern\"}],\"state\":{\"datasourceStates\":{\"formBased\":{\"layers\":{\"4ca843af-63d7-46b9-a719-51a81eebf1f7\":{\"columnOrder\":[\"2477291e-9021-4eb2-9fce-8da1ee792c49\",\"10b91492-efef-490d-bc7a-c2074b2eae84\"],\"columns\":{\"10b91492-efef-490d-bc7a-c2074b2eae84\":{\"dataType\":\"number\",\"isBucketed\":false,\"label\":\"Sum of gcp.billing.total\",\"operationType\":\"sum\",\"scale\":\"ratio\",\"sourceField\":\"gcp.billing.total\"},\"2477291e-9021-4eb2-9fce-8da1ee792c49\":{\"customLabel\":true,\"dataType\":\"string\",\"isBucketed\":true,\"label\":\"Cost Per Project ID\",\"operationType\":\"terms\",\"params\":{\"orderBy\":{\"columnId\":\"10b91492-efef-490d-bc7a-c2074b2eae84\",\"type\":\"column\"},\"orderDirection\":\"desc\",\"size\":20},\"scale\":\"ordinal\",\"sourceField\":\"gcp.billing.project_id\"}}}}}},\"filters\":[],\"query\":{\"language\":\"kuery\",\"query\":\"\"},\"visualization\":{\"layers\":[{\"categoryDisplay\":\"default\",\"layerId\":\"4ca843af-63d7-46b9-a719-51a81eebf1f7\",\"layerType\":\"data\",\"legendDisplay\":\"default\",\"legendSize\":\"auto\",\"metrics\":[\"10b91492-efef-490d-bc7a-c2074b2eae84\"],\"nestedLegend\":false,\"numberDisplay\":\"percent\",\"primaryGroups\":[\"2477291e-9021-4eb2-9fce-8da1ee792c49\"]}],\"shape\":\"pie\"}},\"title\":\"Cost Per Project ID [Metrics GCP]\",\"visualizationType\":\"lnsPie\"},\"enhancements\":{}},\"gridData\":{\"h\":20,\"i\":\"b737e597-cc4d-4437-859c-6d491679599d\",\"w\":30,\"x\":18,\"y\":0},\"panelIndex\":\"b737e597-cc4d-4437-859c-6d491679599d\",\"title\":\"Cost Per Project ID\",\"type\":\"lens\"},{\"embeddableConfig\":{\"attributes\":{\"references\":[{\"id\":\"metrics-*\",\"name\":\"indexpattern-datasource-current-indexpattern\",\"type\":\"index-pattern\"},{\"id\":\"metrics-*\",\"name\":\"indexpattern-datasource-layer-e12171da-25a4-41ea-86d3-8fd71205c263\",\"type\":\"index-pattern\"}],\"state\":{\"datasourceStates\":{\"formBased\":{\"layers\":{\"e12171da-25a4-41ea-86d3-8fd71205c263\":{\"columnOrder\":[\"6011e524-4646-410b-8d1c-06c281e8f7ed\",\"f8ab301c-f139-4573-b233-ed8a3f717e24\"],\"columns\":{\"6011e524-4646-410b-8d1c-06c281e8f7ed\":{\"customLabel\":true,\"dataType\":\"string\",\"isBucketed\":true,\"label\":\"Invoice Month\",\"operationType\":\"terms\",\"params\":{\"orderBy\":{\"columnId\":\"f8ab301c-f139-4573-b233-ed8a3f717e24\",\"type\":\"column\"},\"orderDirection\":\"desc\",\"size\":12},\"scale\":\"ordinal\",\"sourceField\":\"gcp.billing.invoice_month\"},\"f8ab301c-f139-4573-b233-ed8a3f717e24\":{\"customLabel\":true,\"dataType\":\"number\",\"isBucketed\":false,\"label\":\"Total Billing Cost\",\"operationType\":\"sum\",\"scale\":\"ratio\",\"sourceField\":\"gcp.billing.total\"}}}}}},\"filters\":[],\"query\":{\"language\":\"kuery\",\"query\":\"\"},\"visualization\":{\"columns\":[{\"columnId\":\"6011e524-4646-410b-8d1c-06c281e8f7ed\"},{\"columnId\":\"f8ab301c-f139-4573-b233-ed8a3f717e24\"}],\"layerId\":\"e12171da-25a4-41ea-86d3-8fd71205c263\",\"layerType\":\"data\",\"rowHeight\":\"single\",\"rowHeightLines\":1}},\"title\":\"Total Cost Table [Metrics GCP]\",\"visualizationType\":\"lnsDatatable\"},\"enhancements\":{}},\"gridData\":{\"h\":12,\"i\":\"2d3d3b79-0656-45c2-b051-4489484b625c\",\"w\":18,\"x\":0,\"y\":8},\"panelIndex\":\"2d3d3b79-0656-45c2-b051-4489484b625c\",\"title\":\"Cost Per Month\",\"type\":\"lens\"},{\"embeddableConfig\":{\"attributes\":{\"references\":[{\"id\":\"metrics-*\",\"name\":\"indexpattern-datasource-current-indexpattern\",\"type\":\"index-pattern\"},{\"id\":\"metrics-*\",\"name\":\"indexpattern-datasource-layer-4ca843af-63d7-46b9-a719-51a81eebf1f7\",\"type\":\"index-pattern\"}],\"state\":{\"datasourceStates\":{\"formBased\":{\"layers\":{\"4ca843af-63d7-46b9-a719-51a81eebf1f7\":{\"columnOrder\":[\"e25f49de-f161-4be8-a8fc-519188a7776c\",\"b92edf5e-58bc-4382-9cd5-19db2c332c93\",\"af747bf6-66e9-4760-bbd8-3dae9c97159d\"],\"columns\":{\"af747bf6-66e9-4760-bbd8-3dae9c97159d\":{\"customLabel\":true,\"dataType\":\"number\",\"isBucketed\":false,\"label\":\"Total Billing Cost\",\"operationType\":\"sum\",\"scale\":\"ratio\",\"sourceField\":\"gcp.billing.total\"},\"b92edf5e-58bc-4382-9cd5-19db2c332c93\":{\"customLabel\":true,\"dataType\":\"string\",\"isBucketed\":true,\"label\":\"Invoice Month\",\"operationType\":\"terms\",\"params\":{\"orderBy\":{\"type\":\"alphabetical\"},\"orderDirection\":\"asc\",\"size\":5},\"scale\":\"ordinal\",\"sourceField\":\"gcp.billing.invoice_month\"},\"e25f49de-f161-4be8-a8fc-519188a7776c\":{\"customLabel\":true,\"dataType\":\"string\",\"isBucketed\":true,\"label\":\"Monthly Cost\",\"operationType\":\"terms\",\"params\":{\"orderBy\":{\"columnId\":\"af747bf6-66e9-4760-bbd8-3dae9c97159d\",\"type\":\"column\"},\"orderDirection\":\"desc\",\"size\":10},\"scale\":\"ordinal\",\"sourceField\":\"gcp.billing.project_id\"}}}}}},\"filters\":[],\"query\":{\"language\":\"kuery\",\"query\":\"\"},\"visualization\":{\"fittingFunction\":\"None\",\"layers\":[{\"accessors\":[\"af747bf6-66e9-4760-bbd8-3dae9c97159d\"],\"layerId\":\"4ca843af-63d7-46b9-a719-51a81eebf1f7\",\"layerType\":\"data\",\"seriesType\":\"bar_stacked\",\"splitAccessor\":\"b92edf5e-58bc-4382-9cd5-19db2c332c93\",\"xAccessor\":\"e25f49de-f161-4be8-a8fc-519188a7776c\"}],\"legend\":{\"isVisible\":true,\"legendSize\":\"auto\",\"position\":\"right\"},\"preferredSeriesType\":\"bar_stacked\"}},\"title\":\"Monthly Cost Per Project [Metrics GCP]\",\"visualizationType\":\"lnsXY\"},\"enhancements\":{}},\"gridData\":{\"h\":15,\"i\":\"f4d0ebcb-ac15-4c31-ab57-7f22e0c3e02a\",\"w\":48,\"x\":0,\"y\":20},\"panelIndex\":\"f4d0ebcb-ac15-4c31-ab57-7f22e0c3e02a\",\"title\":\"Cost Per Invoice Month\",\"type\":\"lens\"},{\"embeddableConfig\":{\"attributes\":{\"references\":[{\"id\":\"metrics-*\",\"name\":\"indexpattern-datasource-current-indexpattern\",\"type\":\"index-pattern\"},{\"id\":\"metrics-*\",\"name\":\"indexpattern-datasource-layer-325e60ce-0fbd-42b0-82f6-b10df31fef6c\",\"type\":\"index-pattern\"},{\"id\":\"metrics-*\",\"name\":\"indexpattern-datasource-layer-4ca843af-63d7-46b9-a719-51a81eebf1f7\",\"type\":\"index-pattern\"}],\"state\":{\"datasourceStates\":{\"formBased\":{\"layers\":{\"325e60ce-0fbd-42b0-82f6-b10df31fef6c\":{\"columnOrder\":[\"faaaaf23-f362-4a00-be9e-8a155208a39e\",\"c4bc659c-3e7c-41f2-bc38-32d9edee95e8\",\"3041fc1b-ceb8-4188-b55d-d354819f267e\"],\"columns\":{\"3041fc1b-ceb8-4188-b55d-d354819f267e\":{\"customLabel\":true,\"dataType\":\"number\",\"isBucketed\":false,\"label\":\"Total Billing\",\"operationType\":\"sum\",\"scale\":\"ratio\",\"sourceField\":\"gcp.billing.total\"},\"c4bc659c-3e7c-41f2-bc38-32d9edee95e8\":{\"dataType\":\"date\",\"isBucketed\":true,\"label\":\"@timestamp\",\"operationType\":\"date_histogram\",\"params\":{\"includeEmptyRows\":true,\"interval\":\"1d\"},\"scale\":\"interval\",\"sourceField\":\"@timestamp\"},\"faaaaf23-f362-4a00-be9e-8a155208a39e\":{\"customLabel\":true,\"dataType\":\"string\",\"isBucketed\":true,\"label\":\"Project ID\",\"operationType\":\"terms\",\"params\":{\"orderBy\":{\"columnId\":\"3041fc1b-ceb8-4188-b55d-d354819f267e\",\"type\":\"column\"},\"orderDirection\":\"desc\",\"size\":10},\"scale\":\"ordinal\",\"sourceField\":\"gcp.billing.project_id\"}}},\"4ca843af-63d7-46b9-a719-51a81eebf1f7\":{\"columnOrder\":[\"1164563d-d2b3-4067-bc7b-d694179182ed\",\"10b91492-efef-490d-bc7a-c2074b2eae84\"],\"columns\":{\"10b91492-efef-490d-bc7a-c2074b2eae84\":{\"customLabel\":true,\"dataType\":\"number\",\"isBucketed\":false,\"label\":\"Total Billing Cost\",\"operationType\":\"sum\",\"scale\":\"ratio\",\"sourceField\":\"gcp.billing.total\"},\"1164563d-d2b3-4067-bc7b-d694179182ed\":{\"dataType\":\"date\",\"isBucketed\":true,\"label\":\"@timestamp\",\"operationType\":\"date_histogram\",\"params\":{\"includeEmptyRows\":true,\"interval\":\"1d\"},\"scale\":\"interval\",\"sourceField\":\"@timestamp\"},\"e25f49de-f161-4be8-a8fc-519188a7776c\":{\"customLabel\":true,\"dataType\":\"string\",\"isBucketed\":true,\"label\":\"Cost\",\"operationType\":\"terms\",\"params\":{\"orderBy\":{\"columnId\":\"10b91492-efef-490d-bc7a-c2074b2eae84\",\"type\":\"column\"},\"orderDirection\":\"desc\",\"size\":15},\"scale\":\"ordinal\",\"sourceField\":\"gcp.billing.project_id\"}}}}}},\"filters\":[],\"query\":{\"language\":\"kuery\",\"query\":\"\"},\"visualization\":{\"fittingFunction\":\"None\",\"layers\":[{\"accessors\":[\"3041fc1b-ceb8-4188-b55d-d354819f267e\"],\"layerId\":\"325e60ce-0fbd-42b0-82f6-b10df31fef6c\",\"layerType\":\"data\",\"seriesType\":\"bar_stacked\",\"splitAccessor\":\"faaaaf23-f362-4a00-be9e-8a155208a39e\",\"xAccessor\":\"c4bc659c-3e7c-41f2-bc38-32d9edee95e8\"}],\"legend\":{\"isVisible\":true,\"legendSize\":\"auto\",\"position\":\"right\"},\"preferredSeriesType\":\"bar_stacked\"}},\"title\":\"Total Cost Bar Chart [Metrics GCP]\",\"visualizationType\":\"lnsXY\"},\"enhancements\":{}},\"gridData\":{\"h\":15,\"i\":\"991e60a8-68eb-4c2b-ac9a-b553e90dd49d\",\"w\":48,\"x\":0,\"y\":35},\"panelIndex\":\"991e60a8-68eb-4c2b-ac9a-b553e90dd49d\",\"title\":\"Total Billing Cost\",\"type\":\"lens\"}]",
    "timeRestore": false,
    "title": "[Metrics GCP] Billing Overview",
    "version": 1
  },
  "coreMigrationVersion": "8.8.0",
  "created_at": "2024-04-22T11:50:45.878Z",
  "id": "gcp-76c9e920-e890-11ea-bf8c-d13ebf358a78",
  "managed": false,
  "references": [
    {
      "id": "metrics-*",
      "name": "kibanaSavedObjectMeta.searchSourceJSON.filter[0].meta.index",
      "type": "index-pattern"
    },
    {
      "id": "metrics-*",
      "name": "9eedb0c7-2089-4e0f-af98-721034203aad:indexpattern-datasource-layer-4cb00ce3-c62e-46f3-90ce-b69c876b9605",
      "type": "index-pattern"
    },
    {
      "id": "metrics-*",
      "name": "b737e597-cc4d-4437-859c-6d491679599d:indexpattern-datasource-current-indexpattern",
      "type": "index-pattern"
    },
    {
      "id": "metrics-*",
      "name": "b737e597-cc4d-4437-859c-6d491679599d:indexpattern-datasource-layer-4ca843af-63d7-46b9-a719-51a81eebf1f7",
      "type": "index-pattern"
    },
    {
      "id": "metrics-*",
      "name": "2d3d3b79-0656-45c2-b051-4489484b625c:indexpattern-datasource-current-indexpattern",
      "type": "index-pattern"
    },
    {
      "id": "metrics-*",
      "name": "2d3d3b79-0656-45c2-b051-4489484b625c:indexpattern-datasource-layer-e12171da-25a4-41ea-86d3-8fd71205c263",
      "type": "index-pattern"
    },
    {
      "id": "metrics-*",
      "name": "f4d0ebcb-ac15-4c31-ab57-7f22e0c3e02a:indexpattern-datasource-current-indexpattern",
      "type": "index-pattern"
    },
    {
      "id": "metrics-*",
      "name": "f4d0ebcb-ac15-4c31-ab57-7f22e0c3e02a:indexpattern-datasource-layer-4ca843af-63d7-46b9-a719-51a81eebf1f7",
      "type": "index-pattern"
    },
    {
      "id": "metrics-*",
      "name": "991e60a8-68eb-4c2b-ac9a-b553e90dd49d:indexpattern-datasource-current-indexpattern",
      "type": "index-pattern"
    },
    {
      "id": "metrics-*",
      "name": "991e60a8-68eb-4c2b-ac9a-b553e90dd49d:indexpattern-datasource-layer-325e60ce-0fbd-42b0-82f6-b10df31fef6c",
      "type": "index-pattern"
    },
    {
      "id": "metrics-*",
      "name": "991e60a8-68eb-4c2b-ac9a-b553e90dd49d:indexpattern-datasource-layer-4ca843af-63d7-46b9-a719-51a81eebf1f7",
      "type": "index-pattern"
    },
    {
      "id": "metrics-*",
      "name": "controlGroup_c8db2d02-9ade-449a-b3e0-e07575b49172:optionsListDataView",
      "type": "index-pattern"
    },
    {
      "id": "metrics-*",
      "name": "controlGroup_dad54e4a-f4bf-4b07-8f8f-e98ee11282fb:optionsListDataView",
      "type": "index-pattern"
    },
    {
      "id": "metrics-*",
      "name": "controlGroup_9721b881-e34f-489f-9c79-5ad7c1ba1f93:optionsListDataView",
      "type": "index-pattern"
    }
  ],
  "type": "dashboard",
  "typeMigrationVersion": "8.9.0"
}