{
  "attributes": {
    "controlGroupInput": {
      "chainingSystem": "HIERARCHICAL",
      "controlStyle": "oneLine",
      "ignoreParentSettingsJSON": "{\"ignoreFilters\":false,\"ignoreQuery\":false,\"ignoreTimerange\":false,\"ignoreValidations\":false}",
      "panelsJSON": "{\"23d7827e-6d9f-4922-b7bd-57e7392854ff\":{\"order\":1,\"width\":\"medium\",\"grow\":false,\"type\":\"optionsListControl\",\"explicitInput\":{\"fieldName\":\"gcp.labels.resource.location\",\"title\":\"Location\",\"id\":\"23d7827e-6d9f-4922-b7bd-57e7392854ff\",\"enhancements\":{},\"selectedOptions\":[]}},\"b981e175-49c8-49de-8811-2a4c370d78bd\":{\"order\":2,\"width\":\"medium\",\"grow\":false,\"type\":\"optionsListControl\",\"explicitInput\":{\"fieldName\":\"gcp.labels.metrics.storage_class\",\"title\":\"Storage Class\",\"singleSelect\":false,\"id\":\"b981e175-49c8-49de-8811-2a4c370d78bd\",\"enhancements\":{},\"selectedOptions\":[]}},\"cd71c585-a028-4993-872a-f73f5fde6d40\":{\"order\":0,\"width\":\"medium\",\"grow\":false,\"type\":\"optionsListControl\",\"explicitInput\":{\"fieldName\":\"gcp.labels.resource.bucket_name\",\"title\":\"Bucket\",\"id\":\"cd71c585-a028-4993-872a-f73f5fde6d40\",\"enhancements\":{}}}}"
    },
    "description": "Overview of GCP Storage Metrics",
    "kibanaSavedObjectMeta": {
      "searchSourceJSON": "{\"filter\":[{\"$state\":{\"store\":\"appState\"},\"meta\":{\"alias\":\"Only data from gcp.storage dataset\",\"disabled\":false,\"indexRefName\":\"kibanaSavedObjectMeta.searchSourceJSON.filter[0].meta.index\",\"key\":\"data_stream.dataset\",\"negate\":false,\"params\":{\"query\":\"gcp.storage\"},\"type\":\"phrase\"},\"query\":{\"match_phrase\":{\"data_stream.dataset\":\"gcp.storage\"}}}],\"query\":{\"language\":\"kuery\",\"query\":\"\"}}"
    },
    "optionsJSON": "{\"hidePanelTitles\":false,\"useMargins\":true}",
    "panelsJSON": "[{\"embeddableConfig\":{\"attributes\":{\"references\":[{\"id\":\"metrics-*\",\"name\":\"indexpattern-datasource-layer-bb119477-7b71-43e8-a329-07634a7faf84\",\"type\":\"index-pattern\"}],\"state\":{\"adHocDataViews\":{},\"datasourceStates\":{\"formBased\":{\"layers\":{\"bb119477-7b71-43e8-a329-07634a7faf84\":{\"columnOrder\":[\"e78cc251-3b33-4962-b3b9-a68bad3b170b\",\"a2acc5d1-6032-4216-a1ac-6a343d69fa52\"],\"columns\":{\"a2acc5d1-6032-4216-a1ac-6a343d69fa52\":{\"dataType\":\"number\",\"filter\":{\"language\":\"kuery\",\"query\":\"gcp.storage.storage.total.bytes: *\"},\"isBucketed\":false,\"label\":\"Last value of gcp.storage.storage.total.bytes\",\"operationType\":\"last_value\",\"params\":{\"format\":{\"id\":\"bytes\",\"params\":{\"decimals\":0}},\"sortField\":\"@timestamp\"},\"scale\":\"ratio\",\"sourceField\":\"gcp.storage.storage.total.bytes\"},\"e78cc251-3b33-4962-b3b9-a68bad3b170b\":{\"dataType\":\"string\",\"isBucketed\":true,\"label\":\"Top 10 values of gcp.labels.resource.bucket_name\",\"operationType\":\"terms\",\"params\":{\"exclude\":[],\"excludeIsRegex\":false,\"include\":[],\"includeIsRegex\":false,\"missingBucket\":false,\"orderBy\":{\"columnId\":\"a2acc5d1-6032-4216-a1ac-6a343d69fa52\",\"type\":\"column\"},\"orderDirection\":\"desc\",\"otherBucket\":true,\"parentFormat\":{\"id\":\"terms\"},\"size\":10},\"scale\":\"ordinal\",\"sourceField\":\"gcp.labels.resource.bucket_name\"}},\"incompleteColumns\":{},\"sampling\":1}}},\"textBased\":{\"layers\":{}}},\"filters\":[],\"internalReferences\":[],\"query\":{\"language\":\"kuery\",\"query\":\"\"},\"visualization\":{\"axisTitlesVisibilitySettings\":{\"x\":true,\"yLeft\":true,\"yRight\":true},\"fittingFunction\":\"None\",\"gridlinesVisibilitySettings\":{\"x\":true,\"yLeft\":true,\"yRight\":true},\"labelsOrientation\":{\"x\":0,\"yLeft\":0,\"yRight\":0},\"layers\":[{\"accessors\":[\"a2acc5d1-6032-4216-a1ac-6a343d69fa52\"],\"layerId\":\"bb119477-7b71-43e8-a329-07634a7faf84\",\"layerType\":\"data\",\"position\":\"top\",\"seriesType\":\"bar_horizontal\",\"showGridlines\":false,\"splitAccessor\":\"e78cc251-3b33-4962-b3b9-a68bad3b170b\"}],\"legend\":{\"isVisible\":true,\"position\":\"right\"},\"preferredSeriesType\":\"bar_horizontal\",\"tickLabelsVisibilitySettings\":{\"x\":true,\"yLeft\":true,\"yRight\":true},\"valueLabels\":\"hide\"}},\"title\":\"\",\"type\":\"lens\",\"visualizationType\":\"lnsXY\"},\"enhancements\":{},\"hidePanelTitles\":false},\"gridData\":{\"h\":15,\"i\":\"245d703c-cd91-4f46-8d31-1ab36b534989\",\"w\":24,\"x\":0,\"y\":0},\"panelIndex\":\"245d703c-cd91-4f46-8d31-1ab36b534989\",\"title\":\"Total size of objects for top 10 buckets\",\"type\":\"lens\",\"version\":\"8.6.0\"},{\"embeddableConfig\":{\"attributes\":{\"references\":[{\"id\":\"metrics-*\",\"name\":\"indexpattern-datasource-layer-8997f645-5e6e-4ff4-af2a-9130753b8a11\",\"type\":\"index-pattern\"}],\"state\":{\"adHocDataViews\":{},\"datasourceStates\":{\"formBased\":{\"layers\":{\"8997f645-5e6e-4ff4-af2a-9130753b8a11\":{\"columnOrder\":[\"83c2ccdd-c953-4811-aec5-cfb2579ace86\",\"b52e7935-944a-4e15-9878-b02029459071\"],\"columns\":{\"83c2ccdd-c953-4811-aec5-cfb2579ace86\":{\"dataType\":\"string\",\"isBucketed\":true,\"label\":\"Top 10 values of gcp.labels.resource.bucket_name\",\"operationType\":\"terms\",\"params\":{\"exclude\":[],\"excludeIsRegex\":false,\"include\":[],\"includeIsRegex\":false,\"missingBucket\":false,\"orderBy\":{\"columnId\":\"b52e7935-944a-4e15-9878-b02029459071\",\"type\":\"column\"},\"orderDirection\":\"desc\",\"otherBucket\":true,\"parentFormat\":{\"id\":\"terms\"},\"size\":10},\"scale\":\"ordinal\",\"sourceField\":\"gcp.labels.resource.bucket_name\"},\"b52e7935-944a-4e15-9878-b02029459071\":{\"dataType\":\"number\",\"filter\":{\"language\":\"kuery\",\"query\":\"gcp.storage.storage.total.bytes: *\"},\"isBucketed\":false,\"label\":\"Last value of gcp.storage.storage.total.bytes\",\"operationType\":\"last_value\",\"params\":{\"sortField\":\"@timestamp\"},\"scale\":\"ratio\",\"sourceField\":\"gcp.storage.storage.total.bytes\"}},\"incompleteColumns\":{},\"sampling\":1}}},\"textBased\":{\"layers\":{}}},\"filters\":[],\"internalReferences\":[],\"query\":{\"language\":\"kuery\",\"query\":\"\"},\"visualization\":{\"layers\":[{\"categoryDisplay\":\"default\",\"layerId\":\"8997f645-5e6e-4ff4-af2a-9130753b8a11\",\"layerType\":\"data\",\"legendDisplay\":\"default\",\"metrics\":[\"b52e7935-944a-4e15-9878-b02029459071\"],\"nestedLegend\":false,\"numberDisplay\":\"percent\",\"primaryGroups\":[\"83c2ccdd-c953-4811-aec5-cfb2579ace86\"]}],\"shape\":\"treemap\"}},\"title\":\"\",\"type\":\"lens\",\"visualizationType\":\"lnsPie\"},\"enhancements\":{},\"hidePanelTitles\":false},\"gridData\":{\"h\":15,\"i\":\"4ec6fa13-cb84-4941-8a5d-6934aa4924c5\",\"w\":24,\"x\":24,\"y\":0},\"panelIndex\":\"4ec6fa13-cb84-4941-8a5d-6934aa4924c5\",\"title\":\"Distribution by size for top 10 buckets\",\"type\":\"lens\",\"version\":\"8.6.0\"},{\"embeddableConfig\":{\"attributes\":{\"references\":[{\"id\":\"metrics-*\",\"name\":\"indexpattern-datasource-layer-7fe16e52-ad8a-438f-bd61-0556a7221b11\",\"type\":\"index-pattern\"}],\"state\":{\"adHocDataViews\":{},\"datasourceStates\":{\"formBased\":{\"layers\":{\"7fe16e52-ad8a-438f-bd61-0556a7221b11\":{\"columnOrder\":[\"20e6398f-7f22-493d-b1af-db01174385ca\",\"de848689-f160-484a-82dc-7fe8f53f382a\"],\"columns\":{\"20e6398f-7f22-493d-b1af-db01174385ca\":{\"dataType\":\"string\",\"isBucketed\":true,\"label\":\"Top 10 values of gcp.labels.resource.bucket_name\",\"operationType\":\"terms\",\"params\":{\"exclude\":[],\"excludeIsRegex\":false,\"include\":[],\"includeIsRegex\":false,\"missingBucket\":false,\"orderBy\":{\"columnId\":\"de848689-f160-484a-82dc-7fe8f53f382a\",\"type\":\"column\"},\"orderDirection\":\"desc\",\"otherBucket\":true,\"parentFormat\":{\"id\":\"terms\"},\"size\":10},\"scale\":\"ordinal\",\"sourceField\":\"gcp.labels.resource.bucket_name\"},\"de848689-f160-484a-82dc-7fe8f53f382a\":{\"dataType\":\"number\",\"filter\":{\"language\":\"kuery\",\"query\":\"gcp.storage.storage.object.count: *\"},\"isBucketed\":false,\"label\":\"Last value of gcp.storage.storage.object.count\",\"operationType\":\"last_value\",\"params\":{\"format\":{\"id\":\"bytes\",\"params\":{\"decimals\":0}},\"showArrayValues\":false,\"sortField\":\"@timestamp\"},\"scale\":\"ratio\",\"sourceField\":\"gcp.storage.storage.object.count\"}},\"incompleteColumns\":{},\"sampling\":1}}},\"textBased\":{\"layers\":{}}},\"filters\":[],\"internalReferences\":[],\"query\":{\"language\":\"kuery\",\"query\":\"\"},\"visualization\":{\"axisTitlesVisibilitySettings\":{\"x\":true,\"yLeft\":true,\"yRight\":true},\"fittingFunction\":\"None\",\"gridlinesVisibilitySettings\":{\"x\":true,\"yLeft\":true,\"yRight\":true},\"labelsOrientation\":{\"x\":0,\"yLeft\":0,\"yRight\":0},\"layers\":[{\"accessors\":[\"de848689-f160-484a-82dc-7fe8f53f382a\"],\"layerId\":\"7fe16e52-ad8a-438f-bd61-0556a7221b11\",\"layerType\":\"data\",\"position\":\"top\",\"seriesType\":\"bar_horizontal\",\"showGridlines\":false,\"splitAccessor\":\"20e6398f-7f22-493d-b1af-db01174385ca\"}],\"legend\":{\"isVisible\":true,\"position\":\"right\"},\"preferredSeriesType\":\"bar_horizontal\",\"tickLabelsVisibilitySettings\":{\"x\":true,\"yLeft\":true,\"yRight\":true},\"valueLabels\":\"hide\"}},\"title\":\"\",\"type\":\"lens\",\"visualizationType\":\"lnsXY\"},\"enhancements\":{},\"hidePanelTitles\":false},\"gridData\":{\"h\":15,\"i\":\"0a540248-cfdf-4d8a-859b-d9c58c6bddf2\",\"w\":24,\"x\":0,\"y\":15},\"panelIndex\":\"0a540248-cfdf-4d8a-859b-d9c58c6bddf2\",\"title\":\"Total count of objects for top 10 buckets\",\"type\":\"lens\",\"version\":\"8.6.0\"},{\"embeddableConfig\":{\"attributes\":{\"references\":[{\"id\":\"metrics-*\",\"name\":\"indexpattern-datasource-layer-8997f645-5e6e-4ff4-af2a-9130753b8a11\",\"type\":\"index-pattern\"}],\"state\":{\"adHocDataViews\":{},\"datasourceStates\":{\"formBased\":{\"layers\":{\"8997f645-5e6e-4ff4-af2a-9130753b8a11\":{\"columnOrder\":[\"8aa87f59-1b55-48a9-8da9-3621f561dc51\",\"b52e7935-944a-4e15-9878-b02029459071\"],\"columns\":{\"8aa87f59-1b55-48a9-8da9-3621f561dc51\":{\"dataType\":\"string\",\"isBucketed\":true,\"label\":\"Top 10 values of gcp.labels.resource.bucket_name\",\"operationType\":\"terms\",\"params\":{\"exclude\":[],\"excludeIsRegex\":false,\"include\":[],\"includeIsRegex\":false,\"missingBucket\":false,\"orderBy\":{\"columnId\":\"b52e7935-944a-4e15-9878-b02029459071\",\"type\":\"column\"},\"orderDirection\":\"desc\",\"otherBucket\":true,\"parentFormat\":{\"id\":\"terms\"},\"size\":10},\"scale\":\"ordinal\",\"sourceField\":\"gcp.labels.resource.bucket_name\"},\"b52e7935-944a-4e15-9878-b02029459071\":{\"dataType\":\"number\",\"filter\":{\"language\":\"kuery\",\"query\":\"gcp.storage.storage.object.count: *\"},\"isBucketed\":false,\"label\":\"Last value of gcp.storage.storage.object.count\",\"operationType\":\"last_value\",\"params\":{\"sortField\":\"@timestamp\"},\"scale\":\"ratio\",\"sourceField\":\"gcp.storage.storage.object.count\"}},\"incompleteColumns\":{},\"sampling\":1}}},\"textBased\":{\"layers\":{}}},\"filters\":[],\"internalReferences\":[],\"query\":{\"language\":\"kuery\",\"query\":\"\"},\"visualization\":{\"layers\":[{\"categoryDisplay\":\"default\",\"layerId\":\"8997f645-5e6e-4ff4-af2a-9130753b8a11\",\"layerType\":\"data\",\"legendDisplay\":\"default\",\"metrics\":[\"b52e7935-944a-4e15-9878-b02029459071\"],\"nestedLegend\":false,\"numberDisplay\":\"percent\",\"primaryGroups\":[\"8aa87f59-1b55-48a9-8da9-3621f561dc51\"]}],\"shape\":\"treemap\"}},\"title\":\"\",\"type\":\"lens\",\"visualizationType\":\"lnsPie\"},\"enhancements\":{},\"hidePanelTitles\":false},\"gridData\":{\"h\":15,\"i\":\"b16fc3b0-ef1f-4d05-b047-480163f08d90\",\"w\":24,\"x\":24,\"y\":15},\"panelIndex\":\"b16fc3b0-ef1f-4d05-b047-480163f08d90\",\"title\":\"Distribution by count for top 10 buckets (copy)\",\"type\":\"lens\",\"version\":\"8.6.0\"},{\"embeddableConfig\":{\"attributes\":{\"references\":[{\"id\":\"metrics-*\",\"name\":\"indexpattern-datasource-layer-17b4ed84-8ebd-4a98-bf0d-279e758b4566\",\"type\":\"index-pattern\"}],\"state\":{\"adHocDataViews\":{},\"datasourceStates\":{\"formBased\":{\"layers\":{\"17b4ed84-8ebd-4a98-bf0d-279e758b4566\":{\"columnOrder\":[\"4825f7b2-0e74-43c5-a925-0c0ca49d333e\",\"1ae75d34-ab32-466f-aad4-82de769d5558\"],\"columns\":{\"1ae75d34-ab32-466f-aad4-82de769d5558\":{\"dataType\":\"number\",\"isBucketed\":false,\"label\":\"Median of gcp.storage.network.received.bytes\",\"operationType\":\"median\",\"params\":{\"emptyAsNull\":true},\"scale\":\"ratio\",\"sourceField\":\"gcp.storage.network.received.bytes\"},\"4825f7b2-0e74-43c5-a925-0c0ca49d333e\":{\"dataType\":\"string\",\"isBucketed\":true,\"label\":\"Top 10 values of gcp.labels.resource.bucket_name\",\"operationType\":\"terms\",\"params\":{\"exclude\":[],\"excludeIsRegex\":false,\"include\":[],\"includeIsRegex\":false,\"missingBucket\":false,\"orderBy\":{\"columnId\":\"1ae75d34-ab32-466f-aad4-82de769d5558\",\"type\":\"column\"},\"orderDirection\":\"desc\",\"otherBucket\":true,\"parentFormat\":{\"id\":\"terms\"},\"size\":10},\"scale\":\"ordinal\",\"sourceField\":\"gcp.labels.resource.bucket_name\"}},\"incompleteColumns\":{},\"sampling\":1}}},\"textBased\":{\"layers\":{}}},\"filters\":[],\"internalReferences\":[],\"query\":{\"language\":\"kuery\",\"query\":\"\"},\"visualization\":{\"axisTitlesVisibilitySettings\":{\"x\":true,\"yLeft\":true,\"yRight\":true},\"fittingFunction\":\"None\",\"gridlinesVisibilitySettings\":{\"x\":true,\"yLeft\":true,\"yRight\":true},\"labelsOrientation\":{\"x\":0,\"yLeft\":0,\"yRight\":0},\"layers\":[{\"accessors\":[\"1ae75d34-ab32-466f-aad4-82de769d5558\"],\"layerId\":\"17b4ed84-8ebd-4a98-bf0d-279e758b4566\",\"layerType\":\"data\",\"position\":\"top\",\"seriesType\":\"bar_stacked\",\"showGridlines\":false,\"splitAccessor\":\"4825f7b2-0e74-43c5-a925-0c0ca49d333e\"}],\"legend\":{\"isVisible\":true,\"position\":\"right\"},\"preferredSeriesType\":\"bar_stacked\",\"tickLabelsVisibilitySettings\":{\"x\":true,\"yLeft\":true,\"yRight\":true},\"valueLabels\":\"hide\"}},\"title\":\"\",\"type\":\"lens\",\"visualizationType\":\"lnsXY\"},\"enhancements\":{},\"hidePanelTitles\":false},\"gridData\":{\"h\":15,\"i\":\"20b27d8d-009c-4037-af16-80c5e9901f6c\",\"w\":24,\"x\":0,\"y\":30},\"panelIndex\":\"20b27d8d-009c-4037-af16-80c5e9901f6c\",\"title\":\"Number of Bytes Received Over Network\",\"type\":\"lens\",\"version\":\"8.6.0\"},{\"embeddableConfig\":{\"attributes\":{\"references\":[{\"id\":\"metrics-*\",\"name\":\"indexpattern-datasource-layer-17b4ed84-8ebd-4a98-bf0d-279e758b4566\",\"type\":\"index-pattern\"}],\"state\":{\"adHocDataViews\":{},\"datasourceStates\":{\"formBased\":{\"layers\":{\"17b4ed84-8ebd-4a98-bf0d-279e758b4566\":{\"columnOrder\":[\"4825f7b2-0e74-43c5-a925-0c0ca49d333e\",\"1ae75d34-ab32-466f-aad4-82de769d5558\"],\"columns\":{\"1ae75d34-ab32-466f-aad4-82de769d5558\":{\"dataType\":\"number\",\"isBucketed\":false,\"label\":\"Median of gcp.storage.network.sent.bytes\",\"operationType\":\"median\",\"params\":{\"emptyAsNull\":true},\"scale\":\"ratio\",\"sourceField\":\"gcp.storage.network.sent.bytes\"},\"4825f7b2-0e74-43c5-a925-0c0ca49d333e\":{\"dataType\":\"string\",\"isBucketed\":true,\"label\":\"Top 10 values of gcp.labels.resource.bucket_name\",\"operationType\":\"terms\",\"params\":{\"exclude\":[],\"excludeIsRegex\":false,\"include\":[],\"includeIsRegex\":false,\"missingBucket\":false,\"orderBy\":{\"columnId\":\"1ae75d34-ab32-466f-aad4-82de769d5558\",\"type\":\"column\"},\"orderDirection\":\"desc\",\"otherBucket\":true,\"parentFormat\":{\"id\":\"terms\"},\"size\":10},\"scale\":\"ordinal\",\"sourceField\":\"gcp.labels.resource.bucket_name\"}},\"incompleteColumns\":{},\"sampling\":1}}},\"textBased\":{\"layers\":{}}},\"filters\":[],\"internalReferences\":[],\"query\":{\"language\":\"kuery\",\"query\":\"\"},\"visualization\":{\"axisTitlesVisibilitySettings\":{\"x\":true,\"yLeft\":true,\"yRight\":true},\"fittingFunction\":\"None\",\"gridlinesVisibilitySettings\":{\"x\":true,\"yLeft\":true,\"yRight\":true},\"labelsOrientation\":{\"x\":0,\"yLeft\":0,\"yRight\":0},\"layers\":[{\"accessors\":[\"1ae75d34-ab32-466f-aad4-82de769d5558\"],\"layerId\":\"17b4ed84-8ebd-4a98-bf0d-279e758b4566\",\"layerType\":\"data\",\"position\":\"top\",\"seriesType\":\"bar_stacked\",\"showGridlines\":false,\"splitAccessor\":\"4825f7b2-0e74-43c5-a925-0c0ca49d333e\"}],\"legend\":{\"isVisible\":true,\"position\":\"right\"},\"preferredSeriesType\":\"bar_stacked\",\"tickLabelsVisibilitySettings\":{\"x\":true,\"yLeft\":true,\"yRight\":true},\"valueLabels\":\"hide\"}},\"title\":\"\",\"type\":\"lens\",\"visualizationType\":\"lnsXY\"},\"enhancements\":{},\"hidePanelTitles\":false},\"gridData\":{\"h\":15,\"i\":\"f5afd045-1590-4c34-b184-d7d9c95b7890\",\"w\":24,\"x\":24,\"y\":30},\"panelIndex\":\"f5afd045-1590-4c34-b184-d7d9c95b7890\",\"title\":\"Number of Bytes Sent Over Network\",\"type\":\"lens\",\"version\":\"8.6.0\"},{\"embeddableConfig\":{\"attributes\":{\"references\":[{\"id\":\"metrics-*\",\"name\":\"indexpattern-datasource-layer-9f1ed88d-cccb-456f-8e2b-91dcdc693bca\",\"type\":\"index-pattern\"}],\"state\":{\"adHocDataViews\":{},\"datasourceStates\":{\"formBased\":{\"layers\":{\"9f1ed88d-cccb-456f-8e2b-91dcdc693bca\":{\"columnOrder\":[\"7edbd89b-937e-4425-af0a-ddfbf96c8225\",\"67b73024-58ff-4b1f-9680-d74882d3ded0\"],\"columns\":{\"67b73024-58ff-4b1f-9680-d74882d3ded0\":{\"dataType\":\"number\",\"filter\":{\"language\":\"kuery\",\"query\":\"gcp.storage.api.request.count: *\"},\"isBucketed\":false,\"label\":\"Sum of gcp.storage.api.request.count\",\"operationType\":\"sum\",\"params\":{\"emptyAsNull\":true},\"scale\":\"ratio\",\"sourceField\":\"gcp.storage.api.request.count\"},\"7edbd89b-937e-4425-af0a-ddfbf96c8225\":{\"dataType\":\"date\",\"isBucketed\":true,\"label\":\"@timestamp\",\"operationType\":\"date_histogram\",\"params\":{\"dropPartials\":false,\"includeEmptyRows\":true,\"interval\":\"m\"},\"scale\":\"interval\",\"sourceField\":\"@timestamp\"}},\"incompleteColumns\":{},\"sampling\":1}}},\"textBased\":{\"layers\":{}}},\"filters\":[],\"internalReferences\":[],\"query\":{\"language\":\"kuery\",\"query\":\"\"},\"visualization\":{\"axisTitlesVisibilitySettings\":{\"x\":true,\"yLeft\":true,\"yRight\":true},\"fittingFunction\":\"None\",\"gridlinesVisibilitySettings\":{\"x\":true,\"yLeft\":true,\"yRight\":true},\"labelsOrientation\":{\"x\":0,\"yLeft\":0,\"yRight\":0},\"layers\":[{\"accessors\":[\"67b73024-58ff-4b1f-9680-d74882d3ded0\"],\"layerId\":\"9f1ed88d-cccb-456f-8e2b-91dcdc693bca\",\"layerType\":\"data\",\"position\":\"top\",\"seriesType\":\"bar\",\"showGridlines\":false,\"xAccessor\":\"7edbd89b-937e-4425-af0a-ddfbf96c8225\"}],\"legend\":{\"isVisible\":true,\"position\":\"right\"},\"preferredSeriesType\":\"bar\",\"tickLabelsVisibilitySettings\":{\"x\":true,\"yLeft\":true,\"yRight\":true},\"valueLabels\":\"hide\",\"valuesInLegend\":false}},\"title\":\"\",\"type\":\"lens\",\"visualizationType\":\"lnsXY\"},\"enhancements\":{},\"hidePanelTitles\":false},\"gridData\":{\"h\":15,\"i\":\"1220cc0b-201b-4325-8fe2-b9e9a4914fde\",\"w\":24,\"x\":0,\"y\":45},\"panelIndex\":\"1220cc0b-201b-4325-8fe2-b9e9a4914fde\",\"title\":\"API Request count\",\"type\":\"lens\",\"version\":\"8.6.0\"},{\"embeddableConfig\":{\"attributes\":{\"references\":[{\"id\":\"metrics-*\",\"name\":\"indexpattern-datasource-layer-9f1ed88d-cccb-456f-8e2b-91dcdc693bca\",\"type\":\"index-pattern\"}],\"state\":{\"adHocDataViews\":{},\"datasourceStates\":{\"formBased\":{\"layers\":{\"9f1ed88d-cccb-456f-8e2b-91dcdc693bca\":{\"columnOrder\":[\"317f249b-49f8-447f-83fb-b41137be9f5e\",\"6717d42f-0a41-4228-900c-84d959fcca93\",\"67b73024-58ff-4b1f-9680-d74882d3ded0\"],\"columns\":{\"317f249b-49f8-447f-83fb-b41137be9f5e\":{\"dataType\":\"date\",\"isBucketed\":true,\"label\":\"@timestamp\",\"operationType\":\"date_histogram\",\"params\":{\"dropPartials\":false,\"includeEmptyRows\":true,\"interval\":\"m\"},\"scale\":\"interval\",\"sourceField\":\"@timestamp\"},\"6717d42f-0a41-4228-900c-84d959fcca93\":{\"dataType\":\"string\",\"isBucketed\":true,\"label\":\"Top 10 values of gcp.labels.resource.bucket_name\",\"operationType\":\"terms\",\"params\":{\"exclude\":[],\"excludeIsRegex\":false,\"include\":[],\"includeIsRegex\":false,\"missingBucket\":false,\"orderBy\":{\"columnId\":\"67b73024-58ff-4b1f-9680-d74882d3ded0\",\"type\":\"column\"},\"orderDirection\":\"desc\",\"otherBucket\":true,\"parentFormat\":{\"id\":\"terms\"},\"size\":10},\"scale\":\"ordinal\",\"sourceField\":\"gcp.labels.resource.bucket_name\"},\"67b73024-58ff-4b1f-9680-d74882d3ded0\":{\"dataType\":\"number\",\"isBucketed\":false,\"label\":\"Sum of gcp.storage.api.request.count\",\"operationType\":\"sum\",\"params\":{\"emptyAsNull\":true},\"scale\":\"ratio\",\"sourceField\":\"gcp.storage.api.request.count\"}},\"incompleteColumns\":{},\"sampling\":1}}},\"textBased\":{\"layers\":{}}},\"filters\":[],\"internalReferences\":[],\"query\":{\"language\":\"kuery\",\"query\":\"\"},\"visualization\":{\"axisTitlesVisibilitySettings\":{\"x\":true,\"yLeft\":true,\"yRight\":true},\"fittingFunction\":\"None\",\"gridlinesVisibilitySettings\":{\"x\":true,\"yLeft\":true,\"yRight\":true},\"labelsOrientation\":{\"x\":0,\"yLeft\":0,\"yRight\":0},\"layers\":[{\"accessors\":[\"67b73024-58ff-4b1f-9680-d74882d3ded0\"],\"layerId\":\"9f1ed88d-cccb-456f-8e2b-91dcdc693bca\",\"layerType\":\"data\",\"position\":\"top\",\"seriesType\":\"bar_stacked\",\"showGridlines\":false,\"splitAccessor\":\"6717d42f-0a41-4228-900c-84d959fcca93\",\"xAccessor\":\"317f249b-49f8-447f-83fb-b41137be9f5e\"}],\"legend\":{\"isVisible\":true,\"position\":\"right\"},\"preferredSeriesType\":\"bar_stacked\",\"tickLabelsVisibilitySettings\":{\"x\":true,\"yLeft\":true,\"yRight\":true},\"valueLabels\":\"hide\"}},\"title\":\"\",\"type\":\"lens\",\"visualizationType\":\"lnsXY\"},\"enhancements\":{},\"hidePanelTitles\":false},\"gridData\":{\"h\":15,\"i\":\"c8067233-32c9-4b4b-a083-7fca2b08166e\",\"w\":24,\"x\":24,\"y\":45},\"panelIndex\":\"c8067233-32c9-4b4b-a083-7fca2b08166e\",\"title\":\"API Request count for 10 top buckets\",\"type\":\"lens\",\"version\":\"8.6.0\"}]",
    "timeRestore": false,
    "title": "[Metrics GCP] Storage Overview",
    "version": 1
  },
  "coreMigrationVersion": "8.6.0",
  "created_at": "2023-01-17T17:13:51.948Z",
  "id": "gcp-ca401040-8e52-11ea-9fa6-4d675d5290dc",
  "migrationVersion": {
    "dashboard": "8.6.0"
  },
  "references": [
    {
      "id": "metrics-*",
      "name": "kibanaSavedObjectMeta.searchSourceJSON.filter[0].meta.index",
      "type": "index-pattern"
    },
    {
      "id": "metrics-*",
      "name": "245d703c-cd91-4f46-8d31-1ab36b534989:indexpattern-datasource-layer-bb119477-7b71-43e8-a329-07634a7faf84",
      "type": "index-pattern"
    },
    {
      "id": "metrics-*",
      "name": "4ec6fa13-cb84-4941-8a5d-6934aa4924c5:indexpattern-datasource-layer-8997f645-5e6e-4ff4-af2a-9130753b8a11",
      "type": "index-pattern"
    },
    {
      "id": "metrics-*",
      "name": "0a540248-cfdf-4d8a-859b-d9c58c6bddf2:indexpattern-datasource-layer-7fe16e52-ad8a-438f-bd61-0556a7221b11",
      "type": "index-pattern"
    },
    {
      "id": "metrics-*",
      "name": "b16fc3b0-ef1f-4d05-b047-480163f08d90:indexpattern-datasource-layer-8997f645-5e6e-4ff4-af2a-9130753b8a11",
      "type": "index-pattern"
    },
    {
      "id": "metrics-*",
      "name": "20b27d8d-009c-4037-af16-80c5e9901f6c:indexpattern-datasource-layer-17b4ed84-8ebd-4a98-bf0d-279e758b4566",
      "type": "index-pattern"
    },
    {
      "id": "metrics-*",
      "name": "f5afd045-1590-4c34-b184-d7d9c95b7890:indexpattern-datasource-layer-17b4ed84-8ebd-4a98-bf0d-279e758b4566",
      "type": "index-pattern"
    },
    {
      "id": "metrics-*",
      "name": "1220cc0b-201b-4325-8fe2-b9e9a4914fde:indexpattern-datasource-layer-9f1ed88d-cccb-456f-8e2b-91dcdc693bca",
      "type": "index-pattern"
    },
    {
      "id": "metrics-*",
      "name": "c8067233-32c9-4b4b-a083-7fca2b08166e:indexpattern-datasource-layer-9f1ed88d-cccb-456f-8e2b-91dcdc693bca",
      "type": "index-pattern"
    },
    {
      "id": "metrics-*",
      "name": "controlGroup_23d7827e-6d9f-4922-b7bd-57e7392854ff:optionsListDataView",
      "type": "index-pattern"
    },
    {
      "id": "metrics-*",
      "name": "controlGroup_b981e175-49c8-49de-8811-2a4c370d78bd:optionsListDataView",
      "type": "index-pattern"
    },
    {
      "id": "metrics-*",
      "name": "controlGroup_cd71c585-a028-4993-872a-f73f5fde6d40:optionsListDataView",
      "type": "index-pattern"
    }
  ],
  "type": "dashboard"
}