{
  "attributes": {
    "controlGroupInput": {
      "chainingSystem": "HIERARCHICAL",
      "controlStyle": "oneLine",
      "ignoreParentSettingsJSON": "{\"ignoreFilters\":false,\"ignoreQuery\":false,\"ignoreTimerange\":false,\"ignoreValidations\":false}",
      "panelsJSON": "{\"19b17b1a-02e7-425b-bdaf-789f36fb52b8\":{\"type\":\"optionsListControl\",\"order\":0,\"grow\":true,\"width\":\"medium\",\"explicitInput\":{\"id\":\"19b17b1a-02e7-425b-bdaf-789f36fb52b8\",\"fieldName\":\"gcp.labels.resource.backend_name\",\"title\":\"Backend Name\",\"enhancements\":{}}},\"682e20de-617f-479c-9f35-1282a76f0834\":{\"type\":\"optionsListControl\",\"order\":1,\"grow\":true,\"width\":\"medium\",\"explicitInput\":{\"id\":\"682e20de-617f-479c-9f35-1282a76f0834\",\"fieldName\":\"gcp.labels.metrics.client_zone\",\"title\":\"Client Zone\",\"enhancements\":{}}},\"519ec7d3-cef1-40ff-99a0-6370f278f54c\":{\"type\":\"optionsListControl\",\"order\":2,\"grow\":true,\"width\":\"medium\",\"explicitInput\":{\"id\":\"519ec7d3-cef1-40ff-99a0-6370f278f54c\",\"fieldName\":\"gcp.labels.metrics.client_network\",\"title\":\"Client Network\",\"enhancements\":{}}},\"e43dc646-7457-4b36-b7c3-b5acb7725a5e\":{\"type\":\"optionsListControl\",\"order\":3,\"grow\":true,\"width\":\"medium\",\"explicitInput\":{\"id\":\"e43dc646-7457-4b36-b7c3-b5acb7725a5e\",\"fieldName\":\"gcp.labels.metrics.client_subnetwork\",\"title\":\"Client Sub-network\",\"enhancements\":{}}}}"
    },
    "description": "Overview of GCP Load Balancing L3 Metrics",
    "kibanaSavedObjectMeta": {
      "searchSourceJSON": "{\"filter\":[{\"$state\":{\"store\":\"appState\"},\"meta\":{\"alias\":null,\"disabled\":false,\"field\":\"data_stream.dataset\",\"indexRefName\":\"kibanaSavedObjectMeta.searchSourceJSON.filter[0].meta.index\",\"key\":\"data_stream.dataset\",\"negate\":false,\"params\":{\"query\":\"gcp.loadbalancing_metrics\"},\"type\":\"phrase\"},\"query\":{\"match_phrase\":{\"data_stream.dataset\":\"gcp.loadbalancing_metrics\"}}}],\"query\":{\"language\":\"kuery\",\"query\":\"\"}}"
    },
    "optionsJSON": "{\"hidePanelTitles\":false,\"syncColors\":false,\"syncCursor\":true,\"syncTooltips\":false,\"useMargins\":true}",
    "panelsJSON": "[{\"embeddableConfig\":{\"attributes\":{\"references\":[],\"state\":{\"adHocDataViews\":{\"tsvb_ad_hoc_metrics-*/@timestamp\":{\"allowNoIndex\":true,\"fieldAttrs\":{},\"fieldFormats\":{},\"id\":\"tsvb_ad_hoc_metrics-*/@timestamp\",\"name\":\"metrics-*\",\"runtimeFieldMap\":{},\"sourceFilters\":[],\"timeFieldName\":\"@timestamp\",\"title\":\"metrics-*\"}},\"datasourceStates\":{\"formBased\":{\"layers\":{\"205dc823-a3a8-4703-b44a-065f57cadda7\":{\"columnOrder\":[\"bd6c80c0-b05f-447b-af97-5558546f69dc\",\"bc5a2ed6-a226-4b9c-9653-ac17abfb954f\",\"9efe475f-1479-47ef-b4b6-8191b4ab7717\"],\"columns\":{\"9efe475f-1479-47ef-b4b6-8191b4ab7717\":{\"dataType\":\"number\",\"isBucketed\":false,\"label\":\"Average of gcp.loadbalancing_metrics.l3.internal.egress.bytes\",\"operationType\":\"average\",\"params\":{\"emptyAsNull\":true,\"format\":{\"id\":\"bytes\",\"params\":{\"decimals\":1}}},\"scale\":\"ratio\",\"sourceField\":\"gcp.loadbalancing_metrics.l3.internal.egress.bytes\"},\"bc5a2ed6-a226-4b9c-9653-ac17abfb954f\":{\"dataType\":\"date\",\"isBucketed\":true,\"label\":\"@timestamp\",\"operationType\":\"date_histogram\",\"params\":{\"dropPartials\":true,\"includeEmptyRows\":true,\"interval\":\"1m\"},\"scale\":\"interval\",\"sourceField\":\"@timestamp\"},\"bd6c80c0-b05f-447b-af97-5558546f69dc\":{\"dataType\":\"string\",\"isBucketed\":true,\"label\":\"Top 10 values of gcp.labels.resource.backend_name\",\"operationType\":\"terms\",\"params\":{\"exclude\":[],\"excludeIsRegex\":false,\"include\":[],\"includeIsRegex\":false,\"missingBucket\":false,\"orderBy\":{\"columnId\":\"9efe475f-1479-47ef-b4b6-8191b4ab7717\",\"type\":\"column\"},\"orderDirection\":\"desc\",\"otherBucket\":false,\"parentFormat\":{\"id\":\"terms\"},\"secondaryFields\":[],\"size\":10},\"scale\":\"ordinal\",\"sourceField\":\"gcp.labels.resource.backend_name\"}},\"incompleteColumns\":{}}}},\"textBased\":{\"layers\":{}}},\"filters\":[],\"internalReferences\":[{\"id\":\"tsvb_ad_hoc_metrics-*/@timestamp\",\"name\":\"indexpattern-datasource-layer-205dc823-a3a8-4703-b44a-065f57cadda7\",\"type\":\"index-pattern\"}],\"query\":{\"language\":\"kuery\",\"query\":\"\"},\"visualization\":{\"axisTitlesVisibilitySettings\":{\"x\":true,\"yLeft\":false,\"yRight\":true},\"fillOpacity\":0,\"fittingFunction\":\"None\",\"gridlinesVisibilitySettings\":{\"x\":true,\"yLeft\":true,\"yRight\":true},\"labelsOrientation\":{\"x\":0,\"yLeft\":0,\"yRight\":0},\"layers\":[{\"accessors\":[\"9efe475f-1479-47ef-b4b6-8191b4ab7717\"],\"layerId\":\"205dc823-a3a8-4703-b44a-065f57cadda7\",\"layerType\":\"data\",\"palette\":{\"name\":\"default\",\"type\":\"palette\"},\"seriesType\":\"line\",\"splitAccessor\":\"bd6c80c0-b05f-447b-af97-5558546f69dc\",\"xAccessor\":\"bc5a2ed6-a226-4b9c-9653-ac17abfb954f\",\"yConfig\":[{\"axisMode\":\"left\",\"color\":\"#68BC00\",\"forAccessor\":\"9efe475f-1479-47ef-b4b6-8191b4ab7717\"}]}],\"legend\":{\"isVisible\":true,\"maxLines\":1,\"position\":\"right\",\"shouldTruncate\":true,\"showSingleSeries\":true},\"preferredSeriesType\":\"bar_stacked\",\"tickLabelsVisibilitySettings\":{\"x\":true,\"yLeft\":true,\"yRight\":true},\"valueLabels\":\"hide\",\"valuesInLegend\":true,\"yLeftExtent\":{\"mode\":\"full\"},\"yLeftScale\":\"linear\",\"yRightExtent\":{\"mode\":\"full\"},\"yRightScale\":\"linear\"}},\"title\":\"\",\"type\":\"lens\",\"visualizationType\":\"lnsXY\"},\"enhancements\":{},\"hidePanelTitles\":false,\"type\":\"lens\"},\"gridData\":{\"h\":15,\"i\":\"c38aeaae-69a7-4a6c-a35a-4bf5c8f70e86\",\"w\":24,\"x\":0,\"y\":0},\"panelIndex\":\"c38aeaae-69a7-4a6c-a35a-4bf5c8f70e86\",\"title\":\"Egress Bytes\",\"type\":\"lens\",\"version\":\"8.9.0\"},{\"embeddableConfig\":{\"attributes\":{\"references\":[],\"state\":{\"adHocDataViews\":{\"tsvb_ad_hoc_metrics-*/@timestamp\":{\"allowNoIndex\":true,\"fieldAttrs\":{},\"fieldFormats\":{},\"id\":\"tsvb_ad_hoc_metrics-*/@timestamp\",\"name\":\"metrics-*\",\"runtimeFieldMap\":{},\"sourceFilters\":[],\"timeFieldName\":\"@timestamp\",\"title\":\"metrics-*\"}},\"datasourceStates\":{\"formBased\":{\"layers\":{\"9ea6939b-acf8-4012-a7b2-cf0aa66d7d9b\":{\"columnOrder\":[\"f2f02443-fc69-4615-aefd-52af51be76db\",\"95e5d4bb-3927-4868-8ec2-fef69824aa24\",\"3db8370a-da10-4da8-9021-8abf693a3bcd\"],\"columns\":{\"3db8370a-da10-4da8-9021-8abf693a3bcd\":{\"dataType\":\"number\",\"isBucketed\":false,\"label\":\"Average of gcp.loadbalancing_metrics.l3.internal.egress_packets.count\",\"operationType\":\"average\",\"params\":{\"emptyAsNull\":true,\"format\":{\"id\":\"bytes\",\"params\":{\"decimals\":1}}},\"scale\":\"ratio\",\"sourceField\":\"gcp.loadbalancing_metrics.l3.internal.egress_packets.count\"},\"95e5d4bb-3927-4868-8ec2-fef69824aa24\":{\"dataType\":\"date\",\"isBucketed\":true,\"label\":\"@timestamp\",\"operationType\":\"date_histogram\",\"params\":{\"dropPartials\":true,\"includeEmptyRows\":true,\"interval\":\"1m\"},\"scale\":\"interval\",\"sourceField\":\"@timestamp\"},\"f2f02443-fc69-4615-aefd-52af51be76db\":{\"dataType\":\"string\",\"isBucketed\":true,\"label\":\"Top 10 values of gcp.labels.resource.backend_name\",\"operationType\":\"terms\",\"params\":{\"exclude\":[],\"excludeIsRegex\":false,\"include\":[],\"includeIsRegex\":false,\"missingBucket\":false,\"orderBy\":{\"columnId\":\"3db8370a-da10-4da8-9021-8abf693a3bcd\",\"type\":\"column\"},\"orderDirection\":\"desc\",\"otherBucket\":false,\"parentFormat\":{\"id\":\"terms\"},\"secondaryFields\":[],\"size\":10},\"scale\":\"ordinal\",\"sourceField\":\"gcp.labels.resource.backend_name\"}},\"incompleteColumns\":{}}}},\"textBased\":{\"layers\":{}}},\"filters\":[],\"internalReferences\":[{\"id\":\"tsvb_ad_hoc_metrics-*/@timestamp\",\"name\":\"indexpattern-datasource-layer-9ea6939b-acf8-4012-a7b2-cf0aa66d7d9b\",\"type\":\"index-pattern\"}],\"query\":{\"language\":\"kuery\",\"query\":\"\"},\"visualization\":{\"axisTitlesVisibilitySettings\":{\"x\":true,\"yLeft\":false,\"yRight\":true},\"fillOpacity\":0,\"fittingFunction\":\"None\",\"gridlinesVisibilitySettings\":{\"x\":true,\"yLeft\":true,\"yRight\":true},\"labelsOrientation\":{\"x\":0,\"yLeft\":0,\"yRight\":0},\"layers\":[{\"accessors\":[\"3db8370a-da10-4da8-9021-8abf693a3bcd\"],\"layerId\":\"9ea6939b-acf8-4012-a7b2-cf0aa66d7d9b\",\"layerType\":\"data\",\"palette\":{\"name\":\"default\",\"type\":\"palette\"},\"seriesType\":\"line\",\"splitAccessor\":\"f2f02443-fc69-4615-aefd-52af51be76db\",\"xAccessor\":\"95e5d4bb-3927-4868-8ec2-fef69824aa24\",\"yConfig\":[{\"axisMode\":\"left\",\"color\":\"#68BC00\",\"forAccessor\":\"3db8370a-da10-4da8-9021-8abf693a3bcd\"}]}],\"legend\":{\"isVisible\":true,\"maxLines\":1,\"position\":\"right\",\"shouldTruncate\":true,\"showSingleSeries\":true},\"preferredSeriesType\":\"bar_stacked\",\"tickLabelsVisibilitySettings\":{\"x\":true,\"yLeft\":true,\"yRight\":true},\"valueLabels\":\"hide\",\"valuesInLegend\":true,\"yLeftExtent\":{\"mode\":\"full\"},\"yLeftScale\":\"linear\",\"yRightExtent\":{\"mode\":\"full\"},\"yRightScale\":\"linear\"}},\"title\":\"\",\"type\":\"lens\",\"visualizationType\":\"lnsXY\"},\"enhancements\":{},\"hidePanelTitles\":false,\"type\":\"lens\"},\"gridData\":{\"h\":15,\"i\":\"44d18a84-d060-4149-825d-eacc61f946f3\",\"w\":24,\"x\":24,\"y\":0},\"panelIndex\":\"44d18a84-d060-4149-825d-eacc61f946f3\",\"title\":\"Egress Packets\",\"type\":\"lens\",\"version\":\"8.9.0\"},{\"embeddableConfig\":{\"attributes\":{\"references\":[],\"state\":{\"adHocDataViews\":{\"tsvb_ad_hoc_metrics-*/@timestamp\":{\"allowNoIndex\":true,\"fieldAttrs\":{},\"fieldFormats\":{},\"id\":\"tsvb_ad_hoc_metrics-*/@timestamp\",\"name\":\"metrics-*\",\"runtimeFieldMap\":{},\"sourceFilters\":[],\"timeFieldName\":\"@timestamp\",\"title\":\"metrics-*\"}},\"datasourceStates\":{\"formBased\":{\"layers\":{\"fe5b16c4-9ed6-4f46-a83f-e74df7076900\":{\"columnOrder\":[\"996b126b-dc05-41ef-a883-f993f47f57a8\",\"aa2732dc-1da0-4e7f-92a0-f5c1de9a847f\",\"82c464f8-722e-4d6e-af93-e2f0df674cac\"],\"columns\":{\"82c464f8-722e-4d6e-af93-e2f0df674cac\":{\"dataType\":\"number\",\"isBucketed\":false,\"label\":\"Average of gcp.loadbalancing_metrics.l3.internal.ingress.bytes\",\"operationType\":\"average\",\"params\":{\"emptyAsNull\":true,\"format\":{\"id\":\"bytes\",\"params\":{\"decimals\":1}}},\"scale\":\"ratio\",\"sourceField\":\"gcp.loadbalancing_metrics.l3.internal.ingress.bytes\"},\"996b126b-dc05-41ef-a883-f993f47f57a8\":{\"dataType\":\"string\",\"isBucketed\":true,\"label\":\"Top 10 values of gcp.labels.resource.backend_name\",\"operationType\":\"terms\",\"params\":{\"exclude\":[],\"excludeIsRegex\":false,\"include\":[],\"includeIsRegex\":false,\"missingBucket\":false,\"orderBy\":{\"columnId\":\"82c464f8-722e-4d6e-af93-e2f0df674cac\",\"type\":\"column\"},\"orderDirection\":\"desc\",\"otherBucket\":false,\"parentFormat\":{\"id\":\"terms\"},\"secondaryFields\":[],\"size\":10},\"scale\":\"ordinal\",\"sourceField\":\"gcp.labels.resource.backend_name\"},\"aa2732dc-1da0-4e7f-92a0-f5c1de9a847f\":{\"dataType\":\"date\",\"isBucketed\":true,\"label\":\"@timestamp\",\"operationType\":\"date_histogram\",\"params\":{\"dropPartials\":true,\"includeEmptyRows\":true,\"interval\":\"1m\"},\"scale\":\"interval\",\"sourceField\":\"@timestamp\"}},\"incompleteColumns\":{}}}},\"textBased\":{\"layers\":{}}},\"filters\":[],\"internalReferences\":[{\"id\":\"tsvb_ad_hoc_metrics-*/@timestamp\",\"name\":\"indexpattern-datasource-layer-fe5b16c4-9ed6-4f46-a83f-e74df7076900\",\"type\":\"index-pattern\"}],\"query\":{\"language\":\"kuery\",\"query\":\"\"},\"visualization\":{\"axisTitlesVisibilitySettings\":{\"x\":true,\"yLeft\":false,\"yRight\":true},\"fillOpacity\":0,\"fittingFunction\":\"None\",\"gridlinesVisibilitySettings\":{\"x\":true,\"yLeft\":true,\"yRight\":true},\"labelsOrientation\":{\"x\":0,\"yLeft\":0,\"yRight\":0},\"layers\":[{\"accessors\":[\"82c464f8-722e-4d6e-af93-e2f0df674cac\"],\"layerId\":\"fe5b16c4-9ed6-4f46-a83f-e74df7076900\",\"layerType\":\"data\",\"palette\":{\"name\":\"default\",\"type\":\"palette\"},\"seriesType\":\"line\",\"splitAccessor\":\"996b126b-dc05-41ef-a883-f993f47f57a8\",\"xAccessor\":\"aa2732dc-1da0-4e7f-92a0-f5c1de9a847f\",\"yConfig\":[{\"axisMode\":\"left\",\"color\":\"#68BC00\",\"forAccessor\":\"82c464f8-722e-4d6e-af93-e2f0df674cac\"}]}],\"legend\":{\"isVisible\":true,\"maxLines\":1,\"position\":\"right\",\"shouldTruncate\":true,\"showSingleSeries\":true},\"preferredSeriesType\":\"bar_stacked\",\"tickLabelsVisibilitySettings\":{\"x\":true,\"yLeft\":true,\"yRight\":true},\"valueLabels\":\"hide\",\"valuesInLegend\":true,\"yLeftExtent\":{\"mode\":\"full\"},\"yLeftScale\":\"linear\",\"yRightExtent\":{\"mode\":\"full\"},\"yRightScale\":\"linear\"}},\"title\":\"\",\"type\":\"lens\",\"visualizationType\":\"lnsXY\"},\"enhancements\":{},\"hidePanelTitles\":false,\"type\":\"lens\"},\"gridData\":{\"h\":15,\"i\":\"beaf5f45-5217-4aed-b663-69e5e9ca35c3\",\"w\":24,\"x\":0,\"y\":15},\"panelIndex\":\"beaf5f45-5217-4aed-b663-69e5e9ca35c3\",\"title\":\"Ingress Bytes\",\"type\":\"lens\",\"version\":\"8.9.0\"},{\"embeddableConfig\":{\"attributes\":{\"references\":[],\"state\":{\"adHocDataViews\":{\"tsvb_ad_hoc_metrics-*/@timestamp\":{\"allowNoIndex\":true,\"fieldAttrs\":{},\"fieldFormats\":{},\"id\":\"tsvb_ad_hoc_metrics-*/@timestamp\",\"name\":\"metrics-*\",\"runtimeFieldMap\":{},\"sourceFilters\":[],\"timeFieldName\":\"@timestamp\",\"title\":\"metrics-*\"}},\"datasourceStates\":{\"formBased\":{\"layers\":{\"ce05284e-1e46-4eaa-8619-6805f3fb3d62\":{\"columnOrder\":[\"bb83411b-9f22-4265-85ea-3c147c7236d9\",\"cdcccb10-fd37-4a36-be85-7dcfcd9cf346\",\"faf901e9-16d2-4609-beb9-b75e38381e31\"],\"columns\":{\"bb83411b-9f22-4265-85ea-3c147c7236d9\":{\"dataType\":\"string\",\"isBucketed\":true,\"label\":\"Top 10 values of gcp.labels.resource.backend_name\",\"operationType\":\"terms\",\"params\":{\"exclude\":[],\"excludeIsRegex\":false,\"include\":[],\"includeIsRegex\":false,\"missingBucket\":false,\"orderBy\":{\"columnId\":\"faf901e9-16d2-4609-beb9-b75e38381e31\",\"type\":\"column\"},\"orderDirection\":\"desc\",\"otherBucket\":false,\"parentFormat\":{\"id\":\"terms\"},\"secondaryFields\":[],\"size\":10},\"scale\":\"ordinal\",\"sourceField\":\"gcp.labels.resource.backend_name\"},\"cdcccb10-fd37-4a36-be85-7dcfcd9cf346\":{\"dataType\":\"date\",\"isBucketed\":true,\"label\":\"@timestamp\",\"operationType\":\"date_histogram\",\"params\":{\"dropPartials\":true,\"includeEmptyRows\":true,\"interval\":\"1m\"},\"scale\":\"interval\",\"sourceField\":\"@timestamp\"},\"faf901e9-16d2-4609-beb9-b75e38381e31\":{\"dataType\":\"number\",\"isBucketed\":false,\"label\":\"Average of gcp.loadbalancing_metrics.l3.internal.ingress_packets.count\",\"operationType\":\"average\",\"params\":{\"emptyAsNull\":true,\"format\":{\"id\":\"bytes\",\"params\":{\"decimals\":1}}},\"scale\":\"ratio\",\"sourceField\":\"gcp.loadbalancing_metrics.l3.internal.ingress_packets.count\"}},\"incompleteColumns\":{}}}},\"textBased\":{\"layers\":{}}},\"filters\":[],\"internalReferences\":[{\"id\":\"tsvb_ad_hoc_metrics-*/@timestamp\",\"name\":\"indexpattern-datasource-layer-ce05284e-1e46-4eaa-8619-6805f3fb3d62\",\"type\":\"index-pattern\"}],\"query\":{\"language\":\"kuery\",\"query\":\"\"},\"visualization\":{\"axisTitlesVisibilitySettings\":{\"x\":true,\"yLeft\":false,\"yRight\":true},\"fillOpacity\":0,\"fittingFunction\":\"None\",\"gridlinesVisibilitySettings\":{\"x\":true,\"yLeft\":true,\"yRight\":true},\"labelsOrientation\":{\"x\":0,\"yLeft\":0,\"yRight\":0},\"layers\":[{\"accessors\":[\"faf901e9-16d2-4609-beb9-b75e38381e31\"],\"layerId\":\"ce05284e-1e46-4eaa-8619-6805f3fb3d62\",\"layerType\":\"data\",\"palette\":{\"name\":\"default\",\"type\":\"palette\"},\"seriesType\":\"line\",\"splitAccessor\":\"bb83411b-9f22-4265-85ea-3c147c7236d9\",\"xAccessor\":\"cdcccb10-fd37-4a36-be85-7dcfcd9cf346\",\"yConfig\":[{\"axisMode\":\"left\",\"color\":\"#68BC00\",\"forAccessor\":\"faf901e9-16d2-4609-beb9-b75e38381e31\"}]}],\"legend\":{\"isVisible\":true,\"maxLines\":1,\"position\":\"right\",\"shouldTruncate\":true,\"showSingleSeries\":true},\"preferredSeriesType\":\"bar_stacked\",\"tickLabelsVisibilitySettings\":{\"x\":true,\"yLeft\":true,\"yRight\":true},\"valueLabels\":\"hide\",\"valuesInLegend\":true,\"yLeftExtent\":{\"mode\":\"full\"},\"yLeftScale\":\"linear\",\"yRightExtent\":{\"mode\":\"full\"},\"yRightScale\":\"linear\"}},\"title\":\"\",\"type\":\"lens\",\"visualizationType\":\"lnsXY\"},\"enhancements\":{},\"hidePanelTitles\":false,\"type\":\"lens\"},\"gridData\":{\"h\":15,\"i\":\"c5782327-dc55-466d-97d8-b79618f0b47a\",\"w\":24,\"x\":24,\"y\":15},\"panelIndex\":\"c5782327-dc55-466d-97d8-b79618f0b47a\",\"title\":\"Ingress Packets\",\"type\":\"lens\",\"version\":\"8.9.0\"}]",
    "timeRestore": false,
    "title": "[Metrics GCP] Load Balancing L3 Overview",
    "version": 1
  },
  "coreMigrationVersion": "8.8.0",
  "created_at": "2024-04-22T11:50:08.027Z",
  "id": "gcp-8f9c6cc0-909d-11ea-8180-7b0dacd9df87",
  "managed": false,
  "references": [
    {
      "id": "metrics-*",
      "name": "kibanaSavedObjectMeta.searchSourceJSON.filter[0].meta.index",
      "type": "index-pattern"
    },
    {
      "id": "metrics-*",
      "name": "controlGroup_19b17b1a-02e7-425b-bdaf-789f36fb52b8:optionsListDataView",
      "type": "index-pattern"
    },
    {
      "id": "metrics-*",
      "name": "controlGroup_682e20de-617f-479c-9f35-1282a76f0834:optionsListDataView",
      "type": "index-pattern"
    },
    {
      "id": "metrics-*",
      "name": "controlGroup_519ec7d3-cef1-40ff-99a0-6370f278f54c:optionsListDataView",
      "type": "index-pattern"
    },
    {
      "id": "metrics-*",
      "name": "controlGroup_e43dc646-7457-4b36-b7c3-b5acb7725a5e:optionsListDataView",
      "type": "index-pattern"
    }
  ],
  "type": "dashboard",
  "typeMigrationVersion": "8.9.0"
}