{
  "attributes": {
    "controlGroupInput": {
      "chainingSystem": "HIERARCHICAL",
      "controlStyle": "oneLine",
      "ignoreParentSettingsJSON": "{\"ignoreFilters\":false,\"ignoreQuery\":false,\"ignoreTimerange\":false,\"ignoreValidations\":false}",
      "panelsJSON": "{\"203a0a02-7c53-4824-8e9e-8e773f001b98\":{\"order\":1,\"width\":\"medium\",\"grow\":false,\"type\":\"optionsListControl\",\"explicitInput\":{\"fieldName\":\"gcp.labels.resource.subscription_id\",\"title\":\"Subscription ID\",\"id\":\"203a0a02-7c53-4824-8e9e-8e773f001b98\",\"selectedOptions\":[],\"enhancements\":{}}},\"dd239a61-41ad-4f53-b984-a98c18892a67\":{\"order\":2,\"width\":\"medium\",\"grow\":false,\"type\":\"optionsListControl\",\"explicitInput\":{\"fieldName\":\"gcp.labels.resource.topic_id\",\"title\":\"Topic ID\",\"id\":\"dd239a61-41ad-4f53-b984-a98c18892a67\",\"enhancements\":{}}},\"94816185-49cf-4545-9e0b-0e8a0a729806\":{\"order\":0,\"width\":\"medium\",\"grow\":false,\"type\":\"optionsListControl\",\"explicitInput\":{\"fieldName\":\"gcp.labels.metrics.region\",\"title\":\"Location\",\"id\":\"94816185-49cf-4545-9e0b-0e8a0a729806\",\"selectedOptions\":[],\"enhancements\":{}}},\"a75e0bd8-c032-479d-82a6-dc4521340531\":{\"order\":3,\"width\":\"medium\",\"grow\":false,\"type\":\"optionsListControl\",\"explicitInput\":{\"fieldName\":\"gcp.labels.resource.snapshot_id\",\"title\":\"Snapshot ID\",\"id\":\"a75e0bd8-c032-479d-82a6-dc4521340531\",\"enhancements\":{}}}}"
    },
    "description": "Overview of GCP PubSub Metrics",
    "kibanaSavedObjectMeta": {
      "searchSourceJSON": "{\"filter\":[{\"$state\":{\"store\":\"appState\"},\"meta\":{\"alias\":\"Only data from gcp.pubsub dataset\",\"disabled\":false,\"indexRefName\":\"kibanaSavedObjectMeta.searchSourceJSON.filter[0].meta.index\",\"key\":\"data_stream.dataset\",\"negate\":false,\"params\":{\"query\":\"gcp.pubsub\"},\"type\":\"phrase\"},\"query\":{\"match_phrase\":{\"data_stream.dataset\":\"gcp.pubsub\"}}}],\"query\":{\"language\":\"kuery\",\"query\":\"\"}}"
    },
    "optionsJSON": "{\"hidePanelTitles\":false,\"useMargins\":true}",
    "panelsJSON": "[{\"embeddableConfig\":{\"attributes\":{\"references\":[{\"id\":\"metrics-*\",\"name\":\"indexpattern-datasource-current-indexpattern\",\"type\":\"index-pattern\"},{\"id\":\"metrics-*\",\"name\":\"indexpattern-datasource-layer-91e62734-6524-424c-b2b5-3974c835dd6c\",\"type\":\"index-pattern\"}],\"state\":{\"datasourceStates\":{\"formBased\":{\"layers\":{\"91e62734-6524-424c-b2b5-3974c835dd6c\":{\"columnOrder\":[\"4f8dae5f-b49c-4a10-8f94-a29039f93919\",\"f0d11f8d-e2f9-408a-9114-a0b9b18142d4\",\"27a71166-d245-471d-b550-ee0b1899ea88\"],\"columns\":{\"27a71166-d245-471d-b550-ee0b1899ea88\":{\"customLabel\":true,\"dataType\":\"number\",\"isBucketed\":false,\"label\":\"Topic Send Request Count\",\"operationType\":\"average\",\"scale\":\"ratio\",\"sourceField\":\"gcp.pubsub.topic.send_request.count\"},\"4f8dae5f-b49c-4a10-8f94-a29039f93919\":{\"dataType\":\"string\",\"isBucketed\":true,\"label\":\"Top values of gcp.labels.resource.topic_id\",\"operationType\":\"terms\",\"params\":{\"orderBy\":{\"columnId\":\"27a71166-d245-471d-b550-ee0b1899ea88\",\"type\":\"column\"},\"orderDirection\":\"desc\",\"parentFormat\":{\"id\":\"terms\"},\"size\":3},\"scale\":\"ordinal\",\"sourceField\":\"gcp.labels.resource.topic_id\"},\"f0d11f8d-e2f9-408a-9114-a0b9b18142d4\":{\"dataType\":\"date\",\"isBucketed\":true,\"label\":\"@timestamp\",\"operationType\":\"date_histogram\",\"params\":{\"includeEmptyRows\":true,\"interval\":\"1m\"},\"scale\":\"interval\",\"sourceField\":\"@timestamp\"}}}}}},\"filters\":[],\"query\":{\"language\":\"kuery\",\"query\":\"\"},\"visualization\":{\"fittingFunction\":\"None\",\"layers\":[{\"accessors\":[\"27a71166-d245-471d-b550-ee0b1899ea88\"],\"layerId\":\"91e62734-6524-424c-b2b5-3974c835dd6c\",\"layerType\":\"data\",\"seriesType\":\"line\",\"splitAccessor\":\"4f8dae5f-b49c-4a10-8f94-a29039f93919\",\"xAccessor\":\"f0d11f8d-e2f9-408a-9114-a0b9b18142d4\"}],\"legend\":{\"isVisible\":true,\"legendSize\":\"auto\",\"position\":\"right\"},\"preferredSeriesType\":\"line\"}},\"title\":\"Topic Send Request [Metrics GCP]\",\"visualizationType\":\"lnsXY\"},\"enhancements\":{}},\"gridData\":{\"h\":13,\"i\":\"c1d89f36-43ed-42e6-98a0-8820b28f7953\",\"w\":16,\"x\":0,\"y\":0},\"panelIndex\":\"c1d89f36-43ed-42e6-98a0-8820b28f7953\",\"title\":\"Topic Send Request\",\"type\":\"lens\",\"version\":\"8.6.0\"},{\"embeddableConfig\":{\"attributes\":{\"references\":[{\"id\":\"metrics-*\",\"name\":\"indexpattern-datasource-current-indexpattern\",\"type\":\"index-pattern\"},{\"id\":\"metrics-*\",\"name\":\"indexpattern-datasource-layer-91e62734-6524-424c-b2b5-3974c835dd6c\",\"type\":\"index-pattern\"}],\"state\":{\"datasourceStates\":{\"formBased\":{\"layers\":{\"91e62734-6524-424c-b2b5-3974c835dd6c\":{\"columnOrder\":[\"f0d11f8d-e2f9-408a-9114-a0b9b18142d4\",\"89c8d41d-6896-470d-8318-c0a691fa638e\",\"27a71166-d245-471d-b550-ee0b1899ea88\"],\"columns\":{\"27a71166-d245-471d-b550-ee0b1899ea88\":{\"customLabel\":true,\"dataType\":\"number\",\"isBucketed\":false,\"label\":\"Topic Oldest Retained Acked Message Age By Region\",\"operationType\":\"average\",\"scale\":\"ratio\",\"sourceField\":\"gcp.pubsub.topic.oldest_retained_acked_message_age_by_region.value\"},\"89c8d41d-6896-470d-8318-c0a691fa638e\":{\"dataType\":\"string\",\"isBucketed\":true,\"label\":\"Top values of gcp.labels.metrics.region\",\"operationType\":\"terms\",\"params\":{\"orderBy\":{\"columnId\":\"27a71166-d245-471d-b550-ee0b1899ea88\",\"type\":\"column\"},\"orderDirection\":\"desc\",\"parentFormat\":{\"id\":\"terms\"},\"size\":3},\"scale\":\"ordinal\",\"sourceField\":\"gcp.labels.metrics.region\"},\"f0d11f8d-e2f9-408a-9114-a0b9b18142d4\":{\"dataType\":\"date\",\"isBucketed\":true,\"label\":\"@timestamp\",\"operationType\":\"date_histogram\",\"params\":{\"includeEmptyRows\":true,\"interval\":\"1m\"},\"scale\":\"interval\",\"sourceField\":\"@timestamp\"}}}}}},\"filters\":[],\"query\":{\"language\":\"kuery\",\"query\":\"\"},\"visualization\":{\"fittingFunction\":\"None\",\"layers\":[{\"accessors\":[\"27a71166-d245-471d-b550-ee0b1899ea88\"],\"layerId\":\"91e62734-6524-424c-b2b5-3974c835dd6c\",\"layerType\":\"data\",\"seriesType\":\"line\",\"splitAccessor\":\"89c8d41d-6896-470d-8318-c0a691fa638e\",\"xAccessor\":\"f0d11f8d-e2f9-408a-9114-a0b9b18142d4\"}],\"legend\":{\"isVisible\":true,\"legendSize\":\"auto\",\"position\":\"right\"},\"preferredSeriesType\":\"line\"}},\"title\":\"Topic Oldest Retained Acked Message Age By Region [Metrics GCP]\",\"visualizationType\":\"lnsXY\"},\"enhancements\":{}},\"gridData\":{\"h\":13,\"i\":\"b26a6238-b982-4082-9e4e-3e3d9361a865\",\"w\":16,\"x\":16,\"y\":0},\"panelIndex\":\"b26a6238-b982-4082-9e4e-3e3d9361a865\",\"title\":\"Topic Oldest Retained Acked Message Age\",\"type\":\"lens\",\"version\":\"8.6.0\"},{\"embeddableConfig\":{\"attributes\":{\"references\":[{\"id\":\"metrics-*\",\"name\":\"indexpattern-datasource-current-indexpattern\",\"type\":\"index-pattern\"},{\"id\":\"metrics-*\",\"name\":\"indexpattern-datasource-layer-91e62734-6524-424c-b2b5-3974c835dd6c\",\"type\":\"index-pattern\"}],\"state\":{\"datasourceStates\":{\"formBased\":{\"layers\":{\"91e62734-6524-424c-b2b5-3974c835dd6c\":{\"columnOrder\":[\"ed36f31e-ed2a-460a-a881-18e191f75d04\",\"6be62612-437b-448d-9631-c6cc0938225d\",\"5424865c-c988-4e26-b00b-b3cf90e1e4cf\"],\"columns\":{\"0888bf93-1ecf-467a-b0b5-9e0deee6545c\":{\"dataType\":\"string\",\"isBucketed\":true,\"label\":\"Top values of gcp.labels.resource.topic_id\",\"operationType\":\"terms\",\"params\":{\"orderBy\":{\"columnId\":\"5424865c-c988-4e26-b00b-b3cf90e1e4cf\",\"type\":\"column\"},\"orderDirection\":\"desc\",\"parentFormat\":{\"id\":\"terms\"},\"size\":3},\"scale\":\"ordinal\",\"sourceField\":\"gcp.labels.resource.topic_id\"},\"5424865c-c988-4e26-b00b-b3cf90e1e4cf\":{\"customLabel\":true,\"dataType\":\"number\",\"isBucketed\":false,\"label\":\"Topic Oldest Unacked Message Age By Region\",\"operationType\":\"average\",\"scale\":\"ratio\",\"sourceField\":\"gcp.pubsub.topic.oldest_unacked_message_age_by_region.value\"},\"6be62612-437b-448d-9631-c6cc0938225d\":{\"dataType\":\"date\",\"isBucketed\":true,\"label\":\"@timestamp\",\"operationType\":\"date_histogram\",\"params\":{\"includeEmptyRows\":true,\"interval\":\"1m\"},\"scale\":\"interval\",\"sourceField\":\"@timestamp\"},\"ed36f31e-ed2a-460a-a881-18e191f75d04\":{\"dataType\":\"string\",\"isBucketed\":true,\"label\":\"Top values of gcp.labels.metrics.region\",\"operationType\":\"terms\",\"params\":{\"orderBy\":{\"columnId\":\"5424865c-c988-4e26-b00b-b3cf90e1e4cf\",\"type\":\"column\"},\"orderDirection\":\"desc\",\"parentFormat\":{\"id\":\"terms\"},\"size\":3},\"scale\":\"ordinal\",\"sourceField\":\"gcp.labels.metrics.region\"}}}}}},\"filters\":[],\"query\":{\"language\":\"kuery\",\"query\":\"\"},\"visualization\":{\"fittingFunction\":\"None\",\"layers\":[{\"accessors\":[\"5424865c-c988-4e26-b00b-b3cf90e1e4cf\"],\"layerId\":\"91e62734-6524-424c-b2b5-3974c835dd6c\",\"layerType\":\"data\",\"position\":\"top\",\"seriesType\":\"line\",\"showGridlines\":false,\"splitAccessor\":\"ed36f31e-ed2a-460a-a881-18e191f75d04\",\"xAccessor\":\"6be62612-437b-448d-9631-c6cc0938225d\"}],\"legend\":{\"isVisible\":true,\"legendSize\":\"auto\",\"position\":\"right\"},\"preferredSeriesType\":\"line\"}},\"title\":\"Topic Oldest Unacked Message Age By Region [Metrics GCP]\",\"visualizationType\":\"lnsXY\"},\"enhancements\":{}},\"gridData\":{\"h\":13,\"i\":\"c7bbeabc-b158-4bdd-9ba3-9d45264d250b\",\"w\":16,\"x\":32,\"y\":0},\"panelIndex\":\"c7bbeabc-b158-4bdd-9ba3-9d45264d250b\",\"title\":\"Topic Oldest Unacked Message Age\",\"type\":\"lens\",\"version\":\"8.6.0\"},{\"embeddableConfig\":{\"attributes\":{\"references\":[{\"id\":\"metrics-*\",\"name\":\"indexpattern-datasource-current-indexpattern\",\"type\":\"index-pattern\"},{\"id\":\"metrics-*\",\"name\":\"indexpattern-datasource-layer-91e62734-6524-424c-b2b5-3974c835dd6c\",\"type\":\"index-pattern\"}],\"state\":{\"datasourceStates\":{\"formBased\":{\"layers\":{\"91e62734-6524-424c-b2b5-3974c835dd6c\":{\"columnOrder\":[\"6be62612-437b-448d-9631-c6cc0938225d\",\"2251f8b6-6091-4386-890b-4d0d33e79a96\",\"5424865c-c988-4e26-b00b-b3cf90e1e4cf\"],\"columns\":{\"2251f8b6-6091-4386-890b-4d0d33e79a96\":{\"dataType\":\"string\",\"isBucketed\":true,\"label\":\"Top values of gcp.labels.resource.subscription_id\",\"operationType\":\"terms\",\"params\":{\"orderBy\":{\"columnId\":\"5424865c-c988-4e26-b00b-b3cf90e1e4cf\",\"type\":\"column\"},\"orderDirection\":\"desc\",\"parentFormat\":{\"id\":\"terms\"},\"size\":3},\"scale\":\"ordinal\",\"sourceField\":\"gcp.labels.resource.subscription_id\"},\"5424865c-c988-4e26-b00b-b3cf90e1e4cf\":{\"customLabel\":true,\"dataType\":\"number\",\"isBucketed\":false,\"label\":\"Subscription Oldest Unacked Message Age\",\"operationType\":\"average\",\"scale\":\"ratio\",\"sourceField\":\"gcp.pubsub.subscription.oldest_unacked_message_age.sec\"},\"6be62612-437b-448d-9631-c6cc0938225d\":{\"dataType\":\"date\",\"isBucketed\":true,\"label\":\"@timestamp\",\"operationType\":\"date_histogram\",\"params\":{\"includeEmptyRows\":true,\"interval\":\"1m\"},\"scale\":\"interval\",\"sourceField\":\"@timestamp\"}}}}}},\"filters\":[],\"query\":{\"language\":\"kuery\",\"query\":\"\"},\"visualization\":{\"fittingFunction\":\"None\",\"layers\":[{\"accessors\":[\"5424865c-c988-4e26-b00b-b3cf90e1e4cf\"],\"layerId\":\"91e62734-6524-424c-b2b5-3974c835dd6c\",\"layerType\":\"data\",\"position\":\"top\",\"seriesType\":\"line\",\"showGridlines\":false,\"splitAccessor\":\"2251f8b6-6091-4386-890b-4d0d33e79a96\",\"xAccessor\":\"6be62612-437b-448d-9631-c6cc0938225d\"}],\"legend\":{\"isVisible\":true,\"legendSize\":\"auto\",\"position\":\"right\"},\"preferredSeriesType\":\"line\"}},\"title\":\"Subscription Oldest Unacked Message [Metrics GCP]\",\"visualizationType\":\"lnsXY\"},\"enhancements\":{}},\"gridData\":{\"h\":13,\"i\":\"b822a795-7086-4559-b7c0-176dfcc7380e\",\"w\":16,\"x\":0,\"y\":13},\"panelIndex\":\"b822a795-7086-4559-b7c0-176dfcc7380e\",\"title\":\"Subsciption Oldest Unacked Message\",\"type\":\"lens\",\"version\":\"8.6.0\"},{\"embeddableConfig\":{\"attributes\":{\"references\":[{\"id\":\"metrics-*\",\"name\":\"indexpattern-datasource-current-indexpattern\",\"type\":\"index-pattern\"},{\"id\":\"metrics-*\",\"name\":\"indexpattern-datasource-layer-91e62734-6524-424c-b2b5-3974c835dd6c\",\"type\":\"index-pattern\"}],\"state\":{\"datasourceStates\":{\"formBased\":{\"layers\":{\"91e62734-6524-424c-b2b5-3974c835dd6c\":{\"columnOrder\":[\"6be62612-437b-448d-9631-c6cc0938225d\",\"2251f8b6-6091-4386-890b-4d0d33e79a96\",\"5424865c-c988-4e26-b00b-b3cf90e1e4cf\"],\"columns\":{\"2251f8b6-6091-4386-890b-4d0d33e79a96\":{\"dataType\":\"string\",\"isBucketed\":true,\"label\":\"Top values of gcp.labels.resource.subscription_id\",\"operationType\":\"terms\",\"params\":{\"orderBy\":{\"columnId\":\"5424865c-c988-4e26-b00b-b3cf90e1e4cf\",\"type\":\"column\"},\"orderDirection\":\"desc\",\"parentFormat\":{\"id\":\"terms\"},\"size\":3},\"scale\":\"ordinal\",\"sourceField\":\"gcp.labels.resource.subscription_id\"},\"5424865c-c988-4e26-b00b-b3cf90e1e4cf\":{\"customLabel\":true,\"dataType\":\"number\",\"isBucketed\":false,\"label\":\"Subscription Number of Undelivered Messages\",\"operationType\":\"average\",\"params\":{\"format\":{\"id\":\"bytes\",\"params\":{\"decimals\":0}}},\"scale\":\"ratio\",\"sourceField\":\"gcp.pubsub.subscription.num_undelivered_messages.value\"},\"6be62612-437b-448d-9631-c6cc0938225d\":{\"dataType\":\"date\",\"isBucketed\":true,\"label\":\"@timestamp\",\"operationType\":\"date_histogram\",\"params\":{\"includeEmptyRows\":true,\"interval\":\"1m\"},\"scale\":\"interval\",\"sourceField\":\"@timestamp\"}}}}}},\"filters\":[],\"query\":{\"language\":\"kuery\",\"query\":\"\"},\"visualization\":{\"fittingFunction\":\"None\",\"layers\":[{\"accessors\":[\"5424865c-c988-4e26-b00b-b3cf90e1e4cf\"],\"layerId\":\"91e62734-6524-424c-b2b5-3974c835dd6c\",\"layerType\":\"data\",\"position\":\"top\",\"seriesType\":\"line\",\"showGridlines\":false,\"splitAccessor\":\"2251f8b6-6091-4386-890b-4d0d33e79a96\",\"xAccessor\":\"6be62612-437b-448d-9631-c6cc0938225d\"}],\"legend\":{\"isVisible\":true,\"legendSize\":\"auto\",\"position\":\"right\"},\"preferredSeriesType\":\"line\"}},\"title\":\"Subscription Number of Undelivered Messages [Metrics GCP]\",\"visualizationType\":\"lnsXY\"},\"enhancements\":{}},\"gridData\":{\"h\":13,\"i\":\"9c99d7bb-88f0-415c-abc1-c12ec1295236\",\"w\":16,\"x\":16,\"y\":13},\"panelIndex\":\"9c99d7bb-88f0-415c-abc1-c12ec1295236\",\"title\":\"Subscription Number of Undelivered Messages\",\"type\":\"lens\",\"version\":\"8.6.0\"},{\"embeddableConfig\":{\"attributes\":{\"references\":[{\"id\":\"metrics-*\",\"name\":\"indexpattern-datasource-current-indexpattern\",\"type\":\"index-pattern\"},{\"id\":\"metrics-*\",\"name\":\"indexpattern-datasource-layer-91e62734-6524-424c-b2b5-3974c835dd6c\",\"type\":\"index-pattern\"}],\"state\":{\"datasourceStates\":{\"formBased\":{\"layers\":{\"91e62734-6524-424c-b2b5-3974c835dd6c\":{\"columnOrder\":[\"6be62612-437b-448d-9631-c6cc0938225d\",\"2251f8b6-6091-4386-890b-4d0d33e79a96\",\"5424865c-c988-4e26-b00b-b3cf90e1e4cf\"],\"columns\":{\"2251f8b6-6091-4386-890b-4d0d33e79a96\":{\"dataType\":\"string\",\"isBucketed\":true,\"label\":\"Top values of gcp.labels.resource.subscription_id\",\"operationType\":\"terms\",\"params\":{\"orderBy\":{\"columnId\":\"5424865c-c988-4e26-b00b-b3cf90e1e4cf\",\"type\":\"column\"},\"orderDirection\":\"desc\",\"parentFormat\":{\"id\":\"terms\"},\"size\":3},\"scale\":\"ordinal\",\"sourceField\":\"gcp.labels.resource.subscription_id\"},\"5424865c-c988-4e26-b00b-b3cf90e1e4cf\":{\"customLabel\":true,\"dataType\":\"number\",\"isBucketed\":false,\"label\":\"Subscription Backlog Bytes\",\"operationType\":\"average\",\"params\":{\"format\":{\"id\":\"bytes\",\"params\":{\"decimals\":0}}},\"scale\":\"ratio\",\"sourceField\":\"gcp.pubsub.subscription.backlog.bytes\"},\"6be62612-437b-448d-9631-c6cc0938225d\":{\"dataType\":\"date\",\"isBucketed\":true,\"label\":\"@timestamp\",\"operationType\":\"date_histogram\",\"params\":{\"includeEmptyRows\":true,\"interval\":\"1m\"},\"scale\":\"interval\",\"sourceField\":\"@timestamp\"}}}}}},\"filters\":[],\"query\":{\"language\":\"kuery\",\"query\":\"\"},\"visualization\":{\"fittingFunction\":\"None\",\"layers\":[{\"accessors\":[\"5424865c-c988-4e26-b00b-b3cf90e1e4cf\"],\"layerId\":\"91e62734-6524-424c-b2b5-3974c835dd6c\",\"layerType\":\"data\",\"position\":\"top\",\"seriesType\":\"line\",\"showGridlines\":false,\"splitAccessor\":\"2251f8b6-6091-4386-890b-4d0d33e79a96\",\"xAccessor\":\"6be62612-437b-448d-9631-c6cc0938225d\"}],\"legend\":{\"isVisible\":true,\"legendSize\":\"auto\",\"position\":\"right\"},\"preferredSeriesType\":\"line\"}},\"title\":\"Subscription Backlog [Metrics GCP]\",\"visualizationType\":\"lnsXY\"},\"enhancements\":{}},\"gridData\":{\"h\":13,\"i\":\"6079e9ed-da9f-4457-bb3a-7ed20f98605e\",\"w\":16,\"x\":32,\"y\":13},\"panelIndex\":\"6079e9ed-da9f-4457-bb3a-7ed20f98605e\",\"title\":\"Subscription Backlog Bytes\",\"type\":\"lens\",\"version\":\"8.6.0\"},{\"embeddableConfig\":{\"attributes\":{\"references\":[{\"id\":\"metrics-*\",\"name\":\"indexpattern-datasource-current-indexpattern\",\"type\":\"index-pattern\"},{\"id\":\"metrics-*\",\"name\":\"indexpattern-datasource-layer-91e62734-6524-424c-b2b5-3974c835dd6c\",\"type\":\"index-pattern\"}],\"state\":{\"datasourceStates\":{\"formBased\":{\"layers\":{\"91e62734-6524-424c-b2b5-3974c835dd6c\":{\"columnOrder\":[\"6be62612-437b-448d-9631-c6cc0938225d\",\"ef2fc668-040b-4c82-9f65-5d3fb25c9536\",\"5424865c-c988-4e26-b00b-b3cf90e1e4cf\"],\"columns\":{\"5424865c-c988-4e26-b00b-b3cf90e1e4cf\":{\"customLabel\":true,\"dataType\":\"number\",\"isBucketed\":false,\"label\":\"Snapshot Number of Messages\",\"operationType\":\"average\",\"scale\":\"ratio\",\"sourceField\":\"gcp.pubsub.snapshot.num_messages.value\"},\"6be62612-437b-448d-9631-c6cc0938225d\":{\"dataType\":\"date\",\"isBucketed\":true,\"label\":\"@timestamp\",\"operationType\":\"date_histogram\",\"params\":{\"includeEmptyRows\":true,\"interval\":\"auto\"},\"scale\":\"interval\",\"sourceField\":\"@timestamp\"},\"ef2fc668-040b-4c82-9f65-5d3fb25c9536\":{\"dataType\":\"string\",\"isBucketed\":true,\"label\":\"Top values of gcp.labels.resource.snapshot_id\",\"operationType\":\"terms\",\"params\":{\"orderBy\":{\"type\":\"alphabetical\"},\"orderDirection\":\"asc\",\"parentFormat\":{\"id\":\"terms\"},\"size\":3},\"scale\":\"ordinal\",\"sourceField\":\"gcp.labels.resource.snapshot_id\"}}}}}},\"filters\":[],\"query\":{\"language\":\"kuery\",\"query\":\"\"},\"visualization\":{\"fittingFunction\":\"None\",\"layers\":[{\"accessors\":[\"5424865c-c988-4e26-b00b-b3cf90e1e4cf\"],\"layerId\":\"91e62734-6524-424c-b2b5-3974c835dd6c\",\"layerType\":\"data\",\"position\":\"top\",\"seriesType\":\"line\",\"showGridlines\":false,\"splitAccessor\":\"ef2fc668-040b-4c82-9f65-5d3fb25c9536\",\"xAccessor\":\"6be62612-437b-448d-9631-c6cc0938225d\"}],\"legend\":{\"isVisible\":true,\"legendSize\":\"auto\",\"position\":\"right\"},\"preferredSeriesType\":\"line\"}},\"title\":\"Snapshot Number of Messages [Metrics GCP]\",\"visualizationType\":\"lnsXY\"},\"enhancements\":{}},\"gridData\":{\"h\":13,\"i\":\"f9e45ec1-72e5-4f49-82cf-2132162d642c\",\"w\":16,\"x\":0,\"y\":26},\"panelIndex\":\"f9e45ec1-72e5-4f49-82cf-2132162d642c\",\"title\":\"Snapshot Number of Messages\",\"type\":\"lens\",\"version\":\"8.6.0\"},{\"embeddableConfig\":{\"attributes\":{\"references\":[{\"id\":\"metrics-*\",\"name\":\"indexpattern-datasource-current-indexpattern\",\"type\":\"index-pattern\"},{\"id\":\"metrics-*\",\"name\":\"indexpattern-datasource-layer-91e62734-6524-424c-b2b5-3974c835dd6c\",\"type\":\"index-pattern\"}],\"state\":{\"datasourceStates\":{\"formBased\":{\"layers\":{\"91e62734-6524-424c-b2b5-3974c835dd6c\":{\"columnOrder\":[\"6be62612-437b-448d-9631-c6cc0938225d\",\"921ee447-0c37-4e9d-9f42-a491f412baef\",\"5424865c-c988-4e26-b00b-b3cf90e1e4cf\"],\"columns\":{\"5424865c-c988-4e26-b00b-b3cf90e1e4cf\":{\"customLabel\":true,\"dataType\":\"number\",\"isBucketed\":false,\"label\":\"Snapshot Backlog Bytes\",\"operationType\":\"average\",\"params\":{\"format\":{\"id\":\"bytes\",\"params\":{\"decimals\":0}}},\"scale\":\"ratio\",\"sourceField\":\"gcp.pubsub.snapshot.backlog.bytes\"},\"6be62612-437b-448d-9631-c6cc0938225d\":{\"dataType\":\"date\",\"isBucketed\":true,\"label\":\"@timestamp\",\"operationType\":\"date_histogram\",\"params\":{\"includeEmptyRows\":true,\"interval\":\"auto\"},\"scale\":\"interval\",\"sourceField\":\"@timestamp\"},\"921ee447-0c37-4e9d-9f42-a491f412baef\":{\"dataType\":\"string\",\"isBucketed\":true,\"label\":\"Top values of gcp.labels.resource.snapshot_id\",\"operationType\":\"terms\",\"params\":{\"orderBy\":{\"columnId\":\"5424865c-c988-4e26-b00b-b3cf90e1e4cf\",\"type\":\"column\"},\"orderDirection\":\"desc\",\"parentFormat\":{\"id\":\"terms\"},\"size\":3},\"scale\":\"ordinal\",\"sourceField\":\"gcp.labels.resource.snapshot_id\"}}}}}},\"filters\":[],\"query\":{\"language\":\"kuery\",\"query\":\"\"},\"visualization\":{\"fittingFunction\":\"None\",\"layers\":[{\"accessors\":[\"5424865c-c988-4e26-b00b-b3cf90e1e4cf\"],\"layerId\":\"91e62734-6524-424c-b2b5-3974c835dd6c\",\"layerType\":\"data\",\"position\":\"top\",\"seriesType\":\"line\",\"showGridlines\":false,\"splitAccessor\":\"921ee447-0c37-4e9d-9f42-a491f412baef\",\"xAccessor\":\"6be62612-437b-448d-9631-c6cc0938225d\"}],\"legend\":{\"isVisible\":true,\"legendSize\":\"auto\",\"position\":\"right\"},\"preferredSeriesType\":\"line\"}},\"title\":\"Snapshot Backlog Bytes [Metrics GCP]\",\"visualizationType\":\"lnsXY\"},\"enhancements\":{}},\"gridData\":{\"h\":13,\"i\":\"d8876e62-daf0-4654-8618-8746d5da43e0\",\"w\":16,\"x\":16,\"y\":26},\"panelIndex\":\"d8876e62-daf0-4654-8618-8746d5da43e0\",\"title\":\"Snapshot Backlog Bytes\",\"type\":\"lens\",\"version\":\"8.6.0\"},{\"embeddableConfig\":{\"attributes\":{\"references\":[{\"id\":\"metrics-*\",\"name\":\"indexpattern-datasource-current-indexpattern\",\"type\":\"index-pattern\"},{\"id\":\"metrics-*\",\"name\":\"indexpattern-datasource-layer-91e62734-6524-424c-b2b5-3974c835dd6c\",\"type\":\"index-pattern\"}],\"state\":{\"datasourceStates\":{\"formBased\":{\"layers\":{\"91e62734-6524-424c-b2b5-3974c835dd6c\":{\"columnOrder\":[\"6be62612-437b-448d-9631-c6cc0938225d\",\"921ee447-0c37-4e9d-9f42-a491f412baef\",\"5424865c-c988-4e26-b00b-b3cf90e1e4cf\"],\"columns\":{\"5424865c-c988-4e26-b00b-b3cf90e1e4cf\":{\"customLabel\":true,\"dataType\":\"number\",\"isBucketed\":false,\"label\":\"Snapshot Oldest Message\",\"operationType\":\"average\",\"scale\":\"ratio\",\"sourceField\":\"gcp.pubsub.snapshot.oldest_message_age.sec\"},\"6be62612-437b-448d-9631-c6cc0938225d\":{\"dataType\":\"date\",\"isBucketed\":true,\"label\":\"@timestamp\",\"operationType\":\"date_histogram\",\"params\":{\"includeEmptyRows\":true,\"interval\":\"auto\"},\"scale\":\"interval\",\"sourceField\":\"@timestamp\"},\"921ee447-0c37-4e9d-9f42-a491f412baef\":{\"dataType\":\"string\",\"isBucketed\":true,\"label\":\"Top values of gcp.labels.resource.snapshot_id\",\"operationType\":\"terms\",\"params\":{\"orderBy\":{\"columnId\":\"5424865c-c988-4e26-b00b-b3cf90e1e4cf\",\"type\":\"column\"},\"orderDirection\":\"desc\",\"parentFormat\":{\"id\":\"terms\"},\"size\":3},\"scale\":\"ordinal\",\"sourceField\":\"gcp.labels.resource.snapshot_id\"}}}}}},\"filters\":[],\"query\":{\"language\":\"kuery\",\"query\":\"\"},\"visualization\":{\"fittingFunction\":\"None\",\"layers\":[{\"accessors\":[\"5424865c-c988-4e26-b00b-b3cf90e1e4cf\"],\"layerId\":\"91e62734-6524-424c-b2b5-3974c835dd6c\",\"layerType\":\"data\",\"position\":\"top\",\"seriesType\":\"line\",\"showGridlines\":false,\"splitAccessor\":\"921ee447-0c37-4e9d-9f42-a491f412baef\",\"xAccessor\":\"6be62612-437b-448d-9631-c6cc0938225d\"}],\"legend\":{\"isVisible\":true,\"legendSize\":\"auto\",\"position\":\"right\"},\"preferredSeriesType\":\"line\"}},\"title\":\"Snapshot Oldest Message [Metrics GCP]\",\"visualizationType\":\"lnsXY\"},\"enhancements\":{}},\"gridData\":{\"h\":13,\"i\":\"8cc0ccbd-5798-4d68-a519-07ef1d9693fd\",\"w\":16,\"x\":32,\"y\":26},\"panelIndex\":\"8cc0ccbd-5798-4d68-a519-07ef1d9693fd\",\"title\":\"Snapshot Oldest Message\",\"type\":\"lens\",\"version\":\"8.6.0\"}]",
    "timeRestore": false,
    "title": "[Metrics GCP] PubSub Overview",
    "version": 1
  },
  "coreMigrationVersion": "8.6.0",
  "created_at": "2023-01-17T16:42:02.880Z",
  "id": "gcp-2b0fd7b0-feac-11ea-b032-d59f894a5072",
  "migrationVersion": {
    "dashboard": "8.6.0"
  },
  "references": [
    {
      "id": "metrics-*",
      "name": "kibanaSavedObjectMeta.searchSourceJSON.filter[0].meta.index",
      "type": "index-pattern"
    },
    {
      "id": "metrics-*",
      "name": "c1d89f36-43ed-42e6-98a0-8820b28f7953:indexpattern-datasource-current-indexpattern",
      "type": "index-pattern"
    },
    {
      "id": "metrics-*",
      "name": "c1d89f36-43ed-42e6-98a0-8820b28f7953:indexpattern-datasource-layer-91e62734-6524-424c-b2b5-3974c835dd6c",
      "type": "index-pattern"
    },
    {
      "id": "metrics-*",
      "name": "b26a6238-b982-4082-9e4e-3e3d9361a865:indexpattern-datasource-current-indexpattern",
      "type": "index-pattern"
    },
    {
      "id": "metrics-*",
      "name": "b26a6238-b982-4082-9e4e-3e3d9361a865:indexpattern-datasource-layer-91e62734-6524-424c-b2b5-3974c835dd6c",
      "type": "index-pattern"
    },
    {
      "id": "metrics-*",
      "name": "c7bbeabc-b158-4bdd-9ba3-9d45264d250b:indexpattern-datasource-current-indexpattern",
      "type": "index-pattern"
    },
    {
      "id": "metrics-*",
      "name": "c7bbeabc-b158-4bdd-9ba3-9d45264d250b:indexpattern-datasource-layer-91e62734-6524-424c-b2b5-3974c835dd6c",
      "type": "index-pattern"
    },
    {
      "id": "metrics-*",
      "name": "b822a795-7086-4559-b7c0-176dfcc7380e:indexpattern-datasource-current-indexpattern",
      "type": "index-pattern"
    },
    {
      "id": "metrics-*",
      "name": "b822a795-7086-4559-b7c0-176dfcc7380e:indexpattern-datasource-layer-91e62734-6524-424c-b2b5-3974c835dd6c",
      "type": "index-pattern"
    },
    {
      "id": "metrics-*",
      "name": "9c99d7bb-88f0-415c-abc1-c12ec1295236:indexpattern-datasource-current-indexpattern",
      "type": "index-pattern"
    },
    {
      "id": "metrics-*",
      "name": "9c99d7bb-88f0-415c-abc1-c12ec1295236:indexpattern-datasource-layer-91e62734-6524-424c-b2b5-3974c835dd6c",
      "type": "index-pattern"
    },
    {
      "id": "metrics-*",
      "name": "6079e9ed-da9f-4457-bb3a-7ed20f98605e:indexpattern-datasource-current-indexpattern",
      "type": "index-pattern"
    },
    {
      "id": "metrics-*",
      "name": "6079e9ed-da9f-4457-bb3a-7ed20f98605e:indexpattern-datasource-layer-91e62734-6524-424c-b2b5-3974c835dd6c",
      "type": "index-pattern"
    },
    {
      "id": "metrics-*",
      "name": "f9e45ec1-72e5-4f49-82cf-2132162d642c:indexpattern-datasource-current-indexpattern",
      "type": "index-pattern"
    },
    {
      "id": "metrics-*",
      "name": "f9e45ec1-72e5-4f49-82cf-2132162d642c:indexpattern-datasource-layer-91e62734-6524-424c-b2b5-3974c835dd6c",
      "type": "index-pattern"
    },
    {
      "id": "metrics-*",
      "name": "d8876e62-daf0-4654-8618-8746d5da43e0:indexpattern-datasource-current-indexpattern",
      "type": "index-pattern"
    },
    {
      "id": "metrics-*",
      "name": "d8876e62-daf0-4654-8618-8746d5da43e0:indexpattern-datasource-layer-91e62734-6524-424c-b2b5-3974c835dd6c",
      "type": "index-pattern"
    },
    {
      "id": "metrics-*",
      "name": "8cc0ccbd-5798-4d68-a519-07ef1d9693fd:indexpattern-datasource-current-indexpattern",
      "type": "index-pattern"
    },
    {
      "id": "metrics-*",
      "name": "8cc0ccbd-5798-4d68-a519-07ef1d9693fd:indexpattern-datasource-layer-91e62734-6524-424c-b2b5-3974c835dd6c",
      "type": "index-pattern"
    },
    {
      "id": "metrics-*",
      "name": "controlGroup_203a0a02-7c53-4824-8e9e-8e773f001b98:optionsListDataView",
      "type": "index-pattern"
    },
    {
      "id": "metrics-*",
      "name": "controlGroup_dd239a61-41ad-4f53-b984-a98c18892a67:optionsListDataView",
      "type": "index-pattern"
    },
    {
      "id": "metrics-*",
      "name": "controlGroup_94816185-49cf-4545-9e0b-0e8a0a729806:optionsListDataView",
      "type": "index-pattern"
    },
    {
      "id": "metrics-*",
      "name": "controlGroup_a75e0bd8-c032-479d-82a6-dc4521340531:optionsListDataView",
      "type": "index-pattern"
    }
  ],
  "type": "dashboard"
}