{
  "attributes": {
    "controlGroupInput": {
      "chainingSystem": "HIERARCHICAL",
      "controlStyle": "oneLine",
      "ignoreParentSettingsJSON": "{\"ignoreFilters\":false,\"ignoreQuery\":false,\"ignoreTimerange\":false,\"ignoreValidations\":false}",
      "panelsJSON": "{\"c2672750-bad8-40d1-99c1-9a94d3b18409\":{\"type\":\"optionsListControl\",\"order\":0,\"grow\":true,\"width\":\"medium\",\"explicitInput\":{\"id\":\"c2672750-bad8-40d1-99c1-9a94d3b18409\",\"fieldName\":\"gcp.labels.resource.backend_name\",\"title\":\"Backend Name\",\"enhancements\":{}}},\"4e4eafe0-bb23-4c26-bbe6-15046e4ebf8c\":{\"type\":\"optionsListControl\",\"order\":1,\"grow\":true,\"width\":\"medium\",\"explicitInput\":{\"id\":\"4e4eafe0-bb23-4c26-bbe6-15046e4ebf8c\",\"fieldName\":\"gcp.labels.metrics.client_country\",\"title\":\"Client Country\",\"enhancements\":{}}},\"d5d4091d-103a-4d71-9612-a320b229122d\":{\"type\":\"optionsListControl\",\"order\":2,\"grow\":true,\"width\":\"medium\",\"explicitInput\":{\"id\":\"d5d4091d-103a-4d71-9612-a320b229122d\",\"fieldName\":\"gcp.labels.metrics.proxy_continent\",\"title\":\"Proxy Continent\",\"enhancements\":{}}}}"
    },
    "description": "Overview of Google Cloud Load Balancing TCP SSL Proxy Metrics\n\n",
    "kibanaSavedObjectMeta": {
      "searchSourceJSON": "{\"filter\":[{\"$state\":{\"store\":\"appState\"},\"meta\":{\"alias\":null,\"disabled\":false,\"field\":\"data_stream.dataset\",\"indexRefName\":\"kibanaSavedObjectMeta.searchSourceJSON.filter[0].meta.index\",\"key\":\"data_stream.dataset\",\"negate\":false,\"params\":{\"query\":\"gcp.loadbalancing_metrics\"},\"type\":\"phrase\"},\"query\":{\"match_phrase\":{\"data_stream.dataset\":\"gcp.loadbalancing_metrics\"}}}],\"query\":{\"language\":\"kuery\",\"query\":\"\"}}"
    },
    "optionsJSON": "{\"hidePanelTitles\":false,\"syncColors\":false,\"syncCursor\":true,\"syncTooltips\":false,\"useMargins\":true}",
    "panelsJSON": "[{\"embeddableConfig\":{\"attributes\":{\"references\":[],\"state\":{\"adHocDataViews\":{\"tsvb_ad_hoc_metrics-*/@timestamp\":{\"allowNoIndex\":true,\"fieldAttrs\":{},\"fieldFormats\":{},\"id\":\"tsvb_ad_hoc_metrics-*/@timestamp\",\"name\":\"metrics-*\",\"runtimeFieldMap\":{},\"sourceFilters\":[],\"timeFieldName\":\"@timestamp\",\"title\":\"metrics-*\"}},\"datasourceStates\":{\"formBased\":{\"layers\":{\"426eb053-ea79-40d9-9c36-e22761f0dff3\":{\"columnOrder\":[\"2fb1057f-c77f-4ee5-b350-1520108cf671\",\"5078b795-adbb-47b3-9c3e-5fd4cac42c36\"],\"columns\":{\"2fb1057f-c77f-4ee5-b350-1520108cf671\":{\"dataType\":\"string\",\"isBucketed\":true,\"label\":\"Top 10 values of gcp.labels.resource.backend_name\",\"operationType\":\"terms\",\"params\":{\"exclude\":[],\"excludeIsRegex\":false,\"include\":[],\"includeIsRegex\":false,\"missingBucket\":false,\"orderBy\":{\"columnId\":\"5078b795-adbb-47b3-9c3e-5fd4cac42c36\",\"type\":\"column\"},\"orderDirection\":\"desc\",\"otherBucket\":false,\"parentFormat\":{\"id\":\"terms\"},\"secondaryFields\":[],\"size\":10},\"scale\":\"ordinal\",\"sourceField\":\"gcp.labels.resource.backend_name\"},\"5078b795-adbb-47b3-9c3e-5fd4cac42c36\":{\"dataType\":\"number\",\"isBucketed\":false,\"label\":\"Average of gcp.loadbalancing_metrics.tcp_ssl_proxy.open_connections.value last 15m\",\"operationType\":\"average\",\"params\":{\"emptyAsNull\":true},\"reducedTimeRange\":\"15m\",\"scale\":\"ratio\",\"sourceField\":\"gcp.loadbalancing_metrics.tcp_ssl_proxy.open_connections.value\"}},\"incompleteColumns\":{}}}},\"textBased\":{\"layers\":{}}},\"filters\":[],\"internalReferences\":[{\"id\":\"tsvb_ad_hoc_metrics-*/@timestamp\",\"name\":\"indexpattern-datasource-layer-426eb053-ea79-40d9-9c36-e22761f0dff3\",\"type\":\"index-pattern\"}],\"query\":{\"language\":\"kuery\",\"query\":\"\"},\"visualization\":{\"axisTitlesVisibilitySettings\":{\"x\":false,\"yLeft\":false,\"yRight\":true},\"fittingFunction\":\"None\",\"gridlinesVisibilitySettings\":{\"x\":true,\"yLeft\":false,\"yRight\":true},\"labelsOrientation\":{\"x\":0,\"yLeft\":0,\"yRight\":0},\"layers\":[{\"accessors\":[\"5078b795-adbb-47b3-9c3e-5fd4cac42c36\"],\"layerId\":\"426eb053-ea79-40d9-9c36-e22761f0dff3\",\"layerType\":\"data\",\"seriesType\":\"bar_horizontal\",\"xAccessor\":\"2fb1057f-c77f-4ee5-b350-1520108cf671\",\"yConfig\":[{\"color\":\"#54b399\",\"forAccessor\":\"5078b795-adbb-47b3-9c3e-5fd4cac42c36\"}]}],\"legend\":{\"isVisible\":true,\"position\":\"right\",\"showSingleSeries\":false},\"preferredSeriesType\":\"bar_horizontal\",\"tickLabelsVisibilitySettings\":{\"x\":true,\"yLeft\":false,\"yRight\":true},\"valueLabels\":\"show\",\"yLeftExtent\":{\"mode\":\"full\",\"niceValues\":true}}},\"title\":\"\",\"type\":\"lens\",\"visualizationType\":\"lnsXY\"},\"enhancements\":{},\"hidePanelTitles\":false,\"type\":\"lens\"},\"gridData\":{\"h\":16,\"i\":\"da16e443-8524-47ea-83e1-6a16250ed61c\",\"w\":16,\"x\":0,\"y\":0},\"panelIndex\":\"da16e443-8524-47ea-83e1-6a16250ed61c\",\"title\":\"Open Connections\",\"type\":\"lens\",\"version\":\"8.9.0\"},{\"embeddableConfig\":{\"attributes\":{\"references\":[],\"state\":{\"adHocDataViews\":{\"tsvb_ad_hoc_metrics-*/@timestamp\":{\"allowNoIndex\":true,\"fieldAttrs\":{},\"fieldFormats\":{},\"id\":\"tsvb_ad_hoc_metrics-*/@timestamp\",\"name\":\"metrics-*\",\"runtimeFieldMap\":{},\"sourceFilters\":[],\"timeFieldName\":\"@timestamp\",\"title\":\"metrics-*\"}},\"datasourceStates\":{\"formBased\":{\"layers\":{\"ef39ec58-cae6-480d-990e-afa8a3fef28d\":{\"columnOrder\":[\"d1a30f0c-c6d5-4408-b4bf-9efab025d85b\",\"74ff94a1-2d47-48bd-8519-56975519fe74\"],\"columns\":{\"74ff94a1-2d47-48bd-8519-56975519fe74\":{\"dataType\":\"number\",\"isBucketed\":false,\"label\":\"Average of gcp.loadbalancing_metrics.tcp_ssl_proxy.new_connections.value last \\u003e=15m\",\"operationType\":\"average\",\"params\":{\"emptyAsNull\":true},\"reducedTimeRange\":\"15m\",\"scale\":\"ratio\",\"sourceField\":\"gcp.loadbalancing_metrics.tcp_ssl_proxy.new_connections.value\"},\"d1a30f0c-c6d5-4408-b4bf-9efab025d85b\":{\"dataType\":\"string\",\"isBucketed\":true,\"label\":\"Top 10 values of gcp.labels.resource.backend_name\",\"operationType\":\"terms\",\"params\":{\"exclude\":[],\"excludeIsRegex\":false,\"include\":[],\"includeIsRegex\":false,\"missingBucket\":false,\"orderBy\":{\"columnId\":\"74ff94a1-2d47-48bd-8519-56975519fe74\",\"type\":\"column\"},\"orderDirection\":\"desc\",\"otherBucket\":false,\"parentFormat\":{\"id\":\"terms\"},\"secondaryFields\":[],\"size\":10},\"scale\":\"ordinal\",\"sourceField\":\"gcp.labels.resource.backend_name\"}},\"incompleteColumns\":{}}}},\"textBased\":{\"layers\":{}}},\"filters\":[],\"internalReferences\":[{\"id\":\"tsvb_ad_hoc_metrics-*/@timestamp\",\"name\":\"indexpattern-datasource-layer-ef39ec58-cae6-480d-990e-afa8a3fef28d\",\"type\":\"index-pattern\"}],\"query\":{\"language\":\"kuery\",\"query\":\"\"},\"visualization\":{\"axisTitlesVisibilitySettings\":{\"x\":false,\"yLeft\":false,\"yRight\":false},\"fillOpacity\":0,\"fittingFunction\":\"None\",\"gridlinesVisibilitySettings\":{\"x\":false,\"yLeft\":false,\"yRight\":false},\"labelsOrientation\":{\"x\":0,\"yLeft\":0,\"yRight\":0},\"layers\":[{\"accessors\":[\"74ff94a1-2d47-48bd-8519-56975519fe74\"],\"layerId\":\"ef39ec58-cae6-480d-990e-afa8a3fef28d\",\"layerType\":\"data\",\"palette\":{\"name\":\"default\",\"type\":\"palette\"},\"seriesType\":\"bar_horizontal\",\"xAccessor\":\"d1a30f0c-c6d5-4408-b4bf-9efab025d85b\",\"yConfig\":[{\"axisMode\":\"left\",\"color\":\"#54b399\",\"forAccessor\":\"74ff94a1-2d47-48bd-8519-56975519fe74\"}]}],\"legend\":{\"isVisible\":true,\"maxLines\":1,\"position\":\"right\",\"shouldTruncate\":true,\"showSingleSeries\":false},\"preferredSeriesType\":\"bar_stacked\",\"tickLabelsVisibilitySettings\":{\"x\":true,\"yLeft\":false,\"yRight\":false},\"valueLabels\":\"show\"}},\"title\":\"\",\"type\":\"lens\",\"visualizationType\":\"lnsXY\"},\"enhancements\":{},\"hidePanelTitles\":false,\"type\":\"lens\"},\"gridData\":{\"h\":16,\"i\":\"e4fe30c7-906a-4878-bec7-7a78a06d98d0\",\"w\":16,\"x\":32,\"y\":0},\"panelIndex\":\"e4fe30c7-906a-4878-bec7-7a78a06d98d0\",\"title\":\"New Connections\",\"type\":\"lens\",\"version\":\"8.9.0\"},{\"embeddableConfig\":{\"attributes\":{\"references\":[],\"state\":{\"adHocDataViews\":{\"tsvb_ad_hoc_metrics-*/@timestamp\":{\"allowNoIndex\":false,\"fieldAttrs\":{},\"fieldFormats\":{},\"id\":\"tsvb_ad_hoc_metrics-*/@timestamp\",\"name\":\"metrics-*\",\"runtimeFieldMap\":{},\"sourceFilters\":[],\"timeFieldName\":\"@timestamp\",\"title\":\"metrics-*\"}},\"datasourceStates\":{\"formBased\":{\"layers\":{\"674e8369-b87d-477f-aace-9e0049a64f8a\":{\"columnOrder\":[\"2ffd1822-6936-4a39-86b9-865686179210\",\"ef945037-09a9-48d3-9dea-5da527d7faf0\"],\"columns\":{\"2ffd1822-6936-4a39-86b9-865686179210\":{\"dataType\":\"string\",\"isBucketed\":true,\"label\":\"Top 10 values of gcp.labels.resource.backend_name\",\"operationType\":\"terms\",\"params\":{\"exclude\":[],\"excludeIsRegex\":false,\"include\":[],\"includeIsRegex\":false,\"missingBucket\":false,\"orderBy\":{\"columnId\":\"ef945037-09a9-48d3-9dea-5da527d7faf0\",\"type\":\"column\"},\"orderDirection\":\"desc\",\"otherBucket\":false,\"parentFormat\":{\"id\":\"terms\"},\"secondaryFields\":[],\"size\":10},\"scale\":\"ordinal\",\"sourceField\":\"gcp.labels.resource.backend_name\"},\"ef945037-09a9-48d3-9dea-5da527d7faf0\":{\"dataType\":\"number\",\"isBucketed\":false,\"label\":\"Average of gcp.loadbalancing_metrics.tcp_ssl_proxy.closed_connections.value last 1s\",\"operationType\":\"average\",\"params\":{\"emptyAsNull\":true,\"format\":{\"id\":\"number\"}},\"reducedTimeRange\":\"1s\",\"scale\":\"ratio\",\"sourceField\":\"gcp.loadbalancing_metrics.tcp_ssl_proxy.closed_connections.value\"}},\"incompleteColumns\":{}}}},\"textBased\":{\"layers\":{}}},\"filters\":[],\"internalReferences\":[{\"id\":\"tsvb_ad_hoc_metrics-*/@timestamp\",\"name\":\"indexpattern-datasource-layer-674e8369-b87d-477f-aace-9e0049a64f8a\",\"type\":\"index-pattern\"}],\"query\":{\"language\":\"kuery\",\"query\":\"\"},\"visualization\":{\"axisTitlesVisibilitySettings\":{\"x\":false,\"yLeft\":false,\"yRight\":false},\"fillOpacity\":0.5,\"fittingFunction\":\"None\",\"gridlinesVisibilitySettings\":{\"x\":false,\"yLeft\":false,\"yRight\":false},\"labelsOrientation\":{\"x\":0,\"yLeft\":0,\"yRight\":0},\"layers\":[{\"accessors\":[\"ef945037-09a9-48d3-9dea-5da527d7faf0\"],\"layerId\":\"674e8369-b87d-477f-aace-9e0049a64f8a\",\"layerType\":\"data\",\"palette\":{\"name\":\"default\",\"type\":\"palette\"},\"seriesType\":\"bar_horizontal\",\"xAccessor\":\"2ffd1822-6936-4a39-86b9-865686179210\",\"yConfig\":[{\"axisMode\":\"left\",\"color\":\"#68BC00\",\"forAccessor\":\"ef945037-09a9-48d3-9dea-5da527d7faf0\"}]}],\"legend\":{\"isVisible\":true,\"maxLines\":1,\"position\":\"right\",\"shouldTruncate\":true,\"showSingleSeries\":false},\"preferredSeriesType\":\"bar_stacked\",\"tickLabelsVisibilitySettings\":{\"x\":true,\"yLeft\":false,\"yRight\":false},\"valueLabels\":\"show\"}},\"title\":\"\",\"type\":\"lens\",\"visualizationType\":\"lnsXY\"},\"enhancements\":{},\"hidePanelTitles\":false,\"type\":\"lens\"},\"gridData\":{\"h\":16,\"i\":\"305f8fc3-e763-4b2c-8998-9e0e057ce713\",\"w\":16,\"x\":16,\"y\":0},\"panelIndex\":\"305f8fc3-e763-4b2c-8998-9e0e057ce713\",\"title\":\"Closed Connections\",\"type\":\"lens\",\"version\":\"8.9.0\"},{\"embeddableConfig\":{\"attributes\":{\"references\":[],\"state\":{\"adHocDataViews\":{\"tsvb_ad_hoc_metrics-*/@timestamp\":{\"allowNoIndex\":true,\"fieldAttrs\":{},\"fieldFormats\":{},\"id\":\"tsvb_ad_hoc_metrics-*/@timestamp\",\"name\":\"metrics-*\",\"runtimeFieldMap\":{},\"sourceFilters\":[],\"timeFieldName\":\"@timestamp\",\"title\":\"metrics-*\"}},\"datasourceStates\":{\"formBased\":{\"layers\":{\"4f4aefcd-7553-4018-b5ad-0ab1c3e67d4c\":{\"columnOrder\":[\"e43aa8fa-cc08-4030-8a24-320bd53324d6\",\"8359cbc4-a600-4887-b3e6-6ef971c9d43d\",\"c3de8c89-ee51-4c88-a595-e759ee848123\"],\"columns\":{\"8359cbc4-a600-4887-b3e6-6ef971c9d43d\":{\"dataType\":\"date\",\"isBucketed\":true,\"label\":\"@timestamp\",\"operationType\":\"date_histogram\",\"params\":{\"dropPartials\":true,\"includeEmptyRows\":true,\"interval\":\"1m\"},\"scale\":\"interval\",\"sourceField\":\"@timestamp\"},\"c3de8c89-ee51-4c88-a595-e759ee848123\":{\"dataType\":\"number\",\"isBucketed\":false,\"label\":\"Average of gcp.loadbalancing_metrics.tcp_ssl_proxy.egress.bytes\",\"operationType\":\"average\",\"params\":{\"emptyAsNull\":true,\"format\":{\"id\":\"bytes\",\"params\":{\"decimals\":1}}},\"scale\":\"ratio\",\"sourceField\":\"gcp.loadbalancing_metrics.tcp_ssl_proxy.egress.bytes\"},\"e43aa8fa-cc08-4030-8a24-320bd53324d6\":{\"dataType\":\"string\",\"isBucketed\":true,\"label\":\"Top 10 values of gcp.labels.resource.backend_name\",\"operationType\":\"terms\",\"params\":{\"exclude\":[],\"excludeIsRegex\":false,\"include\":[],\"includeIsRegex\":false,\"missingBucket\":false,\"orderBy\":{\"columnId\":\"c3de8c89-ee51-4c88-a595-e759ee848123\",\"type\":\"column\"},\"orderDirection\":\"desc\",\"otherBucket\":false,\"parentFormat\":{\"id\":\"terms\"},\"secondaryFields\":[],\"size\":10},\"scale\":\"ordinal\",\"sourceField\":\"gcp.labels.resource.backend_name\"}},\"incompleteColumns\":{}}}},\"textBased\":{\"layers\":{}}},\"filters\":[],\"internalReferences\":[{\"id\":\"tsvb_ad_hoc_metrics-*/@timestamp\",\"name\":\"indexpattern-datasource-layer-4f4aefcd-7553-4018-b5ad-0ab1c3e67d4c\",\"type\":\"index-pattern\"}],\"query\":{\"language\":\"kuery\",\"query\":\"\"},\"visualization\":{\"axisTitlesVisibilitySettings\":{\"x\":true,\"yLeft\":false,\"yRight\":true},\"fillOpacity\":0,\"fittingFunction\":\"None\",\"gridlinesVisibilitySettings\":{\"x\":true,\"yLeft\":true,\"yRight\":true},\"labelsOrientation\":{\"x\":0,\"yLeft\":0,\"yRight\":0},\"layers\":[{\"accessors\":[\"c3de8c89-ee51-4c88-a595-e759ee848123\"],\"layerId\":\"4f4aefcd-7553-4018-b5ad-0ab1c3e67d4c\",\"layerType\":\"data\",\"palette\":{\"name\":\"default\",\"type\":\"palette\"},\"seriesType\":\"line\",\"splitAccessor\":\"e43aa8fa-cc08-4030-8a24-320bd53324d6\",\"xAccessor\":\"8359cbc4-a600-4887-b3e6-6ef971c9d43d\",\"yConfig\":[{\"axisMode\":\"left\",\"color\":\"#68BC00\",\"forAccessor\":\"c3de8c89-ee51-4c88-a595-e759ee848123\"}]}],\"legend\":{\"isVisible\":true,\"maxLines\":1,\"position\":\"right\",\"shouldTruncate\":true,\"showSingleSeries\":true},\"preferredSeriesType\":\"line\",\"tickLabelsVisibilitySettings\":{\"x\":true,\"yLeft\":true,\"yRight\":true},\"valueLabels\":\"hide\",\"valuesInLegend\":true,\"yLeftExtent\":{\"mode\":\"full\"},\"yLeftScale\":\"linear\",\"yRightExtent\":{\"mode\":\"full\"},\"yRightScale\":\"linear\"}},\"title\":\"\",\"type\":\"lens\",\"visualizationType\":\"lnsXY\"},\"enhancements\":{},\"hidePanelTitles\":false,\"type\":\"lens\"},\"gridData\":{\"h\":16,\"i\":\"c2bec6ee-96e8-440c-bfa4-6e0def7b0095\",\"w\":23,\"x\":0,\"y\":16},\"panelIndex\":\"c2bec6ee-96e8-440c-bfa4-6e0def7b0095\",\"title\":\"Egress Bytes\",\"type\":\"lens\",\"version\":\"8.9.0\"},{\"embeddableConfig\":{\"attributes\":{\"references\":[],\"state\":{\"adHocDataViews\":{\"tsvb_ad_hoc_metrics-*/@timestamp\":{\"allowNoIndex\":true,\"fieldAttrs\":{},\"fieldFormats\":{},\"id\":\"tsvb_ad_hoc_metrics-*/@timestamp\",\"name\":\"metrics-*\",\"runtimeFieldMap\":{},\"sourceFilters\":[],\"timeFieldName\":\"@timestamp\",\"title\":\"metrics-*\"}},\"datasourceStates\":{\"formBased\":{\"layers\":{\"c5f1c643-0d2a-46a0-95b3-30dc65024cae\":{\"columnOrder\":[\"0db3051b-e0de-4cea-b8de-44dce341dba3\",\"8c91d4b3-0612-4fc3-861e-4f3aae9a1bfd\",\"e8f4dc6f-52af-442f-ad90-aac919639671\"],\"columns\":{\"0db3051b-e0de-4cea-b8de-44dce341dba3\":{\"dataType\":\"string\",\"isBucketed\":true,\"label\":\"Top 10 values of gcp.labels.resource.backend_name\",\"operationType\":\"terms\",\"params\":{\"exclude\":[],\"excludeIsRegex\":false,\"include\":[],\"includeIsRegex\":false,\"missingBucket\":false,\"orderBy\":{\"columnId\":\"e8f4dc6f-52af-442f-ad90-aac919639671\",\"type\":\"column\"},\"orderDirection\":\"desc\",\"otherBucket\":false,\"parentFormat\":{\"id\":\"terms\"},\"secondaryFields\":[],\"size\":10},\"scale\":\"ordinal\",\"sourceField\":\"gcp.labels.resource.backend_name\"},\"8c91d4b3-0612-4fc3-861e-4f3aae9a1bfd\":{\"dataType\":\"date\",\"isBucketed\":true,\"label\":\"@timestamp\",\"operationType\":\"date_histogram\",\"params\":{\"dropPartials\":true,\"includeEmptyRows\":true,\"interval\":\"1m\"},\"scale\":\"interval\",\"sourceField\":\"@timestamp\"},\"e8f4dc6f-52af-442f-ad90-aac919639671\":{\"dataType\":\"number\",\"isBucketed\":false,\"label\":\"Average of gcp.loadbalancing_metrics.tcp_ssl_proxy.ingress.bytes\",\"operationType\":\"average\",\"params\":{\"emptyAsNull\":true,\"format\":{\"id\":\"bytes\",\"params\":{\"decimals\":1}}},\"scale\":\"ratio\",\"sourceField\":\"gcp.loadbalancing_metrics.tcp_ssl_proxy.ingress.bytes\"}},\"incompleteColumns\":{}}}},\"textBased\":{\"layers\":{}}},\"filters\":[],\"internalReferences\":[{\"id\":\"tsvb_ad_hoc_metrics-*/@timestamp\",\"name\":\"indexpattern-datasource-layer-c5f1c643-0d2a-46a0-95b3-30dc65024cae\",\"type\":\"index-pattern\"}],\"query\":{\"language\":\"kuery\",\"query\":\"\"},\"visualization\":{\"axisTitlesVisibilitySettings\":{\"x\":true,\"yLeft\":false,\"yRight\":true},\"fillOpacity\":0,\"fittingFunction\":\"None\",\"gridlinesVisibilitySettings\":{\"x\":true,\"yLeft\":true,\"yRight\":true},\"labelsOrientation\":{\"x\":0,\"yLeft\":0,\"yRight\":0},\"layers\":[{\"accessors\":[\"e8f4dc6f-52af-442f-ad90-aac919639671\"],\"layerId\":\"c5f1c643-0d2a-46a0-95b3-30dc65024cae\",\"layerType\":\"data\",\"palette\":{\"name\":\"default\",\"type\":\"palette\"},\"seriesType\":\"line\",\"splitAccessor\":\"0db3051b-e0de-4cea-b8de-44dce341dba3\",\"xAccessor\":\"8c91d4b3-0612-4fc3-861e-4f3aae9a1bfd\",\"yConfig\":[{\"axisMode\":\"left\",\"color\":\"#68BC00\",\"forAccessor\":\"e8f4dc6f-52af-442f-ad90-aac919639671\"}]}],\"legend\":{\"isVisible\":true,\"maxLines\":1,\"position\":\"right\",\"shouldTruncate\":true,\"showSingleSeries\":true},\"preferredSeriesType\":\"line\",\"tickLabelsVisibilitySettings\":{\"x\":true,\"yLeft\":true,\"yRight\":true},\"valueLabels\":\"hide\",\"valuesInLegend\":true,\"yLeftExtent\":{\"mode\":\"full\"},\"yLeftScale\":\"linear\",\"yRightExtent\":{\"mode\":\"full\"},\"yRightScale\":\"linear\"}},\"title\":\"\",\"type\":\"lens\",\"visualizationType\":\"lnsXY\"},\"enhancements\":{},\"hidePanelTitles\":false,\"type\":\"lens\"},\"gridData\":{\"h\":16,\"i\":\"fbaeaa8f-262d-41b1-a621-d6dbff52ff59\",\"w\":25,\"x\":23,\"y\":16},\"panelIndex\":\"fbaeaa8f-262d-41b1-a621-d6dbff52ff59\",\"title\":\"Ingress Bytes\",\"type\":\"lens\",\"version\":\"8.9.0\"}]",
    "timeRestore": false,
    "title": "[Metrics GCP] Load Balancing TCP SSL Proxy Overview",
    "version": 1
  },
  "coreMigrationVersion": "8.8.0",
  "created_at": "2024-04-22T11:50:09.037Z",
  "id": "gcp-6041d970-a6ae-11ea-950e-d57608e3aa51",
  "managed": false,
  "references": [
    {
      "id": "metrics-*",
      "name": "kibanaSavedObjectMeta.searchSourceJSON.filter[0].meta.index",
      "type": "index-pattern"
    },
    {
      "id": "metrics-*",
      "name": "controlGroup_c2672750-bad8-40d1-99c1-9a94d3b18409:optionsListDataView",
      "type": "index-pattern"
    },
    {
      "id": "metrics-*",
      "name": "controlGroup_4e4eafe0-bb23-4c26-bbe6-15046e4ebf8c:optionsListDataView",
      "type": "index-pattern"
    },
    {
      "id": "metrics-*",
      "name": "controlGroup_d5d4091d-103a-4d71-9612-a320b229122d:optionsListDataView",
      "type": "index-pattern"
    }
  ],
  "type": "dashboard",
  "typeMigrationVersion": "8.9.0"
}