{
    "@timestamp": "2019-12-19T00:44:25.051Z",
    "actor": {
        "entity": {
            "id": [
                "xxx@xxx.xxx"
            ]
        }
    },
    "agent": {
        "ephemeral_id": "da325f64-9209-4ce8-b7b9-1a98fbcf04a5",
        "id": "3ee263c0-32c5-4060-8539-ecdf1abde99a",
        "name": "elastic-agent-67309",
        "type": "filebeat",
        "version": "8.13.0"
    },
    "client": {
        "user": {
            "email": "xxx@xxx.xxx"
        }
    },
    "cloud": {
        "project": {
            "id": "elastic-beats"
        },
        "provider": "gcp"
    },
    "data_stream": {
        "dataset": "gcp.audit",
        "namespace": "96942",
        "type": "logs"
    },
    "ecs": {
        "version": "8.11.0"
    },
    "elastic_agent": {
        "id": "3ee263c0-32c5-4060-8539-ecdf1abde99a",
        "snapshot": false,
        "version": "8.13.0"
    },
    "event": {
        "action": "beta.compute.instances.aggregatedList",
        "agent_id_status": "verified",
        "category": [
            "network",
            "configuration"
        ],
        "created": "2025-04-22T05:28:14.956Z",
        "dataset": "gcp.audit",
        "id": "yonau2dg2zi",
        "ingested": "2025-04-22T05:28:17Z",
        "kind": "event",
        "outcome": "success",
        "provider": "data_access",
        "type": [
            "access",
            "allowed"
        ]
    },
    "gcp": {
        "audit": {
            "authorization_info": [
                {
                    "granted": true,
                    "permission": "compute.instances.list",
                    "resource_attributes": {
                        "name": "projects/elastic-beats",
                        "service": "resourcemanager",
                        "type": "resourcemanager.projects"
                    }
                }
            ],
            "num_response_items": 61,
            "request": {
                "@type": "type.googleapis.com/compute.instances.aggregatedList"
            },
            "resource_location": {
                "current_locations": [
                    "global"
                ]
            },
            "resource_name": "projects/elastic-beats/global/instances",
            "response": {
                "@type": "core.k8s.io/v1.Status",
                "apiVersion": "v1",
                "details": {
                    "group": "batch",
                    "kind": "jobs",
                    "name": "gsuite-exporter-1589294700",
                    "uid": "2beff34a-945f-11ea-bacf-42010a80007f"
                },
                "kind": "Status",
                "status_value": "Success"
            },
            "type": "type.googleapis.com/google.cloud.audit.AuditLog"
        }
    },
    "input": {
        "type": "gcp-pubsub"
    },
    "log": {
        "level": "INFO",
        "logger": "projects/elastic-beats/logs/cloudaudit.googleapis.com%2Fdata_access"
    },
    "related": {
        "entity": [
            "projects/elastic-beats/global/instances",
            "xxx@xxx.xxx"
        ],
        "ip": [
            "192.168.1.1"
        ],
        "user": [
            "xxx@xxx.xxx"
        ]
    },
    "service": {
        "name": "compute.googleapis.com"
    },
    "source": {
        "ip": "192.168.1.1"
    },
    "tags": [
        "forwarded",
        "gcp-audit"
    ],
    "target": {
        "entity": {
            "id": [
                "projects/elastic-beats/global/instances"
            ]
        }
    },
    "user_agent": {
        "device": {
            "name": "Mac"
        },
        "name": "Firefox",
        "original": "Mozilla/5.0 (Macintosh; Intel Mac OS X 10.15; rv:71.0) Gecko/20100101 Firefox/71.0,gzip(gfe),gzip(gfe)",
        "os": {
            "full": "Mac OS X 10.15",
            "name": "Mac OS X",
            "version": "10.15"
        },
        "version": "71.0."
    }
}
