{
  "attributes": {
    "columns": [
      "event.action",
      "client.user.email",
      "service.name",
      "gcp.audit.type",
      "event.outcome",
      "source.ip",
      "source.geo.region_name"
    ],
    "description": "",
    "grid": {},
    "hideChart": true,
    "hits": 0,
    "isTextBasedQuery": false,
    "kibanaSavedObjectMeta": {
      "searchSourceJSON": "{\"filter\":[{\"$state\":{\"store\":\"appState\"},\"meta\":{\"alias\":null,\"disabled\":false,\"indexRefName\":\"kibanaSavedObjectMeta.searchSourceJSON.filter[0].meta.index\",\"key\":\"data_stream.dataset\",\"negate\":false,\"params\":{\"query\":\"gcp.audit\"},\"type\":\"phrase\"},\"query\":{\"match_phrase\":{\"data_stream.dataset\":\"gcp.audit\"}}}],\"highlightAll\":true,\"indexRefName\":\"kibanaSavedObjectMeta.searchSourceJSON.index\",\"query\":{\"language\":\"kuery\",\"query\":\"\"},\"version\":true}"
    },
    "sort": [
      [
        "@timestamp",
        "desc"
      ]
    ],
    "timeRestore": false,
    "title": "Audit [Logs GCP]",
    "usesAdHocDataView": false,
    "version": 1
  },
  "coreMigrationVersion": "8.7.1",
  "created_at": "2023-07-19T14:20:13.203Z",
  "id": "gcp-d88364c0-73a1-11ea-a345-f985c61fe654",
  "migrationVersion": {
    "search": "8.0.0"
  },
  "references": [
    {
      "id": "logs-*",
      "name": "kibanaSavedObjectMeta.searchSourceJSON.index",
      "type": "index-pattern"
    },
    {
      "id": "logs-*",
      "name": "kibanaSavedObjectMeta.searchSourceJSON.filter[0].meta.index",
      "type": "index-pattern"
    }
  ],
  "type": "search"
}