{
  "attributes": {
    "controlGroupInput": {
      "chainingSystem": "HIERARCHICAL",
      "controlStyle": "oneLine",
      "ignoreParentSettingsJSON": "{\"ignoreFilters\":false,\"ignoreQuery\":false,\"ignoreTimerange\":false,\"ignoreValidations\":false}",
      "panelsJSON": "{\"5b9e3441-412e-4b93-b1b6-eaf346d114dc\":{\"explicitInput\":{\"dataViewId\":\"logs-*\",\"fieldName\":\"resource.attributes.host.name\",\"id\":\"5b9e3441-412e-4b93-b1b6-eaf346d114dc\",\"searchTechnique\":\"prefix\",\"selectedOptions\":[],\"singleSelect\":true,\"sort\":{\"by\":\"_count\",\"direction\":\"desc\"},\"title\":\"Hostname\"},\"grow\":false,\"order\":0,\"type\":\"optionsListControl\",\"width\":\"medium\"}}",
      "showApplySelections": false
    },
    "description": "Overview dashboard for Nginx Ingress Controller logs gathered using the OpenTelemetry Collector",
    "kibanaSavedObjectMeta": {
      "searchSourceJSON": "{\"filter\":[{\"$state\":{\"store\":\"appState\"},\"meta\":{\"alias\":null,\"disabled\":false,\"field\":\"data_stream.dataset\",\"indexRefName\":\"kibanaSavedObjectMeta.searchSourceJSON.filter[0].meta.index\",\"key\":\"data_stream.dataset\",\"negate\":false,\"params\":{\"query\":\"nginx_ingress_controller.access.otel\"},\"type\":\"phrase\"},\"query\":{\"match_phrase\":{\"data_stream.dataset\":\"nginx_ingress_controller.access.otel\"}}}],\"query\":{\"language\":\"kuery\",\"query\":\"\"}}"
    },
    "optionsJSON": "{\"hidePanelTitles\":false,\"syncColors\":false,\"syncCursor\":true,\"syncTooltips\":false,\"useMargins\":true}",
    "panelsJSON": "[{\"embeddableConfig\":{\"attributes\":{\"description\":\"\",\"layerListJSON\":\"[{\\\"alpha\\\":1,\\\"id\\\":\\\"ff35b886-7d94-4ecd-af17-29fc03af6fb5\\\",\\\"includeInFitToBounds\\\":true,\\\"label\\\":null,\\\"maxZoom\\\":24,\\\"minZoom\\\":0,\\\"sourceDescriptor\\\":{\\\"isAutoSelect\\\":true,\\\"lightModeDefault\\\":\\\"road_map_desaturated\\\",\\\"type\\\":\\\"EMS_TMS\\\"},\\\"style\\\":{\\\"type\\\":\\\"TILE\\\"},\\\"type\\\":\\\"EMS_VECTOR_TILE\\\",\\\"visible\\\":true},{\\\"alpha\\\":0.75,\\\"disableTooltips\\\":false,\\\"id\\\":\\\"e19cf2c8-07fa-4166-96a1-5b88fd70c99c\\\",\\\"includeInFitToBounds\\\":true,\\\"joins\\\":[],\\\"label\\\":null,\\\"maxZoom\\\":24,\\\"minZoom\\\":0,\\\"sourceDescriptor\\\":{\\\"applyForceRefresh\\\":false,\\\"applyGlobalQuery\\\":true,\\\"applyGlobalTime\\\":false,\\\"geoField\\\":\\\"attributes.geo.location\\\",\\\"id\\\":\\\"34780073-fc7c-49e6-9578-35faf688247d\\\",\\\"indexPatternRefName\\\":\\\"layer_1_source_index_pattern\\\",\\\"metrics\\\":[{\\\"type\\\":\\\"count\\\"}],\\\"requestType\\\":\\\"point\\\",\\\"resolution\\\":\\\"FINE\\\",\\\"type\\\":\\\"ES_GEO_GRID\\\"},\\\"style\\\":{\\\"isTimeAware\\\":true,\\\"properties\\\":{\\\"fillColor\\\":{\\\"options\\\":{\\\"color\\\":\\\"Blues\\\",\\\"colorCategory\\\":\\\"palette_0\\\",\\\"field\\\":{\\\"name\\\":\\\"doc_count\\\",\\\"origin\\\":\\\"source\\\"},\\\"fieldMetaOptions\\\":{\\\"isEnabled\\\":true,\\\"sigma\\\":3},\\\"type\\\":\\\"ORDINAL\\\"},\\\"type\\\":\\\"DYNAMIC\\\"},\\\"icon\\\":{\\\"options\\\":{\\\"value\\\":\\\"marker\\\"},\\\"type\\\":\\\"STATIC\\\"},\\\"iconOrientation\\\":{\\\"options\\\":{\\\"orientation\\\":0},\\\"type\\\":\\\"STATIC\\\"},\\\"iconSize\\\":{\\\"options\\\":{\\\"field\\\":{\\\"name\\\":\\\"doc_count\\\",\\\"origin\\\":\\\"source\\\"},\\\"fieldMetaOptions\\\":{\\\"isEnabled\\\":true,\\\"sigma\\\":3},\\\"maxSize\\\":24,\\\"minSize\\\":8},\\\"type\\\":\\\"DYNAMIC\\\"},\\\"labelBorderColor\\\":{\\\"options\\\":{\\\"color\\\":\\\"#FFFFFF\\\"},\\\"type\\\":\\\"STATIC\\\"},\\\"labelBorderSize\\\":{\\\"options\\\":{\\\"size\\\":\\\"SMALL\\\"}},\\\"labelColor\\\":{\\\"options\\\":{\\\"color\\\":\\\"#000000\\\"},\\\"type\\\":\\\"STATIC\\\"},\\\"labelPosition\\\":{\\\"options\\\":{\\\"position\\\":\\\"CENTER\\\"}},\\\"labelSize\\\":{\\\"options\\\":{\\\"size\\\":14},\\\"type\\\":\\\"STATIC\\\"},\\\"labelText\\\":{\\\"options\\\":{\\\"field\\\":{\\\"name\\\":\\\"doc_count\\\",\\\"origin\\\":\\\"source\\\"}},\\\"type\\\":\\\"DYNAMIC\\\"},\\\"labelZoomRange\\\":{\\\"options\\\":{\\\"maxZoom\\\":24,\\\"minZoom\\\":0,\\\"useLayerZoomRange\\\":true}},\\\"lineColor\\\":{\\\"options\\\":{\\\"color\\\":\\\"#FFF\\\"},\\\"type\\\":\\\"STATIC\\\"},\\\"lineWidth\\\":{\\\"options\\\":{\\\"size\\\":0},\\\"type\\\":\\\"STATIC\\\"},\\\"symbolizeAs\\\":{\\\"options\\\":{\\\"value\\\":\\\"circle\\\"}}},\\\"type\\\":\\\"VECTOR\\\"},\\\"type\\\":\\\"GEOJSON_VECTOR\\\",\\\"visible\\\":true}]\",\"mapStateJSON\":\"{\\\"adHocDataViews\\\":[],\\\"center\\\":{\\\"lat\\\":45.34771,\\\"lon\\\":-6.76272},\\\"filters\\\":[],\\\"query\\\":{\\\"language\\\":\\\"kuery\\\",\\\"query\\\":\\\"\\\"},\\\"refreshConfig\\\":{\\\"interval\\\":0,\\\"isPaused\\\":true},\\\"settings\\\":{\\\"autoFitToDataBounds\\\":false,\\\"backgroundColor\\\":\\\"#ffffff\\\",\\\"browserLocation\\\":{\\\"zoom\\\":2},\\\"customIcons\\\":[],\\\"disableInteractive\\\":false,\\\"disableTooltipControl\\\":false,\\\"fixedLocation\\\":{\\\"lat\\\":0,\\\"lon\\\":0,\\\"zoom\\\":2},\\\"hideLayerControl\\\":false,\\\"hideToolbarOverlay\\\":false,\\\"hideViewControl\\\":false,\\\"initialLocation\\\":\\\"LAST_SAVED_LOCATION\\\",\\\"keydownScrollZoom\\\":false,\\\"maxZoom\\\":24,\\\"minZoom\\\":0,\\\"showScaleControl\\\":false,\\\"showSpatialFilters\\\":true,\\\"showTimesliderToggleButton\\\":true,\\\"spatialFiltersAlpa\\\":0.3,\\\"spatialFiltersFillColor\\\":\\\"#DA8B45\\\",\\\"spatialFiltersLineColor\\\":\\\"#DA8B45\\\"},\\\"timeFilters\\\":{\\\"from\\\":\\\"now-15m\\\",\\\"to\\\":\\\"now\\\"},\\\"zoom\\\":2}\",\"title\":\"\",\"uiStateJSON\":\"{\\\"isLayerTOCOpen\\\":true,\\\"openTOCDetails\\\":[\\\"e19cf2c8-07fa-4166-96a1-5b88fd70c99c\\\"]}\"},\"description\":\"\",\"enhancements\":{\"dynamicActions\":{\"events\":[]}},\"hiddenLayers\":[],\"isLayerTOCOpen\":false,\"mapBuffer\":{\"maxLat\":66.51326,\"maxLon\":180,\"minLat\":0,\"minLon\":-225},\"mapCenter\":{\"lat\":33.66033,\"lon\":-20.41186,\"zoom\":2.45},\"openTOCDetails\":[]},\"gridData\":{\"h\":14,\"i\":\"d7d1fd46-c036-4b10-b680-1dca89945d5c\",\"w\":48,\"x\":0,\"y\":4},\"panelIndex\":\"d7d1fd46-c036-4b10-b680-1dca89945d5c\",\"title\":\"All access logs [Logs Nginx Ingress Controller]\",\"type\":\"map\"},{\"embeddableConfig\":{\"attributes\":{\"references\":[{\"id\":\"logs-*\",\"name\":\"indexpattern-datasource-layer-4913bcea-6c32-446f-b406-ddbf446bb526\",\"type\":\"index-pattern\"}],\"state\":{\"adHocDataViews\":{\"tsvb_ad_hoc_logs-*/@timestamp\":{\"allowHidden\":false,\"allowNoIndex\":false,\"fieldAttrs\":{},\"fieldFormats\":{},\"id\":\"tsvb_ad_hoc_logs-*/@timestamp\",\"name\":\"logs-*\",\"runtimeFieldMap\":{},\"sourceFilters\":[],\"timeFieldName\":\"@timestamp\",\"title\":\"logs-*\"}},\"datasourceStates\":{\"formBased\":{\"currentIndexPatternId\":\"logs-*\",\"layers\":{\"4913bcea-6c32-446f-b406-ddbf446bb526\":{\"columnOrder\":[\"86f153b3-6b36-4cbb-b536-1a887dba3fd6\",\"32f2afc8-6744-408a-8f48-111a78a5d2db\",\"cf405807-3edc-4e72-8c65-5cca849d664d\"],\"columns\":{\"32f2afc8-6744-408a-8f48-111a78a5d2db\":{\"dataType\":\"string\",\"isBucketed\":true,\"label\":\"Filters\",\"operationType\":\"filters\",\"params\":{\"filters\":[{\"input\":{\"language\":\"lucene\",\"query\":\"body.structured.http.response.status_code:[200 TO 299]\"},\"label\":\"200s\"},{\"input\":{\"language\":\"lucene\",\"query\":\"body.structured.http.response.status_code:[300 TO 399]\"},\"label\":\"300s\"},{\"input\":{\"language\":\"lucene\",\"query\":\"body.structured.http.response.status_code:[400 TO 499]\"},\"label\":\"400s\"},{\"input\":{\"language\":\"lucene\",\"query\":\"body.structured.http.response.status_code:[500 TO 599]\"},\"label\":\"500s\"}]},\"scale\":\"ordinal\"},\"86f153b3-6b36-4cbb-b536-1a887dba3fd6\":{\"dataType\":\"date\",\"isBucketed\":true,\"label\":\"@timestamp\",\"operationType\":\"date_histogram\",\"params\":{\"dropPartials\":true,\"includeEmptyRows\":true,\"interval\":\"auto\"},\"scale\":\"interval\",\"sourceField\":\"@timestamp\"},\"cf405807-3edc-4e72-8c65-5cca849d664d\":{\"dataType\":\"number\",\"isBucketed\":false,\"label\":\"Count of records\",\"operationType\":\"count\",\"params\":{\"emptyAsNull\":true},\"scale\":\"ratio\",\"sourceField\":\"___records___\"}},\"incompleteColumns\":{},\"indexPatternId\":\"logs-*\"}}},\"textBased\":{\"layers\":{}}},\"filters\":[],\"internalReferences\":[],\"query\":{\"language\":\"kuery\",\"query\":\"\"},\"visualization\":{\"axisTitlesVisibilitySettings\":{\"x\":true,\"yLeft\":false,\"yRight\":true},\"fillOpacity\":0.5,\"fittingFunction\":\"None\",\"gridlinesVisibilitySettings\":{\"x\":true,\"yLeft\":true,\"yRight\":true},\"labelsOrientation\":{\"x\":0,\"yLeft\":0,\"yRight\":0},\"layers\":[{\"accessors\":[\"cf405807-3edc-4e72-8c65-5cca849d664d\"],\"layerId\":\"4913bcea-6c32-446f-b406-ddbf446bb526\",\"layerType\":\"data\",\"palette\":{\"name\":\"default\",\"type\":\"palette\"},\"seriesType\":\"bar_stacked\",\"splitAccessor\":\"32f2afc8-6744-408a-8f48-111a78a5d2db\",\"xAccessor\":\"86f153b3-6b36-4cbb-b536-1a887dba3fd6\",\"yConfig\":[{\"axisMode\":\"left\",\"color\":\"#68BC00\",\"forAccessor\":\"cf405807-3edc-4e72-8c65-5cca849d664d\"}]}],\"legend\":{\"isVisible\":true,\"legendStats\":[\"currentAndLastValue\"],\"maxLines\":1,\"position\":\"bottom\",\"shouldTruncate\":true,\"showSingleSeries\":true},\"preferredSeriesType\":\"bar_stacked\",\"tickLabelsVisibilitySettings\":{\"x\":true,\"yLeft\":true,\"yRight\":true},\"valueLabels\":\"hide\",\"yLeftExtent\":{\"mode\":\"full\"},\"yLeftScale\":\"linear\",\"yRightExtent\":{\"mode\":\"full\"},\"yRightScale\":\"linear\",\"yTitle\":\"\"}},\"title\":\"\",\"type\":\"lens\",\"visualizationType\":\"lnsXY\"},\"enhancements\":{}},\"gridData\":{\"h\":12,\"i\":\"e3bc36d7-b5b1-49a8-9dc1-2eb5a53249b5\",\"w\":30,\"x\":0,\"y\":18},\"panelIndex\":\"e3bc36d7-b5b1-49a8-9dc1-2eb5a53249b5\",\"title\":\"Response codes over time\",\"type\":\"lens\"},{\"embeddableConfig\":{\"attributes\":{\"references\":[{\"id\":\"logs-*\",\"name\":\"indexpattern-datasource-layer-2b8af61f-0aab-4b9e-9d01-f429bdfda974\",\"type\":\"index-pattern\"}],\"state\":{\"adHocDataViews\":{\"tsvb_ad_hoc_logs-*/@timestamp\":{\"allowHidden\":false,\"allowNoIndex\":false,\"fieldAttrs\":{},\"fieldFormats\":{},\"id\":\"tsvb_ad_hoc_logs-*/@timestamp\",\"name\":\"logs-*\",\"runtimeFieldMap\":{},\"sourceFilters\":[],\"timeFieldName\":\"@timestamp\",\"title\":\"logs-*\"}},\"datasourceStates\":{\"formBased\":{\"currentIndexPatternId\":\"logs-*\",\"layers\":{\"2b8af61f-0aab-4b9e-9d01-f429bdfda974\":{\"columnOrder\":[\"90d8f4d3-4b1f-4a56-87d5-61ff0b4c5a82\",\"8af9bd52-ef95-46e5-816b-c7d41198b4bd\"],\"columns\":{\"8af9bd52-ef95-46e5-816b-c7d41198b4bd\":{\"dataType\":\"number\",\"isBucketed\":false,\"label\":\"Sum of body.structured.http.response.body.size\",\"operationType\":\"sum\",\"params\":{\"emptyAsNull\":true},\"scale\":\"ratio\",\"sourceField\":\"body.structured.http.response.body.size\"},\"90d8f4d3-4b1f-4a56-87d5-61ff0b4c5a82\":{\"dataType\":\"date\",\"isBucketed\":true,\"label\":\"@timestamp\",\"operationType\":\"date_histogram\",\"params\":{\"dropPartials\":true,\"includeEmptyRows\":true,\"interval\":\"auto\"},\"scale\":\"interval\",\"sourceField\":\"@timestamp\"}},\"incompleteColumns\":{},\"indexPatternId\":\"logs-*\"}}},\"textBased\":{\"layers\":{}}},\"filters\":[],\"internalReferences\":[],\"query\":{\"language\":\"kuery\",\"query\":\"\"},\"visualization\":{\"axisTitlesVisibilitySettings\":{\"x\":true,\"yLeft\":false,\"yRight\":true},\"fillOpacity\":0.5,\"fittingFunction\":\"None\",\"gridlinesVisibilitySettings\":{\"x\":true,\"yLeft\":true,\"yRight\":true},\"labelsOrientation\":{\"x\":0,\"yLeft\":0,\"yRight\":0},\"layers\":[{\"accessors\":[\"8af9bd52-ef95-46e5-816b-c7d41198b4bd\"],\"colorMapping\":{\"assignments\":[],\"colorMode\":{\"type\":\"categorical\"},\"paletteId\":\"eui_amsterdam_color_blind\",\"specialAssignments\":[{\"color\":{\"type\":\"loop\"},\"rule\":{\"type\":\"other\"},\"touched\":false}]},\"layerId\":\"2b8af61f-0aab-4b9e-9d01-f429bdfda974\",\"layerType\":\"data\",\"palette\":{\"name\":\"default\",\"type\":\"palette\"},\"seriesType\":\"area\",\"xAccessor\":\"90d8f4d3-4b1f-4a56-87d5-61ff0b4c5a82\",\"yConfig\":[]}],\"legend\":{\"isVisible\":true,\"legendStats\":[\"currentAndLastValue\"],\"maxLines\":1,\"position\":\"bottom\",\"shouldTruncate\":true,\"showSingleSeries\":true},\"preferredSeriesType\":\"area\",\"tickLabelsVisibilitySettings\":{\"x\":true,\"yLeft\":true,\"yRight\":true},\"valueLabels\":\"hide\",\"yLeftExtent\":{\"mode\":\"full\"},\"yLeftScale\":\"linear\",\"yRightExtent\":{\"mode\":\"full\"},\"yRightScale\":\"linear\",\"yTitle\":\"\"}},\"title\":\"\",\"type\":\"lens\",\"visualizationType\":\"lnsXY\"},\"enhancements\":{}},\"gridData\":{\"h\":12,\"i\":\"f9a3d54c-a715-4fa0-b9d9-224b966742b0\",\"w\":18,\"x\":30,\"y\":18},\"panelIndex\":\"f9a3d54c-a715-4fa0-b9d9-224b966742b0\",\"title\":\"Data volume\",\"type\":\"lens\"},{\"embeddableConfig\":{\"attributes\":{\"references\":[{\"id\":\"logs-*\",\"name\":\"indexpattern-datasource-layer-998e3f6a-4bf2-4e3e-bc2d-90bfd3e1d37b\",\"type\":\"index-pattern\"}],\"state\":{\"adHocDataViews\":{\"tsvb_ad_hoc_logs-*/@timestamp\":{\"allowNoIndex\":false,\"fieldAttrs\":{},\"fieldFormats\":{},\"id\":\"tsvb_ad_hoc_logs-*/@timestamp\",\"name\":\"logs-*\",\"runtimeFieldMap\":{},\"sourceFilters\":[],\"timeFieldName\":\"@timestamp\",\"title\":\"logs-*\"}},\"datasourceStates\":{\"formBased\":{\"currentIndexPatternId\":\"logs-*\",\"layers\":{\"998e3f6a-4bf2-4e3e-bc2d-90bfd3e1d37b\":{\"columnOrder\":[\"34faa48d-0a75-4d21-9a87-fbbfcbfc93ae\",\"df52322a-2e5e-4c57-9b5a-9f0e9b26b702\"],\"columns\":{\"34faa48d-0a75-4d21-9a87-fbbfcbfc93ae\":{\"dataType\":\"string\",\"isBucketed\":true,\"label\":\"Top 5 values of body.structured.upstream.name\",\"operationType\":\"terms\",\"params\":{\"exclude\":[],\"excludeIsRegex\":false,\"include\":[],\"includeIsRegex\":false,\"missingBucket\":false,\"orderBy\":{\"columnId\":\"df52322a-2e5e-4c57-9b5a-9f0e9b26b702\",\"type\":\"column\"},\"orderDirection\":\"desc\",\"otherBucket\":true,\"parentFormat\":{\"id\":\"terms\"},\"size\":5},\"scale\":\"ordinal\",\"sourceField\":\"body.structured.upstream.name\"},\"df52322a-2e5e-4c57-9b5a-9f0e9b26b702\":{\"dataType\":\"number\",\"isBucketed\":false,\"label\":\"Count of records\",\"operationType\":\"count\",\"params\":{\"emptyAsNull\":true},\"scale\":\"ratio\",\"sourceField\":\"___records___\"}},\"incompleteColumns\":{},\"indexPatternId\":\"logs-*\"}}},\"textBased\":{\"layers\":{}}},\"filters\":[],\"internalReferences\":[{\"id\":\"tsvb_ad_hoc_logs-*/@timestamp\",\"name\":\"indexpattern-datasource-layer-998e3f6a-4bf2-4e3e-bc2d-90bfd3e1d37b\",\"type\":\"index-pattern\"}],\"query\":{\"language\":\"kuery\",\"query\":\"\"},\"visualization\":{\"axisTitlesVisibilitySettings\":{\"x\":false,\"yLeft\":false,\"yRight\":false},\"fillOpacity\":0.5,\"fittingFunction\":\"None\",\"gridlinesVisibilitySettings\":{\"x\":false,\"yLeft\":false,\"yRight\":false},\"labelsOrientation\":{\"x\":0,\"yLeft\":0,\"yRight\":0},\"layers\":[{\"accessors\":[\"df52322a-2e5e-4c57-9b5a-9f0e9b26b702\"],\"layerId\":\"998e3f6a-4bf2-4e3e-bc2d-90bfd3e1d37b\",\"layerType\":\"data\",\"palette\":{\"name\":\"default\",\"type\":\"palette\"},\"seriesType\":\"bar_horizontal\",\"splitAccessor\":\"34faa48d-0a75-4d21-9a87-fbbfcbfc93ae\",\"yConfig\":[{\"axisMode\":\"left\",\"color\":\"#68BC00\",\"forAccessor\":\"df52322a-2e5e-4c57-9b5a-9f0e9b26b702\"}]}],\"legend\":{\"isVisible\":true,\"maxLines\":1,\"position\":\"right\",\"shouldTruncate\":true,\"showSingleSeries\":true},\"preferredSeriesType\":\"bar_stacked\",\"tickLabelsVisibilitySettings\":{\"x\":true,\"yLeft\":false,\"yRight\":false},\"valueLabels\":\"show\"}},\"title\":\"\",\"type\":\"lens\",\"visualizationType\":\"lnsXY\"},\"enhancements\":{}},\"gridData\":{\"h\":12,\"i\":\"fe13bfff-0599-440a-9aa9-ad7679bbbfbd\",\"w\":9,\"x\":0,\"y\":30},\"panelIndex\":\"fe13bfff-0599-440a-9aa9-ad7679bbbfbd\",\"title\":\"Top upstreams\",\"type\":\"lens\"},{\"embeddableConfig\":{\"attributes\":{\"references\":[{\"id\":\"logs-*\",\"name\":\"indexpattern-datasource-layer-aaff84a1-463c-4fa7-8835-6f12bb0c1677\",\"type\":\"index-pattern\"}],\"state\":{\"adHocDataViews\":{\"tsvb_ad_hoc_logs-*/@timestamp\":{\"allowHidden\":false,\"allowNoIndex\":false,\"fieldAttrs\":{},\"fieldFormats\":{},\"id\":\"tsvb_ad_hoc_logs-*/@timestamp\",\"name\":\"logs-*\",\"runtimeFieldMap\":{},\"sourceFilters\":[],\"timeFieldName\":\"@timestamp\",\"title\":\"logs-*\"}},\"datasourceStates\":{\"formBased\":{\"currentIndexPatternId\":\"logs-*\",\"layers\":{\"aaff84a1-463c-4fa7-8835-6f12bb0c1677\":{\"columnOrder\":[\"f9de6338-f4a8-4e5d-9cca-7e14acf3289e\",\"d7160b57-b4ab-4b81-9b29-6aacb1490fe8\"],\"columns\":{\"d7160b57-b4ab-4b81-9b29-6aacb1490fe8\":{\"dataType\":\"number\",\"isBucketed\":false,\"label\":\"Count of records\",\"operationType\":\"count\",\"params\":{\"emptyAsNull\":true},\"scale\":\"ratio\",\"sourceField\":\"___records___\"},\"f9de6338-f4a8-4e5d-9cca-7e14acf3289e\":{\"dataType\":\"string\",\"isBucketed\":true,\"label\":\"Top 5 values of body.structured.url.path\",\"operationType\":\"terms\",\"params\":{\"exclude\":[],\"excludeIsRegex\":false,\"include\":[],\"includeIsRegex\":false,\"missingBucket\":false,\"orderBy\":{\"columnId\":\"d7160b57-b4ab-4b81-9b29-6aacb1490fe8\",\"type\":\"column\"},\"orderDirection\":\"desc\",\"otherBucket\":true,\"parentFormat\":{\"id\":\"terms\"},\"size\":5},\"scale\":\"ordinal\",\"sourceField\":\"body.structured.url.path\"}},\"incompleteColumns\":{},\"indexPatternId\":\"logs-*\"}}},\"textBased\":{\"layers\":{}}},\"filters\":[],\"internalReferences\":[],\"query\":{\"language\":\"kuery\",\"query\":\"\"},\"visualization\":{\"axisTitlesVisibilitySettings\":{\"x\":false,\"yLeft\":false,\"yRight\":false},\"fillOpacity\":0.5,\"fittingFunction\":\"None\",\"gridlinesVisibilitySettings\":{\"x\":false,\"yLeft\":false,\"yRight\":false},\"labelsOrientation\":{\"x\":0,\"yLeft\":0,\"yRight\":0},\"layers\":[{\"accessors\":[\"d7160b57-b4ab-4b81-9b29-6aacb1490fe8\"],\"layerId\":\"aaff84a1-463c-4fa7-8835-6f12bb0c1677\",\"layerType\":\"data\",\"palette\":{\"name\":\"default\",\"type\":\"palette\"},\"seriesType\":\"bar_horizontal\",\"splitAccessor\":\"f9de6338-f4a8-4e5d-9cca-7e14acf3289e\",\"yConfig\":[]}],\"legend\":{\"isVisible\":true,\"maxLines\":1,\"position\":\"right\",\"shouldTruncate\":true,\"showSingleSeries\":true},\"preferredSeriesType\":\"bar_stacked\",\"tickLabelsVisibilitySettings\":{\"x\":true,\"yLeft\":false,\"yRight\":false},\"valueLabels\":\"show\"}},\"title\":\"\",\"type\":\"lens\",\"visualizationType\":\"lnsXY\"},\"enhancements\":{}},\"gridData\":{\"h\":12,\"i\":\"f1bd1d30-a859-4402-b956-2f27f90f9de9\",\"w\":9,\"x\":9,\"y\":30},\"panelIndex\":\"f1bd1d30-a859-4402-b956-2f27f90f9de9\",\"title\":\"Top pages\",\"type\":\"lens\"},{\"embeddableConfig\":{\"attributes\":{\"references\":[{\"id\":\"logs-*\",\"name\":\"indexpattern-datasource-layer-c05b5169-4825-4810-a75c-60318e276fbc\",\"type\":\"index-pattern\"}],\"state\":{\"adHocDataViews\":{},\"datasourceStates\":{\"formBased\":{\"currentIndexPatternId\":\"logs-*\",\"layers\":{\"c05b5169-4825-4810-a75c-60318e276fbc\":{\"columnOrder\":[\"43d65dde-f432-4eb9-97c2-d0d1b1812326\",\"04179554-166e-4ed0-ac92-6873f4430c09\"],\"columns\":{\"04179554-166e-4ed0-ac92-6873f4430c09\":{\"customLabel\":true,\"dataType\":\"number\",\"isBucketed\":false,\"label\":\"Count\",\"operationType\":\"count\",\"params\":{\"emptyAsNull\":true},\"scale\":\"ratio\",\"sourceField\":\"___records___\"},\"43d65dde-f432-4eb9-97c2-d0d1b1812326\":{\"dataType\":\"string\",\"isBucketed\":true,\"label\":\"Top 5 values of body.structured.user_agent.name\",\"operationType\":\"terms\",\"params\":{\"exclude\":[],\"excludeIsRegex\":false,\"include\":[],\"includeIsRegex\":false,\"missingBucket\":false,\"orderBy\":{\"columnId\":\"04179554-166e-4ed0-ac92-6873f4430c09\",\"type\":\"column\"},\"orderDirection\":\"desc\",\"otherBucket\":true,\"parentFormat\":{\"id\":\"terms\"},\"size\":5},\"scale\":\"ordinal\",\"sourceField\":\"body.structured.user_agent.name\"}},\"incompleteColumns\":{},\"indexPatternId\":\"logs-*\"}}},\"textBased\":{\"layers\":{}}},\"filters\":[],\"internalReferences\":[],\"query\":{\"language\":\"kuery\",\"query\":\"\"},\"visualization\":{\"layers\":[{\"categoryDisplay\":\"default\",\"emptySizeRatio\":0.3,\"layerId\":\"c05b5169-4825-4810-a75c-60318e276fbc\",\"layerType\":\"data\",\"legendDisplay\":\"show\",\"legendMaxLines\":1,\"legendPosition\":\"bottom\",\"legendSize\":\"auto\",\"legendStats\":[\"value\"],\"metrics\":[\"04179554-166e-4ed0-ac92-6873f4430c09\"],\"nestedLegend\":false,\"numberDisplay\":\"percent\",\"percentDecimals\":2,\"primaryGroups\":[\"43d65dde-f432-4eb9-97c2-d0d1b1812326\"],\"secondaryGroups\":[],\"truncateLegend\":true}],\"palette\":{\"name\":\"default\",\"type\":\"palette\"},\"shape\":\"donut\"}},\"title\":\"\",\"type\":\"lens\",\"visualizationType\":\"lnsPie\"},\"enhancements\":{}},\"gridData\":{\"h\":12,\"i\":\"2fc46469-984a-4e93-8f34-f4ed6644c09a\",\"w\":12,\"x\":18,\"y\":30},\"panelIndex\":\"2fc46469-984a-4e93-8f34-f4ed6644c09a\",\"title\":\"Browsers breakdown\",\"type\":\"lens\"},{\"embeddableConfig\":{\"attributes\":{\"references\":[{\"id\":\"logs-*\",\"name\":\"indexpattern-datasource-layer-e439eb6e-2f5e-4125-9971-9b2a78499b11\",\"type\":\"index-pattern\"}],\"state\":{\"adHocDataViews\":{\"tsvb_ad_hoc_logs-*/@timestamp\":{\"allowHidden\":false,\"allowNoIndex\":false,\"fieldAttrs\":{},\"fieldFormats\":{},\"id\":\"tsvb_ad_hoc_logs-*/@timestamp\",\"name\":\"logs-*\",\"runtimeFieldMap\":{},\"sourceFilters\":[],\"timeFieldName\":\"@timestamp\",\"title\":\"logs-*\"}},\"datasourceStates\":{\"formBased\":{\"currentIndexPatternId\":\"logs-*\",\"layers\":{\"e439eb6e-2f5e-4125-9971-9b2a78499b11\":{\"columnOrder\":[\"91fc4658-e36a-4117-95cd-81ad2f05c43c\",\"b2edd624-7979-4e67-b8b9-f6157daa86e9\",\"ce07d983-e71a-45f0-aea3-58d915e38947\"],\"columns\":{\"91fc4658-e36a-4117-95cd-81ad2f05c43c\":{\"dataType\":\"string\",\"isBucketed\":true,\"label\":\"Top 10 values of body.structured.url.original\",\"operationType\":\"terms\",\"params\":{\"exclude\":[],\"excludeIsRegex\":false,\"include\":[],\"includeIsRegex\":false,\"missingBucket\":false,\"orderBy\":{\"columnId\":\"ce07d983-e71a-45f0-aea3-58d915e38947\",\"type\":\"column\"},\"orderDirection\":\"desc\",\"otherBucket\":true,\"parentFormat\":{\"id\":\"terms\"},\"size\":10},\"scale\":\"ordinal\",\"sourceField\":\"body.structured.url.original\"},\"b2edd624-7979-4e67-b8b9-f6157daa86e9\":{\"dataType\":\"date\",\"isBucketed\":true,\"label\":\"@timestamp\",\"operationType\":\"date_histogram\",\"params\":{\"dropPartials\":true,\"includeEmptyRows\":true,\"interval\":\"auto\"},\"scale\":\"interval\",\"sourceField\":\"@timestamp\"},\"ce07d983-e71a-45f0-aea3-58d915e38947\":{\"dataType\":\"number\",\"isBucketed\":false,\"label\":\"Unique count of body.structured.upstream.response.size\",\"operationType\":\"unique_count\",\"params\":{\"emptyAsNull\":true,\"format\":{\"id\":\"bytes\",\"params\":{\"decimals\":0}}},\"scale\":\"ratio\",\"sourceField\":\"body.structured.upstream.response.size\"}},\"incompleteColumns\":{},\"indexPatternId\":\"logs-*\"}}},\"textBased\":{\"layers\":{}}},\"filters\":[],\"internalReferences\":[{\"id\":\"tsvb_ad_hoc_logs-*/@timestamp\",\"name\":\"indexpattern-datasource-layer-e439eb6e-2f5e-4125-9971-9b2a78499b11\",\"type\":\"index-pattern\"}],\"query\":{\"language\":\"kuery\",\"query\":\"\"},\"visualization\":{\"axisTitlesVisibilitySettings\":{\"x\":true,\"yLeft\":false,\"yRight\":true},\"fillOpacity\":0.5,\"fittingFunction\":\"None\",\"gridlinesVisibilitySettings\":{\"x\":true,\"yLeft\":true,\"yRight\":true},\"labelsOrientation\":{\"x\":0,\"yLeft\":0,\"yRight\":0},\"layers\":[{\"accessors\":[\"ce07d983-e71a-45f0-aea3-58d915e38947\"],\"layerId\":\"e439eb6e-2f5e-4125-9971-9b2a78499b11\",\"layerType\":\"data\",\"seriesType\":\"area\",\"splitAccessor\":\"91fc4658-e36a-4117-95cd-81ad2f05c43c\",\"xAccessor\":\"b2edd624-7979-4e67-b8b9-f6157daa86e9\",\"yConfig\":[{\"axisMode\":\"left\",\"color\":\"#68BC00\",\"forAccessor\":\"ce07d983-e71a-45f0-aea3-58d915e38947\"}]}],\"legend\":{\"isVisible\":true,\"legendStats\":[\"currentAndLastValue\"],\"maxLines\":1,\"position\":\"bottom\",\"shouldTruncate\":true,\"showSingleSeries\":true},\"preferredSeriesType\":\"bar_stacked\",\"tickLabelsVisibilitySettings\":{\"x\":true,\"yLeft\":true,\"yRight\":true},\"valueLabels\":\"hide\",\"yLeftExtent\":{\"mode\":\"full\"},\"yLeftScale\":\"linear\",\"yRightExtent\":{\"mode\":\"full\"},\"yRightScale\":\"linear\",\"yTitle\":\"\"}},\"title\":\"\",\"type\":\"lens\",\"visualizationType\":\"lnsXY\"},\"enhancements\":{}},\"gridData\":{\"h\":12,\"i\":\"0f4c08e9-c8ec-4f7f-8b75-114347569344\",\"w\":18,\"x\":30,\"y\":30},\"panelIndex\":\"0f4c08e9-c8ec-4f7f-8b75-114347569344\",\"title\":\"Request volume by path\",\"type\":\"lens\"},{\"embeddableConfig\":{\"attributes\":{\"layout\":\"horizontal\",\"links\":[{\"destinationRefName\":\"link_nginx_ingress_controller_otel-05a72585-3900-4944-b648-2f15907872d1_dashboard\",\"id\":\"nginx_ingress_controller_otel-05a72585-3900-4944-b648-2f15907872d1\",\"label\":\"Logs overview\",\"options\":{\"openInNewTab\":false,\"useCurrentDateRange\":true,\"useCurrentFilters\":false},\"order\":0,\"type\":\"dashboardLink\"},{\"destinationRefName\":\"link_nginx_ingress_controller_otel-30277d32-7af7-4a29-b5e2-a77e707d8471_dashboard\",\"id\":\"nginx_ingress_controller_otel-30277d32-7af7-4a29-b5e2-a77e707d8471\",\"label\":\"Access and error logs\",\"options\":{\"openInNewTab\":false,\"useCurrentDateRange\":true,\"useCurrentFilters\":false},\"order\":1,\"type\":\"dashboardLink\"}]},\"description\":\"\",\"enhancements\":{\"dynamicActions\":{\"events\":[]}}},\"gridData\":{\"h\":4,\"i\":\"29052dfb-c8a5-4abb-ac6c-8ab8d17493cc\",\"w\":48,\"x\":0,\"y\":0},\"panelIndex\":\"29052dfb-c8a5-4abb-ac6c-8ab8d17493cc\",\"title\":\"Dashboard navigation\",\"type\":\"links\"}]",
    "timeRestore": false,
    "title": "[OpenTelemetry] Logs Nginx Ingress Controller",
    "version": 2
  },
  "coreMigrationVersion": "8.8.0",
  "created_at": "2024-11-04T07:52:12.554Z",
  "created_by": "u_mGBROF_q5bmFCATbLXAcCwKa0k8JvONAwSruelyKA5E_0",
  "id": "nginx_ingress_controller_otel-05a72585-3900-4944-b648-2f15907872d1",
  "managed": false,
  "references": [
    {
      "id": "logs-*",
      "name": "kibanaSavedObjectMeta.searchSourceJSON.filter[0].meta.index",
      "type": "index-pattern"
    },
    {
      "id": "logs-*",
      "name": "e3bc36d7-b5b1-49a8-9dc1-2eb5a53249b5:indexpattern-datasource-layer-4913bcea-6c32-446f-b406-ddbf446bb526",
      "type": "index-pattern"
    },
    {
      "id": "logs-*",
      "name": "f9a3d54c-a715-4fa0-b9d9-224b966742b0:indexpattern-datasource-layer-2b8af61f-0aab-4b9e-9d01-f429bdfda974",
      "type": "index-pattern"
    },
    {
      "id": "logs-*",
      "name": "fe13bfff-0599-440a-9aa9-ad7679bbbfbd:indexpattern-datasource-layer-998e3f6a-4bf2-4e3e-bc2d-90bfd3e1d37b",
      "type": "index-pattern"
    },
    {
      "id": "logs-*",
      "name": "f1bd1d30-a859-4402-b956-2f27f90f9de9:indexpattern-datasource-layer-aaff84a1-463c-4fa7-8835-6f12bb0c1677",
      "type": "index-pattern"
    },
    {
      "id": "logs-*",
      "name": "2fc46469-984a-4e93-8f34-f4ed6644c09a:indexpattern-datasource-layer-c05b5169-4825-4810-a75c-60318e276fbc",
      "type": "index-pattern"
    },
    {
      "id": "logs-*",
      "name": "0f4c08e9-c8ec-4f7f-8b75-114347569344:indexpattern-datasource-layer-e439eb6e-2f5e-4125-9971-9b2a78499b11",
      "type": "index-pattern"
    },
    {
      "id": "logs-*",
      "name": "d7d1fd46-c036-4b10-b680-1dca89945d5c:layer_1_source_index_pattern",
      "type": "index-pattern"
    },
    {
      "id": "logs-*",
      "name": "controlGroup_5b9e3441-412e-4b93-b1b6-eaf346d114dc:optionsListDataView",
      "type": "index-pattern"
    },
    {
      "id": "nginx_ingress_controller_otel-05a72585-3900-4944-b648-2f15907872d1",
      "name": "29052dfb-c8a5-4abb-ac6c-8ab8d17493cc:link_nginx_ingress_controller_otel-05a72585-3900-4944-b648-2f15907872d1_dashboard",
      "type": "dashboard"
    },
    {
      "id": "nginx_ingress_controller_otel-30277d32-7af7-4a29-b5e2-a77e707d8471",
      "name": "29052dfb-c8a5-4abb-ac6c-8ab8d17493cc:link_nginx_ingress_controller_otel-30277d32-7af7-4a29-b5e2-a77e707d8471_dashboard",
      "type": "dashboard"
    }
  ],
  "type": "dashboard",
  "typeMigrationVersion": "10.2.0",
  "updated_by": "u_mGBROF_q5bmFCATbLXAcCwKa0k8JvONAwSruelyKA5E_0"
}