{
    "host.adapter.dhcp.enabled": "true",
    "host.adapter.ndis.version": "6.30",
    "host.adapter.driver.file_name": "ftvnic.sys",
    "host.adapter.driver.date": "2020-04-09",
    "host.os.name": "Microsoft Windows 11 Pro",
    "script.current_time": "2023-08-13T01:00:03Z",
    "script.type": "powershell",
    "host.adapter.virtual": "true",
    "host.ip": "10.154.5.200,fe80::c2c9:f4e0:eb65:2c33,192.168.56.1,fe80::5bed:2433:ff9d:efdb,172.16.0.1,fe80::e9d4:5969:ce85:2c87",
    "host.hostname": "DESKTOP-AF7CIQM",
    "host.adapter.ip": "",
    "host.hardware.manufacturer": "Dell Inc.",
    "host.adapter.driver.version": "2020.4.9.0",
    "script.start": "2023-08-13T01:00:02Z",
    "host.adapter.subnet_bit": "",
    "host.adapter.driver.name": "Driver Date 2020-04-09 Version 2020.4.9.0 NDIS 6.30",
    "host.adapter.mtu": "1500",
    "host.os.organization": "",
    "host.hardware.cpu.caption": "Intel64 Family 6 Model 141 Stepping 1",
    "host.adapter.domain": "",
    "host.adapter.vlan.id": "",
    "host.workgroup": "WORKGROUP",
    "host.hardware.serial_number": "HYLCKG3",
    "host.ipv4": "10.154.5.200,192.168.56.1,172.16.0.1",
    "host.os.version": "2009",
    "host.hardware.bios.name": "Dell Inc.",
    "host.type": "Workstation",
    "host.adapter.media.connection_state": "Disconnected",
    "host.adapter.ip_filter.enabled": "",
    "host.adapter.dhcp.server": "",
    "host.adapter.description": "Fortinet Virtual Ethernet Adapter (NDIS 6.30)",
    "host.adapter.id": "{F94CD5A5-14EB-4315-91FC-370093413BD2}",
    "host.hardware.owner": "justin.skidmore@tychon.io",
    "host.id": "47b5d5906f7d4b288a1366b2f6483148_4C4C4544-0059-4C10-8043-C8C04F4B4733_DESKTOP-AF7CIQM_WORKGROUP",
    "host.biossn": "4C4C4544-0059-4C10-8043-C8C04F4B4733",
    "host.adapter.dhcp.lease_obtained": "",
    "host.adapter.driver.description": "Fortinet Virtual Ethernet Adapter (NDIS 6.30)",
    "host.adapter.link_speed": "100 Mbps",
    "host.adapter.is_win_server": "",
    "host.oem.model": "XPS 17 9710",
    "host.uptime": {},
    "id": "{F94CD5A5-14EB-4315-91FC-370093413BD2}",
    "host.adapter.driver.provider": "Fortinet",
    "host.adapter.wifi.enabled": "false",
    "host.os.build": "22621",
    "host.adapter.mac": "00-09-0F-FE-00-01",
    "script.name": "Get-TychonNetworkAdapterInfo.ps1",
    "host.adapter.dhcp.lease_expires": "",
    "script.version": "2.3.36.0",
    "host.adapter.gateway": "",
    "host.oem.manufacturer": "Dell",
    "host.os.description": "",
    "host.domain": "",
    "script.current_duration": "1150.99",
    "host.ipv6": "fe80::c2c9:f4e0:eb65:2c33,fe80::5bed:2433:ff9d:efdb,fe80::e9d4:5969:ce85:2c87",
    "host.adapter.alias": "Ethernet 2",
    "host.hardware.bios.version": "1.20.1",
    "host.adapter.subnet": "",
    "host.adapter.media.type": "802.3",
    "host.mac": "60:E3:2B:4B:40:E2,0A:00:27:00:00:08,0A:00:27:00:00:0D",
    "host.os.family": "Windows"
}