{
    "@timestamp": "2017-10-12T08:05:34.853Z",
    "cloud": {
        "account": {
            "id": "elastic-obs-integrations-dev",
            "name": "elastic-obs-integrations-dev"
        },
        "instance": {
            "id": "4751091017865185079",
            "name": "gke-cluster-1-default-pool-6617a8aa-5clh"
        },
        "machine": {
            "type": "e2-medium"
        },
        "provider": "gcp",
        "availability_zone": "us-central1-c",
        "region": "us-central1"
    },
    "event": {
        "dataset": "gcp.compute",
        "duration": 115000,
        "module": "gcp"
    },
    "gcp": {
        "compute": {
            "firewall": {
                "dropped": {
                    "bytes": 421
                },
                "dropped_packets_count": {
                    "value": 4
                }
            },
            "instance": {
                "cpu": {
                    "reserved_cores": {
                        "value": 1
                    },
                    "usage": {
                        "pct": 0.07259952346383708
                    },
                    "usage_time": {
                        "sec": 4.355971407830225
                    }
                },
                "memory": {
                    "balloon": {
                        "ram_size": {
                            "value": 4128378880
                        },
                        "ram_used": {
                            "value": 2190848000
                        },
                        "swap_in": {
                            "bytes": 0
                        },
                        "swap_out": {
                            "bytes": 0
                        }
                    }
                },
                "uptime": {
                    "sec": 60.00000000000091
                }
            }
        },
        "labels": {
            "user": {
                "goog-gke-node": ""
            }
        }
    },
    "host": {
        "id": "4751091017865185079",
        "name": "gke-cluster-1-default-pool-6617a8aa-5clh"
    },
    "metricset": {
        "name": "compute",
        "period": 10000
    },
    "service": {
        "type": "gcp"
    }
}